ISO-10303-21;
HEADER;
/* Generated by software containing ST-Developer
 * from STEP Tools, Inc. (www.steptools.com) 
 */

FILE_DESCRIPTION(
/* description */ (''),
/* implementation_level */ '2;1');

FILE_NAME(
/* name */ 'BLOOM-2_centrifuge_assembly.step',
/* time_stamp */ '2026-08-08T02:44:12-04:00',
/* author */ (''),
/* organization */ (''),
/* preprocessor_version */ 'ST-DEVELOPER v20.1',
/* originating_system */ 'Autodesk Translation Framework v15.8.0.0',
/* authorisation */ '');

FILE_SCHEMA (('AUTOMOTIVE_DESIGN { 1 0 10303 214 3 1 1 }'));
ENDSEC;

DATA;
#10=MECHANICAL_DESIGN_GEOMETRIC_PRESENTATION_REPRESENTATION('',(#99,#100,
#101,#102,#103,#104,#105,#106,#107,#108,#109,#110,#111,#112,#113,#114,#115,
#116),#17971);
#11=ITEM_DEFINED_TRANSFORMATION($,$,#10733,#11636);
#12=ITEM_DEFINED_TRANSFORMATION($,$,#10919,#11637);
#13=ITEM_DEFINED_TRANSFORMATION($,$,#10992,#11638);
#14=ITEM_DEFINED_TRANSFORMATION($,$,#10992,#11639);
#15=ITEM_DEFINED_TRANSFORMATION($,$,#10992,#11640);
#16=ITEM_DEFINED_TRANSFORMATION($,$,#10992,#11641);
#17=ITEM_DEFINED_TRANSFORMATION($,$,#11027,#11642);
#18=ITEM_DEFINED_TRANSFORMATION($,$,#11027,#11643);
#19=ITEM_DEFINED_TRANSFORMATION($,$,#11027,#11644);
#20=ITEM_DEFINED_TRANSFORMATION($,$,#11027,#11645);
#21=ITEM_DEFINED_TRANSFORMATION($,$,#11059,#11646);
#22=ITEM_DEFINED_TRANSFORMATION($,$,#11101,#11647);
#23=ITEM_DEFINED_TRANSFORMATION($,$,#11151,#11648);
#24=(
REPRESENTATION_RELATIONSHIP($,$,#18006,#18005)
REPRESENTATION_RELATIONSHIP_WITH_TRANSFORMATION(#11)
SHAPE_REPRESENTATION_RELATIONSHIP()
);
#25=(
REPRESENTATION_RELATIONSHIP($,$,#18007,#18005)
REPRESENTATION_RELATIONSHIP_WITH_TRANSFORMATION(#12)
SHAPE_REPRESENTATION_RELATIONSHIP()
);
#26=(
REPRESENTATION_RELATIONSHIP($,$,#18008,#18005)
REPRESENTATION_RELATIONSHIP_WITH_TRANSFORMATION(#13)
SHAPE_REPRESENTATION_RELATIONSHIP()
);
#27=(
REPRESENTATION_RELATIONSHIP($,$,#18008,#18005)
REPRESENTATION_RELATIONSHIP_WITH_TRANSFORMATION(#14)
SHAPE_REPRESENTATION_RELATIONSHIP()
);
#28=(
REPRESENTATION_RELATIONSHIP($,$,#18008,#18005)
REPRESENTATION_RELATIONSHIP_WITH_TRANSFORMATION(#15)
SHAPE_REPRESENTATION_RELATIONSHIP()
);
#29=(
REPRESENTATION_RELATIONSHIP($,$,#18008,#18005)
REPRESENTATION_RELATIONSHIP_WITH_TRANSFORMATION(#16)
SHAPE_REPRESENTATION_RELATIONSHIP()
);
#30=(
REPRESENTATION_RELATIONSHIP($,$,#18009,#18005)
REPRESENTATION_RELATIONSHIP_WITH_TRANSFORMATION(#17)
SHAPE_REPRESENTATION_RELATIONSHIP()
);
#31=(
REPRESENTATION_RELATIONSHIP($,$,#18009,#18005)
REPRESENTATION_RELATIONSHIP_WITH_TRANSFORMATION(#18)
SHAPE_REPRESENTATION_RELATIONSHIP()
);
#32=(
REPRESENTATION_RELATIONSHIP($,$,#18009,#18005)
REPRESENTATION_RELATIONSHIP_WITH_TRANSFORMATION(#19)
SHAPE_REPRESENTATION_RELATIONSHIP()
);
#33=(
REPRESENTATION_RELATIONSHIP($,$,#18009,#18005)
REPRESENTATION_RELATIONSHIP_WITH_TRANSFORMATION(#20)
SHAPE_REPRESENTATION_RELATIONSHIP()
);
#34=(
REPRESENTATION_RELATIONSHIP($,$,#18010,#18005)
REPRESENTATION_RELATIONSHIP_WITH_TRANSFORMATION(#21)
SHAPE_REPRESENTATION_RELATIONSHIP()
);
#35=(
REPRESENTATION_RELATIONSHIP($,$,#18011,#18005)
REPRESENTATION_RELATIONSHIP_WITH_TRANSFORMATION(#22)
SHAPE_REPRESENTATION_RELATIONSHIP()
);
#36=(
REPRESENTATION_RELATIONSHIP($,$,#18012,#18005)
REPRESENTATION_RELATIONSHIP_WITH_TRANSFORMATION(#23)
SHAPE_REPRESENTATION_RELATIONSHIP()
);
#37=CONTEXT_DEPENDENT_SHAPE_REPRESENTATION(#24,#17992);
#38=CONTEXT_DEPENDENT_SHAPE_REPRESENTATION(#25,#17993);
#39=CONTEXT_DEPENDENT_SHAPE_REPRESENTATION(#26,#17994);
#40=CONTEXT_DEPENDENT_SHAPE_REPRESENTATION(#27,#17995);
#41=CONTEXT_DEPENDENT_SHAPE_REPRESENTATION(#28,#17996);
#42=CONTEXT_DEPENDENT_SHAPE_REPRESENTATION(#29,#17997);
#43=CONTEXT_DEPENDENT_SHAPE_REPRESENTATION(#30,#17998);
#44=CONTEXT_DEPENDENT_SHAPE_REPRESENTATION(#31,#17999);
#45=CONTEXT_DEPENDENT_SHAPE_REPRESENTATION(#32,#18000);
#46=CONTEXT_DEPENDENT_SHAPE_REPRESENTATION(#33,#18001);
#47=CONTEXT_DEPENDENT_SHAPE_REPRESENTATION(#34,#18002);
#48=CONTEXT_DEPENDENT_SHAPE_REPRESENTATION(#35,#18003);
#49=CONTEXT_DEPENDENT_SHAPE_REPRESENTATION(#36,#18004);
#50=NEXT_ASSEMBLY_USAGE_OCCURRENCE('01_CHASSIS:1','01_CHASSIS:1',
'01_CHASSIS:1',#18014,#18015,'01_CHASSIS:1');
#51=NEXT_ASSEMBLY_USAGE_OCCURRENCE('02_ROTOR_HUB:1','02_ROTOR_HUB:1',
'02_ROTOR_HUB:1',#18014,#18016,'02_ROTOR_HUB:1');
#52=NEXT_ASSEMBLY_USAGE_OCCURRENCE('03_ROTOR_ARM_MASTER_x4:1',
'03_ROTOR_ARM_MASTER_x4:1','03_ROTOR_ARM_MASTER_x4:1',#18014,#18017,
'03_ROTOR_ARM_MASTER_x4:1');
#53=NEXT_ASSEMBLY_USAGE_OCCURRENCE('03_ROTOR_ARM_MASTER_x4:2',
'03_ROTOR_ARM_MASTER_x4:2','03_ROTOR_ARM_MASTER_x4:2',#18014,#18017,
'03_ROTOR_ARM_MASTER_x4:2');
#54=NEXT_ASSEMBLY_USAGE_OCCURRENCE('03_ROTOR_ARM_MASTER_x4:3',
'03_ROTOR_ARM_MASTER_x4:3','03_ROTOR_ARM_MASTER_x4:3',#18014,#18017,
'03_ROTOR_ARM_MASTER_x4:3');
#55=NEXT_ASSEMBLY_USAGE_OCCURRENCE('03_ROTOR_ARM_MASTER_x4:4',
'03_ROTOR_ARM_MASTER_x4:4','03_ROTOR_ARM_MASTER_x4:4',#18014,#18017,
'03_ROTOR_ARM_MASTER_x4:4');
#56=NEXT_ASSEMBLY_USAGE_OCCURRENCE('04_SWING_BUCKET_MASTER_x4:1',
'04_SWING_BUCKET_MASTER_x4:1','04_SWING_BUCKET_MASTER_x4:1',#18014,#18018,
'04_SWING_BUCKET_MASTER_x4:1');
#57=NEXT_ASSEMBLY_USAGE_OCCURRENCE('04_SWING_BUCKET_MASTER_x4:2',
'04_SWING_BUCKET_MASTER_x4:2','04_SWING_BUCKET_MASTER_x4:2',#18014,#18018,
'04_SWING_BUCKET_MASTER_x4:2');
#58=NEXT_ASSEMBLY_USAGE_OCCURRENCE('04_SWING_BUCKET_MASTER_x4:3',
'04_SWING_BUCKET_MASTER_x4:3','04_SWING_BUCKET_MASTER_x4:3',#18014,#18018,
'04_SWING_BUCKET_MASTER_x4:3');
#59=NEXT_ASSEMBLY_USAGE_OCCURRENCE('04_SWING_BUCKET_MASTER_x4:4',
'04_SWING_BUCKET_MASTER_x4:4','04_SWING_BUCKET_MASTER_x4:4',#18014,#18018,
'04_SWING_BUCKET_MASTER_x4:4');
#60=NEXT_ASSEMBLY_USAGE_OCCURRENCE(
'05_REFERENCE_HARDWARE_NOT_PRINTED:1',
'05_REFERENCE_HARDWARE_NOT_PRINTED:1',
'05_REFERENCE_HARDWARE_NOT_PRINTED:1',#18014,#18019,
'05_REFERENCE_HARDWARE_NOT_PRINTED:1');
#61=NEXT_ASSEMBLY_USAGE_OCCURRENCE('06A_DIRECT_DRIVE_OPTION:1',
'06A_DIRECT_DRIVE_OPTION:1','06A_DIRECT_DRIVE_OPTION:1',#18014,#18020,
'06A_DIRECT_DRIVE_OPTION:1');
#62=NEXT_ASSEMBLY_USAGE_OCCURRENCE('06B_5TO1_GEAR_OPTION:1',
'06B_5TO1_GEAR_OPTION:1','06B_5TO1_GEAR_OPTION:1',#18014,#18021,
'06B_5TO1_GEAR_OPTION:1');
#63=B_SPLINE_CURVE_WITH_KNOTS('',3,(#15736,#15737,#15738,#15739,#15740,
#15741,#15742,#15743,#15744,#15745),.UNSPECIFIED.,.F.,.F.,(4,2,2,2,4),(0.,
0.0547508906914139,0.109501781382828,0.164250616819378,0.218999452255928),
 .UNSPECIFIED.);
#64=B_SPLINE_CURVE_WITH_KNOTS('',3,(#15747,#15748,#15749,#15750,#15751,
#15752,#15753,#15754,#15755,#15756),.UNSPECIFIED.,.F.,.F.,(4,2,2,2,4),(0.656998356767783,
0.711747192204333,0.766496027640883,0.821246918332297,0.875997809023711),
 .UNSPECIFIED.);
#65=B_SPLINE_CURVE_WITH_KNOTS('',3,(#15757,#15758,#15759,#15760,#15761,
#15762,#15763,#15764,#15765,#15766,#15767,#15768,#15769,#15770,#15771,#15772,
#15773,#15774),.UNSPECIFIED.,.F.,.F.,(4,2,2,2,2,2,2,2,4),(0.218999452255928,
0.273748287692477,0.328497123129027,0.383248013820441,0.437998904511855,
0.492749795203269,0.547500685894683,0.602249521331233,0.656998356767783),
 .UNSPECIFIED.);
#66=B_SPLINE_CURVE_WITH_KNOTS('',3,(#15778,#15779,#15780,#15781,#15782,
#15783,#15784,#15785,#15786,#15787,#15788,#15789,#15790,#15791,#15792,#15793,
#15794,#15795),.UNSPECIFIED.,.F.,.F.,(4,2,2,2,2,2,2,2,4),(0.22055908536519,
0.275682416665654,0.330805747966118,0.385961959348249,0.44111817073038,
0.496274382112511,0.551430593494642,0.606553924795106,0.66167725609557),
 .UNSPECIFIED.);
#67=B_SPLINE_CURVE_WITH_KNOTS('',3,(#15797,#15798,#15799,#15800,#15801,
#15802,#15803,#15804,#15805,#15806),.UNSPECIFIED.,.F.,.F.,(4,2,2,2,4),(0.,
0.0551562113821311,0.110312422764262,0.165435754064726,0.22055908536519),
 .UNSPECIFIED.);
#68=B_SPLINE_CURVE_WITH_KNOTS('',3,(#15807,#15808,#15809,#15810,#15811,
#15812,#15813,#15814,#15815,#15816),.UNSPECIFIED.,.F.,.F.,(4,2,2,2,4),(0.66167725609557,
0.716800587396034,0.771923918696498,0.827080130078629,0.88223634146076),
 .UNSPECIFIED.);
#69=B_SPLINE_CURVE_WITH_KNOTS('',3,(#15820,#15821,#15822,#15823,#15824,
#15825,#15826,#15827,#15828,#15829),.UNSPECIFIED.,.F.,.F.,(4,2,2,2,4),(0.,
0.0551562113821311,0.110312422764262,0.165435754064726,0.22055908536519),
 .UNSPECIFIED.);
#70=B_SPLINE_CURVE_WITH_KNOTS('',3,(#15830,#15831,#15832,#15833,#15834,
#15835,#15836,#15837,#15838,#15839,#15840,#15841,#15842,#15843,#15844,#15845,
#15846,#15847,#15848,#15849,#15850,#15851,#15852,#15853,#15854,#15855),
 .UNSPECIFIED.,.F.,.F.,(4,2,2,2,2,2,2,2,2,2,2,2,4),(0.22055908536519,0.275682416665654,
0.330805747966118,0.385961959348249,0.44111817073038,0.496274382112511,
0.551430593494642,0.606553924795106,0.66167725609557,0.716800587396034,
0.771923918696498,0.827080130078629,0.88223634146076),.UNSPECIFIED.);
#71=B_SPLINE_CURVE_WITH_KNOTS('',3,(#15859,#15860,#15861,#15862,#15863,
#15864,#15865,#15866,#15867,#15868,#15869,#15870,#15871,#15872,#15873,#15874,
#15875,#15876,#15877,#15878,#15879,#15880,#15881,#15882,#15883,#15884),
 .UNSPECIFIED.,.F.,.F.,(4,2,2,2,2,2,2,2,2,2,2,2,4),(0.,0.054750890691414,
0.109501781382828,0.164250616819378,0.218999452255928,0.273748287692478,
0.328497123129028,0.383248013820442,0.437998904511856,0.49274979520327,
0.547500685894684,0.602249521331233,0.656998356767783),.UNSPECIFIED.);
#72=B_SPLINE_CURVE_WITH_KNOTS('',3,(#15885,#15886,#15887,#15888,#15889,
#15890,#15891,#15892,#15893,#15894),.UNSPECIFIED.,.F.,.F.,(4,2,2,2,4),(0.656998356767783,
0.711747192204333,0.766496027640883,0.821246918332297,0.875997809023711),
 .UNSPECIFIED.);
#73=B_SPLINE_CURVE_WITH_KNOTS('',3,(#15898,#15899,#15900,#15901,#15902,
#15903,#15904,#15905,#15906,#15907),.UNSPECIFIED.,.F.,.F.,(4,2,2,2,4),(0.,
0.054750890691414,0.109501781382828,0.164250616819378,0.218999452255928),
 .UNSPECIFIED.);
#74=B_SPLINE_CURVE_WITH_KNOTS('',3,(#15909,#15910,#15911,#15912,#15913,
#15914,#15915,#15916,#15917,#15918),.UNSPECIFIED.,.F.,.F.,(4,2,2,2,4),(0.656998356767783,
0.711747192204333,0.766496027640883,0.821246918332297,0.875997809023711),
 .UNSPECIFIED.);
#75=B_SPLINE_CURVE_WITH_KNOTS('',3,(#15919,#15920,#15921,#15922,#15923,
#15924,#15925,#15926,#15927,#15928,#15929,#15930,#15931,#15932,#15933,#15934,
#15935,#15936),.UNSPECIFIED.,.F.,.F.,(4,2,2,2,2,2,2,2,4),(0.218999452255928,
0.273748287692478,0.328497123129028,0.383248013820442,0.437998904511856,
0.49274979520327,0.547500685894683,0.602249521331233,0.656998356767783),
 .UNSPECIFIED.);
#76=B_SPLINE_CURVE_WITH_KNOTS('',3,(#15940,#15941,#15942,#15943,#15944,
#15945,#15946,#15947,#15948,#15949,#15950,#15951,#15952,#15953,#15954,#15955,
#15956,#15957,#15958,#15959,#15960,#15961),.UNSPECIFIED.,.F.,.F.,(4,2,2,
2,2,2,2,2,2,2,4),(0.241066997157833,0.299483791055489,0.357900584953144,
0.420017289634406,0.451075641975036,0.482133994315667,0.513192346656298,
0.544250698996928,0.606367403678189,0.664784197575845,0.7232009914735),
 .UNSPECIFIED.);
#77=B_SPLINE_CURVE_WITH_KNOTS('',3,(#15963,#15964,#15965,#15966,#15967,
#15968,#15969,#15970,#15971,#15972,#15973,#15974),.UNSPECIFIED.,.F.,.F.,
(4,2,2,2,2,4),(0.,0.0310583523406306,0.0621167046812613,0.124233409362523,
0.182650203260178,0.241066997157833),.UNSPECIFIED.);
#78=B_SPLINE_CURVE_WITH_KNOTS('',3,(#15975,#15976,#15977,#15978,#15979,
#15980,#15981,#15982,#15983,#15984,#15985,#15986),.UNSPECIFIED.,.F.,.F.,
(4,2,2,2,2,4),(0.7232009914735,0.781617785371156,0.840034579268812,0.902151283950073,
0.933209636290703,0.964267988631334),.UNSPECIFIED.);
#79=B_SPLINE_CURVE_WITH_KNOTS('',3,(#15990,#15991,#15992,#15993,#15994,
#15995,#15996,#15997,#15998,#15999,#16000,#16001),.UNSPECIFIED.,.F.,.F.,
(4,2,2,2,2,4),(0.,0.0310583523406306,0.0621167046812613,0.124233409362523,
0.182650203260178,0.241066997157834),.UNSPECIFIED.);
#80=B_SPLINE_CURVE_WITH_KNOTS('',3,(#16002,#16003,#16004,#16005,#16006,
#16007,#16008,#16009,#16010,#16011,#16012,#16013,#16014,#16015,#16016,#16017,
#16018,#16019,#16020,#16021,#16022,#16023,#16024,#16025,#16026,#16027,#16028,
#16029,#16030,#16031,#16032,#16033),.UNSPECIFIED.,.F.,.F.,(4,2,2,2,2,2,
2,2,2,2,2,2,2,2,2,4),(0.241066997157834,0.299483791055489,0.357900584953145,
0.420017289634406,0.451075641975036,0.482133994315667,0.513192346656298,
0.544250698996928,0.60636740367819,0.664784197575845,0.723200991473501,
0.781617785371156,0.840034579268812,0.902151283950073,0.933209636290703,
0.964267988631334),.UNSPECIFIED.);
#81=B_SPLINE_CURVE_WITH_KNOTS('',3,(#16037,#16038,#16039,#16040,#16041,
#16042,#16043,#16044,#16045,#16046,#16047,#16048,#16049,#16050,#16051,#16052,
#16053,#16054,#16055,#16056,#16057,#16058,#16059,#16060,#16061,#16062),
 .UNSPECIFIED.,.F.,.F.,(4,2,2,2,2,2,2,2,2,2,2,2,4),(0.,0.054750890691414,
0.109501781382828,0.164250616819378,0.218999452255928,0.273748287692478,
0.328497123129028,0.383248013820442,0.437998904511856,0.49274979520327,
0.547500685894683,0.602249521331233,0.656998356767783),.UNSPECIFIED.);
#82=B_SPLINE_CURVE_WITH_KNOTS('',3,(#16063,#16064,#16065,#16066,#16067,
#16068,#16069,#16070,#16071,#16072),.UNSPECIFIED.,.F.,.F.,(4,2,2,2,4),(0.656998356767783,
0.711747192204333,0.766496027640883,0.821246918332297,0.875997809023711),
 .UNSPECIFIED.);
#83=ORIENTED_CLOSED_SHELL('',*,#10641,.F.);
#84=BREP_WITH_VOIDS('Swing_Bucket_15mL_90deg_Stop',#10640,(#83));
#85=SHAPE_REPRESENTATION_RELATIONSHIP('SRR','None',#18006,#92);
#86=SHAPE_REPRESENTATION_RELATIONSHIP('SRR','None',#18007,#93);
#87=SHAPE_REPRESENTATION_RELATIONSHIP('SRR','None',#18008,#94);
#88=SHAPE_REPRESENTATION_RELATIONSHIP('SRR','None',#18009,#95);
#89=SHAPE_REPRESENTATION_RELATIONSHIP('SRR','None',#18010,#96);
#90=SHAPE_REPRESENTATION_RELATIONSHIP('SRR','None',#18011,#97);
#91=SHAPE_REPRESENTATION_RELATIONSHIP('SRR','None',#18012,#98);
#92=ADVANCED_BREP_SHAPE_REPRESENTATION('',(#117),#17964);
#93=ADVANCED_BREP_SHAPE_REPRESENTATION('',(#118),#17965);
#94=ADVANCED_BREP_SHAPE_REPRESENTATION('',(#119,#120,#121),#17966);
#95=ADVANCED_BREP_SHAPE_REPRESENTATION('',(#84),#17967);
#96=ADVANCED_BREP_SHAPE_REPRESENTATION('',(#122,#123,#124,#125,#126,#127,
#128),#17968);
#97=ADVANCED_BREP_SHAPE_REPRESENTATION('',(#129,#130),#17969);
#98=ADVANCED_BREP_SHAPE_REPRESENTATION('',(#131,#132,#133),#17970);
#99=STYLED_ITEM('',(#18049),#117);
#100=STYLED_ITEM('',(#18049),#118);
#101=STYLED_ITEM('',(#18049),#119);
#102=STYLED_ITEM('',(#18049),#120);
#103=STYLED_ITEM('',(#18049),#121);
#104=STYLED_ITEM('',(#18049),#84);
#105=STYLED_ITEM('',(#18049),#122);
#106=STYLED_ITEM('',(#18049),#123);
#107=STYLED_ITEM('',(#18049),#124);
#108=STYLED_ITEM('',(#18049),#125);
#109=STYLED_ITEM('',(#18049),#126);
#110=STYLED_ITEM('',(#18049),#127);
#111=STYLED_ITEM('',(#18049),#128);
#112=STYLED_ITEM('',(#18049),#129);
#113=STYLED_ITEM('',(#18049),#130);
#114=STYLED_ITEM('',(#18049),#131);
#115=STYLED_ITEM('',(#18049),#132);
#116=STYLED_ITEM('',(#18049),#133);
#117=MANIFOLD_SOLID_BREP('Chassis_BearingTower_SensorBosses',#10635);
#118=MANIFOLD_SOLID_BREP('Rotor_Hub_4Arm_Interface_IR_Target',#10636);
#119=MANIFOLD_SOLID_BREP('Rotor_Arm_With_90deg_Stop_Clevis',#10637);
#120=MANIFOLD_SOLID_BREP('Rotor_Arm_With_90deg_Stop_Clevis',#10638);
#121=MANIFOLD_SOLID_BREP('Rotor_Arm_With_90deg_Stop_Clevis',#10639);
#122=MANIFOLD_SOLID_BREP('8mm_Shaft_100mm',#10642);
#123=MANIFOLD_SOLID_BREP('608ZZ_Lower',#10643);
#124=MANIFOLD_SOLID_BREP('608ZZ_Upper',#10644);
#125=MANIFOLD_SOLID_BREP('M3_Pivot_Pin_1',#10645);
#126=MANIFOLD_SOLID_BREP('M3_Pivot_Pin_2',#10646);
#127=MANIFOLD_SOLID_BREP('M3_Pivot_Pin_3',#10647);
#128=MANIFOLD_SOLID_BREP('M3_Pivot_Pin_4',#10648);
#129=MANIFOLD_SOLID_BREP('Direct_Drive_Motor_Plate_A2212',#10649);
#130=MANIFOLD_SOLID_BREP('Direct_Coupler_3p17_to_8mm',#10650);
#131=MANIFOLD_SOLID_BREP('Gear_Drive_Slotted_Motor_Plate',#10651);
#132=MANIFOLD_SOLID_BREP('Driven_Gear_60T_Module1_PROTOTYPE',#10652);
#133=MANIFOLD_SOLID_BREP('Motor_Pinion_12T_Module1_PROTOTYPE',#10653);
#134=FACE_BOUND('',#1186,.T.);
#135=FACE_BOUND('',#1187,.T.);
#136=FACE_BOUND('',#1188,.T.);
#137=FACE_BOUND('',#1189,.T.);
#138=FACE_BOUND('',#1190,.T.);
#139=FACE_BOUND('',#1207,.T.);
#140=FACE_BOUND('',#1208,.T.);
#141=FACE_BOUND('',#1218,.T.);
#142=FACE_BOUND('',#1219,.T.);
#143=FACE_BOUND('',#1243,.T.);
#144=FACE_BOUND('',#1245,.T.);
#145=FACE_BOUND('',#1248,.T.);
#146=FACE_BOUND('',#1273,.T.);
#147=FACE_BOUND('',#1274,.T.);
#148=FACE_BOUND('',#1275,.T.);
#149=FACE_BOUND('',#1276,.T.);
#150=FACE_BOUND('',#1277,.T.);
#151=FACE_BOUND('',#1278,.T.);
#152=FACE_BOUND('',#1279,.T.);
#153=FACE_BOUND('',#1280,.T.);
#154=FACE_BOUND('',#1281,.T.);
#155=FACE_BOUND('',#1282,.T.);
#156=FACE_BOUND('',#1283,.T.);
#157=FACE_BOUND('',#1284,.T.);
#158=FACE_BOUND('',#1285,.T.);
#159=FACE_BOUND('',#1286,.T.);
#160=FACE_BOUND('',#1287,.T.);
#161=FACE_BOUND('',#1288,.T.);
#162=FACE_BOUND('',#1289,.T.);
#163=FACE_BOUND('',#1300,.T.);
#164=FACE_BOUND('',#1303,.T.);
#165=FACE_BOUND('',#1312,.T.);
#166=FACE_BOUND('',#1313,.T.);
#167=FACE_BOUND('',#1314,.T.);
#168=FACE_BOUND('',#1315,.T.);
#169=FACE_BOUND('',#1316,.T.);
#170=FACE_BOUND('',#1317,.T.);
#171=FACE_BOUND('',#1318,.T.);
#172=FACE_BOUND('',#1319,.T.);
#173=FACE_BOUND('',#1320,.T.);
#174=FACE_BOUND('',#1321,.T.);
#175=FACE_BOUND('',#1322,.T.);
#176=FACE_BOUND('',#1323,.T.);
#177=FACE_BOUND('',#1334,.T.);
#178=FACE_BOUND('',#1335,.T.);
#179=FACE_BOUND('',#1336,.T.);
#180=FACE_BOUND('',#1337,.T.);
#181=FACE_BOUND('',#1338,.T.);
#182=FACE_BOUND('',#1339,.T.);
#183=FACE_BOUND('',#1340,.T.);
#184=FACE_BOUND('',#1341,.T.);
#185=FACE_BOUND('',#1342,.T.);
#186=FACE_BOUND('',#1343,.T.);
#187=FACE_BOUND('',#1344,.T.);
#188=FACE_BOUND('',#1345,.T.);
#189=FACE_BOUND('',#1346,.T.);
#190=FACE_BOUND('',#1372,.T.);
#191=FACE_BOUND('',#1376,.T.);
#192=FACE_BOUND('',#1380,.T.);
#193=FACE_BOUND('',#1384,.T.);
#194=FACE_BOUND('',#1392,.T.);
#195=FACE_BOUND('',#1393,.T.);
#196=FACE_BOUND('',#1395,.T.);
#197=FACE_BOUND('',#1396,.T.);
#198=FACE_BOUND('',#1408,.T.);
#199=FACE_BOUND('',#1416,.T.);
#200=FACE_BOUND('',#1430,.T.);
#201=FACE_BOUND('',#1432,.T.);
#202=FACE_BOUND('',#1436,.T.);
#203=FACE_BOUND('',#1438,.T.);
#204=FACE_BOUND('',#1461,.T.);
#205=FACE_BOUND('',#1462,.T.);
#206=FACE_BOUND('',#1463,.T.);
#207=FACE_BOUND('',#1464,.T.);
#208=FACE_BOUND('',#1465,.T.);
#209=FACE_BOUND('',#1466,.T.);
#210=FACE_BOUND('',#1467,.T.);
#211=FACE_BOUND('',#1468,.T.);
#212=FACE_BOUND('',#1469,.T.);
#213=FACE_BOUND('',#1471,.T.);
#214=FACE_BOUND('',#1472,.T.);
#215=FACE_BOUND('',#1473,.T.);
#216=FACE_BOUND('',#1474,.T.);
#217=FACE_BOUND('',#1475,.T.);
#218=FACE_BOUND('',#1476,.T.);
#219=FACE_BOUND('',#1477,.T.);
#220=FACE_BOUND('',#1478,.T.);
#221=FACE_BOUND('',#1479,.T.);
#222=FACE_BOUND('',#1489,.T.);
#223=FACE_BOUND('',#1491,.T.);
#224=FACE_BOUND('',#1493,.T.);
#225=FACE_BOUND('',#1495,.T.);
#226=FACE_BOUND('',#1496,.T.);
#227=FACE_BOUND('',#1498,.T.);
#228=FACE_BOUND('',#1500,.T.);
#229=FACE_BOUND('',#1510,.T.);
#230=FACE_BOUND('',#1511,.T.);
#231=FACE_BOUND('',#1512,.T.);
#232=FACE_BOUND('',#1513,.T.);
#233=FACE_BOUND('',#1514,.T.);
#234=FACE_BOUND('',#1515,.T.);
#235=FACE_BOUND('',#1516,.T.);
#236=FACE_BOUND('',#1517,.T.);
#237=FACE_BOUND('',#1519,.T.);
#238=FACE_BOUND('',#1520,.T.);
#239=FACE_BOUND('',#1521,.T.);
#240=FACE_BOUND('',#1522,.T.);
#241=FACE_BOUND('',#1523,.T.);
#242=FACE_BOUND('',#1524,.T.);
#243=FACE_BOUND('',#1525,.T.);
#244=FACE_BOUND('',#1526,.T.);
#245=FACE_BOUND('',#1540,.T.);
#246=FACE_BOUND('',#1541,.T.);
#247=FACE_BOUND('',#1542,.T.);
#248=FACE_BOUND('',#1543,.T.);
#249=FACE_BOUND('',#1544,.T.);
#250=FACE_BOUND('',#1783,.T.);
#251=FACE_BOUND('',#1784,.T.);
#252=FACE_BOUND('',#1785,.T.);
#253=FACE_BOUND('',#1786,.T.);
#254=FACE_BOUND('',#1787,.T.);
#255=FACE_BOUND('',#1793,.T.);
#256=FACE_BOUND('',#1840,.T.);
#257=PLANE('',#10737);
#258=PLANE('',#10743);
#259=PLANE('',#10744);
#260=PLANE('',#10750);
#261=PLANE('',#10756);
#262=PLANE('',#10758);
#263=PLANE('',#10780);
#264=PLANE('',#10802);
#265=PLANE('',#10806);
#266=PLANE('',#10810);
#267=PLANE('',#10814);
#268=PLANE('',#10818);
#269=PLANE('',#10822);
#270=PLANE('',#10823);
#271=PLANE('',#10824);
#272=PLANE('',#10825);
#273=PLANE('',#10826);
#274=PLANE('',#10830);
#275=PLANE('',#10834);
#276=PLANE('',#10835);
#277=PLANE('',#10836);
#278=PLANE('',#10837);
#279=PLANE('',#10838);
#280=PLANE('',#10839);
#281=PLANE('',#10840);
#282=PLANE('',#10841);
#283=PLANE('',#10842);
#284=PLANE('',#10843);
#285=PLANE('',#10844);
#286=PLANE('',#10845);
#287=PLANE('',#10846);
#288=PLANE('',#10850);
#289=PLANE('',#10851);
#290=PLANE('',#10852);
#291=PLANE('',#10853);
#292=PLANE('',#10854);
#293=PLANE('',#10855);
#294=PLANE('',#10856);
#295=PLANE('',#10857);
#296=PLANE('',#10858);
#297=PLANE('',#10859);
#298=PLANE('',#10863);
#299=PLANE('',#10864);
#300=PLANE('',#10868);
#301=PLANE('',#10877);
#302=PLANE('',#10878);
#303=PLANE('',#10879);
#304=PLANE('',#10880);
#305=PLANE('',#10881);
#306=PLANE('',#10882);
#307=PLANE('',#10883);
#308=PLANE('',#10884);
#309=PLANE('',#10885);
#310=PLANE('',#10886);
#311=PLANE('',#10887);
#312=PLANE('',#10888);
#313=PLANE('',#10889);
#314=PLANE('',#10902);
#315=PLANE('',#10905);
#316=PLANE('',#10906);
#317=PLANE('',#10907);
#318=PLANE('',#10908);
#319=PLANE('',#10909);
#320=PLANE('',#10910);
#321=PLANE('',#10911);
#322=PLANE('',#10914);
#323=PLANE('',#10918);
#324=PLANE('',#10920);
#325=PLANE('',#10922);
#326=PLANE('',#10923);
#327=PLANE('',#10924);
#328=PLANE('',#10925);
#329=PLANE('',#10926);
#330=PLANE('',#10927);
#331=PLANE('',#10928);
#332=PLANE('',#10957);
#333=PLANE('',#10958);
#334=PLANE('',#10959);
#335=PLANE('',#10960);
#336=PLANE('',#10975);
#337=PLANE('',#10976);
#338=PLANE('',#10977);
#339=PLANE('',#10981);
#340=PLANE('',#10982);
#341=PLANE('',#10983);
#342=PLANE('',#10987);
#343=PLANE('',#10988);
#344=PLANE('',#10989);
#345=PLANE('',#10996);
#346=PLANE('',#10997);
#347=PLANE('',#10998);
#348=PLANE('',#10999);
#349=PLANE('',#11000);
#350=PLANE('',#11001);
#351=PLANE('',#11002);
#352=PLANE('',#11003);
#353=PLANE('',#11004);
#354=PLANE('',#11005);
#355=PLANE('',#11007);
#356=PLANE('',#11008);
#357=PLANE('',#11009);
#358=PLANE('',#11011);
#359=PLANE('',#11012);
#360=PLANE('',#11013);
#361=PLANE('',#11021);
#362=PLANE('',#11022);
#363=PLANE('',#11023);
#364=PLANE('',#11024);
#365=PLANE('',#11025);
#366=PLANE('',#11026);
#367=PLANE('',#11028);
#368=PLANE('',#11029);
#369=PLANE('',#11030);
#370=PLANE('',#11031);
#371=PLANE('',#11032);
#372=PLANE('',#11033);
#373=PLANE('',#11034);
#374=PLANE('',#11036);
#375=PLANE('',#11039);
#376=PLANE('',#11041);
#377=PLANE('',#11044);
#378=PLANE('',#11045);
#379=PLANE('',#11046);
#380=PLANE('',#11047);
#381=PLANE('',#11049);
#382=PLANE('',#11053);
#383=PLANE('',#11054);
#384=PLANE('',#11058);
#385=PLANE('',#11063);
#386=PLANE('',#11064);
#387=PLANE('',#11071);
#388=PLANE('',#11072);
#389=PLANE('',#11079);
#390=PLANE('',#11080);
#391=PLANE('',#11084);
#392=PLANE('',#11085);
#393=PLANE('',#11089);
#394=PLANE('',#11090);
#395=PLANE('',#11094);
#396=PLANE('',#11095);
#397=PLANE('',#11099);
#398=PLANE('',#11100);
#399=PLANE('',#11129);
#400=PLANE('',#11130);
#401=PLANE('',#11131);
#402=PLANE('',#11132);
#403=PLANE('',#11133);
#404=PLANE('',#11134);
#405=PLANE('',#11142);
#406=PLANE('',#11149);
#407=PLANE('',#11150);
#408=PLANE('',#11176);
#409=PLANE('',#11177);
#410=PLANE('',#11178);
#411=PLANE('',#11179);
#412=PLANE('',#11180);
#413=PLANE('',#11181);
#414=PLANE('',#11197);
#415=PLANE('',#11198);
#416=PLANE('',#11199);
#417=PLANE('',#11200);
#418=PLANE('',#11263);
#419=PLANE('',#11264);
#420=PLANE('',#11265);
#421=PLANE('',#11268);
#422=PLANE('',#11269);
#423=PLANE('',#11270);
#424=PLANE('',#11273);
#425=PLANE('',#11274);
#426=PLANE('',#11275);
#427=PLANE('',#11278);
#428=PLANE('',#11279);
#429=PLANE('',#11280);
#430=PLANE('',#11283);
#431=PLANE('',#11284);
#432=PLANE('',#11285);
#433=PLANE('',#11288);
#434=PLANE('',#11289);
#435=PLANE('',#11290);
#436=PLANE('',#11293);
#437=PLANE('',#11294);
#438=PLANE('',#11295);
#439=PLANE('',#11298);
#440=PLANE('',#11299);
#441=PLANE('',#11300);
#442=PLANE('',#11303);
#443=PLANE('',#11304);
#444=PLANE('',#11305);
#445=PLANE('',#11308);
#446=PLANE('',#11309);
#447=PLANE('',#11310);
#448=PLANE('',#11313);
#449=PLANE('',#11314);
#450=PLANE('',#11315);
#451=PLANE('',#11318);
#452=PLANE('',#11319);
#453=PLANE('',#11320);
#454=PLANE('',#11323);
#455=PLANE('',#11324);
#456=PLANE('',#11325);
#457=PLANE('',#11328);
#458=PLANE('',#11329);
#459=PLANE('',#11330);
#460=PLANE('',#11333);
#461=PLANE('',#11334);
#462=PLANE('',#11335);
#463=PLANE('',#11338);
#464=PLANE('',#11339);
#465=PLANE('',#11340);
#466=PLANE('',#11343);
#467=PLANE('',#11344);
#468=PLANE('',#11345);
#469=PLANE('',#11348);
#470=PLANE('',#11349);
#471=PLANE('',#11350);
#472=PLANE('',#11353);
#473=PLANE('',#11354);
#474=PLANE('',#11355);
#475=PLANE('',#11358);
#476=PLANE('',#11359);
#477=PLANE('',#11360);
#478=PLANE('',#11363);
#479=PLANE('',#11364);
#480=PLANE('',#11365);
#481=PLANE('',#11368);
#482=PLANE('',#11369);
#483=PLANE('',#11370);
#484=PLANE('',#11373);
#485=PLANE('',#11374);
#486=PLANE('',#11375);
#487=PLANE('',#11378);
#488=PLANE('',#11379);
#489=PLANE('',#11380);
#490=PLANE('',#11383);
#491=PLANE('',#11384);
#492=PLANE('',#11385);
#493=PLANE('',#11388);
#494=PLANE('',#11389);
#495=PLANE('',#11390);
#496=PLANE('',#11393);
#497=PLANE('',#11394);
#498=PLANE('',#11395);
#499=PLANE('',#11398);
#500=PLANE('',#11399);
#501=PLANE('',#11400);
#502=PLANE('',#11403);
#503=PLANE('',#11404);
#504=PLANE('',#11405);
#505=PLANE('',#11408);
#506=PLANE('',#11409);
#507=PLANE('',#11410);
#508=PLANE('',#11413);
#509=PLANE('',#11414);
#510=PLANE('',#11415);
#511=PLANE('',#11418);
#512=PLANE('',#11419);
#513=PLANE('',#11420);
#514=PLANE('',#11423);
#515=PLANE('',#11424);
#516=PLANE('',#11425);
#517=PLANE('',#11428);
#518=PLANE('',#11429);
#519=PLANE('',#11430);
#520=PLANE('',#11433);
#521=PLANE('',#11434);
#522=PLANE('',#11435);
#523=PLANE('',#11438);
#524=PLANE('',#11439);
#525=PLANE('',#11440);
#526=PLANE('',#11443);
#527=PLANE('',#11444);
#528=PLANE('',#11445);
#529=PLANE('',#11448);
#530=PLANE('',#11449);
#531=PLANE('',#11450);
#532=PLANE('',#11453);
#533=PLANE('',#11454);
#534=PLANE('',#11455);
#535=PLANE('',#11458);
#536=PLANE('',#11459);
#537=PLANE('',#11460);
#538=PLANE('',#11463);
#539=PLANE('',#11464);
#540=PLANE('',#11465);
#541=PLANE('',#11468);
#542=PLANE('',#11469);
#543=PLANE('',#11470);
#544=PLANE('',#11473);
#545=PLANE('',#11474);
#546=PLANE('',#11475);
#547=PLANE('',#11478);
#548=PLANE('',#11479);
#549=PLANE('',#11480);
#550=PLANE('',#11483);
#551=PLANE('',#11484);
#552=PLANE('',#11485);
#553=PLANE('',#11488);
#554=PLANE('',#11489);
#555=PLANE('',#11490);
#556=PLANE('',#11493);
#557=PLANE('',#11494);
#558=PLANE('',#11495);
#559=PLANE('',#11498);
#560=PLANE('',#11499);
#561=PLANE('',#11500);
#562=PLANE('',#11503);
#563=PLANE('',#11504);
#564=PLANE('',#11505);
#565=PLANE('',#11508);
#566=PLANE('',#11509);
#567=PLANE('',#11510);
#568=PLANE('',#11513);
#569=PLANE('',#11514);
#570=PLANE('',#11515);
#571=PLANE('',#11518);
#572=PLANE('',#11519);
#573=PLANE('',#11520);
#574=PLANE('',#11523);
#575=PLANE('',#11524);
#576=PLANE('',#11525);
#577=PLANE('',#11528);
#578=PLANE('',#11529);
#579=PLANE('',#11530);
#580=PLANE('',#11533);
#581=PLANE('',#11534);
#582=PLANE('',#11535);
#583=PLANE('',#11538);
#584=PLANE('',#11539);
#585=PLANE('',#11540);
#586=PLANE('',#11543);
#587=PLANE('',#11544);
#588=PLANE('',#11545);
#589=PLANE('',#11548);
#590=PLANE('',#11549);
#591=PLANE('',#11550);
#592=PLANE('',#11553);
#593=PLANE('',#11554);
#594=PLANE('',#11555);
#595=PLANE('',#11558);
#596=PLANE('',#11562);
#597=PLANE('',#11563);
#598=PLANE('',#11564);
#599=PLANE('',#11565);
#600=PLANE('',#11580);
#601=PLANE('',#11581);
#602=PLANE('',#11582);
#603=PLANE('',#11585);
#604=PLANE('',#11586);
#605=PLANE('',#11587);
#606=PLANE('',#11590);
#607=PLANE('',#11591);
#608=PLANE('',#11592);
#609=PLANE('',#11595);
#610=PLANE('',#11596);
#611=PLANE('',#11597);
#612=PLANE('',#11600);
#613=PLANE('',#11601);
#614=PLANE('',#11602);
#615=PLANE('',#11605);
#616=PLANE('',#11606);
#617=PLANE('',#11607);
#618=PLANE('',#11610);
#619=PLANE('',#11611);
#620=PLANE('',#11612);
#621=PLANE('',#11615);
#622=PLANE('',#11616);
#623=PLANE('',#11617);
#624=PLANE('',#11620);
#625=PLANE('',#11621);
#626=PLANE('',#11622);
#627=PLANE('',#11625);
#628=PLANE('',#11626);
#629=PLANE('',#11627);
#630=PLANE('',#11630);
#631=PLANE('',#11631);
#632=PLANE('',#11632);
#633=PLANE('',#11635);
#634=FACE_OUTER_BOUND('',#1176,.T.);
#635=FACE_OUTER_BOUND('',#1177,.T.);
#636=FACE_OUTER_BOUND('',#1178,.T.);
#637=FACE_OUTER_BOUND('',#1179,.T.);
#638=FACE_OUTER_BOUND('',#1180,.T.);
#639=FACE_OUTER_BOUND('',#1181,.T.);
#640=FACE_OUTER_BOUND('',#1182,.T.);
#641=FACE_OUTER_BOUND('',#1183,.T.);
#642=FACE_OUTER_BOUND('',#1184,.T.);
#643=FACE_OUTER_BOUND('',#1185,.T.);
#644=FACE_OUTER_BOUND('',#1191,.T.);
#645=FACE_OUTER_BOUND('',#1192,.T.);
#646=FACE_OUTER_BOUND('',#1193,.T.);
#647=FACE_OUTER_BOUND('',#1194,.T.);
#648=FACE_OUTER_BOUND('',#1195,.T.);
#649=FACE_OUTER_BOUND('',#1196,.T.);
#650=FACE_OUTER_BOUND('',#1197,.T.);
#651=FACE_OUTER_BOUND('',#1198,.T.);
#652=FACE_OUTER_BOUND('',#1199,.T.);
#653=FACE_OUTER_BOUND('',#1200,.T.);
#654=FACE_OUTER_BOUND('',#1201,.T.);
#655=FACE_OUTER_BOUND('',#1202,.T.);
#656=FACE_OUTER_BOUND('',#1203,.T.);
#657=FACE_OUTER_BOUND('',#1204,.T.);
#658=FACE_OUTER_BOUND('',#1205,.T.);
#659=FACE_OUTER_BOUND('',#1206,.T.);
#660=FACE_OUTER_BOUND('',#1209,.T.);
#661=FACE_OUTER_BOUND('',#1210,.T.);
#662=FACE_OUTER_BOUND('',#1211,.T.);
#663=FACE_OUTER_BOUND('',#1212,.T.);
#664=FACE_OUTER_BOUND('',#1213,.T.);
#665=FACE_OUTER_BOUND('',#1214,.T.);
#666=FACE_OUTER_BOUND('',#1215,.T.);
#667=FACE_OUTER_BOUND('',#1216,.T.);
#668=FACE_OUTER_BOUND('',#1217,.T.);
#669=FACE_OUTER_BOUND('',#1220,.T.);
#670=FACE_OUTER_BOUND('',#1221,.T.);
#671=FACE_OUTER_BOUND('',#1222,.T.);
#672=FACE_OUTER_BOUND('',#1223,.T.);
#673=FACE_OUTER_BOUND('',#1224,.T.);
#674=FACE_OUTER_BOUND('',#1225,.T.);
#675=FACE_OUTER_BOUND('',#1226,.T.);
#676=FACE_OUTER_BOUND('',#1227,.T.);
#677=FACE_OUTER_BOUND('',#1228,.T.);
#678=FACE_OUTER_BOUND('',#1229,.T.);
#679=FACE_OUTER_BOUND('',#1230,.T.);
#680=FACE_OUTER_BOUND('',#1231,.T.);
#681=FACE_OUTER_BOUND('',#1232,.T.);
#682=FACE_OUTER_BOUND('',#1233,.T.);
#683=FACE_OUTER_BOUND('',#1234,.T.);
#684=FACE_OUTER_BOUND('',#1235,.T.);
#685=FACE_OUTER_BOUND('',#1236,.T.);
#686=FACE_OUTER_BOUND('',#1237,.T.);
#687=FACE_OUTER_BOUND('',#1238,.T.);
#688=FACE_OUTER_BOUND('',#1239,.T.);
#689=FACE_OUTER_BOUND('',#1240,.T.);
#690=FACE_OUTER_BOUND('',#1241,.T.);
#691=FACE_OUTER_BOUND('',#1242,.T.);
#692=FACE_OUTER_BOUND('',#1244,.T.);
#693=FACE_OUTER_BOUND('',#1246,.T.);
#694=FACE_OUTER_BOUND('',#1247,.T.);
#695=FACE_OUTER_BOUND('',#1249,.T.);
#696=FACE_OUTER_BOUND('',#1250,.T.);
#697=FACE_OUTER_BOUND('',#1251,.T.);
#698=FACE_OUTER_BOUND('',#1252,.T.);
#699=FACE_OUTER_BOUND('',#1253,.T.);
#700=FACE_OUTER_BOUND('',#1254,.T.);
#701=FACE_OUTER_BOUND('',#1255,.T.);
#702=FACE_OUTER_BOUND('',#1256,.T.);
#703=FACE_OUTER_BOUND('',#1257,.T.);
#704=FACE_OUTER_BOUND('',#1258,.T.);
#705=FACE_OUTER_BOUND('',#1259,.T.);
#706=FACE_OUTER_BOUND('',#1260,.T.);
#707=FACE_OUTER_BOUND('',#1261,.T.);
#708=FACE_OUTER_BOUND('',#1262,.T.);
#709=FACE_OUTER_BOUND('',#1263,.T.);
#710=FACE_OUTER_BOUND('',#1264,.T.);
#711=FACE_OUTER_BOUND('',#1265,.T.);
#712=FACE_OUTER_BOUND('',#1266,.T.);
#713=FACE_OUTER_BOUND('',#1267,.T.);
#714=FACE_OUTER_BOUND('',#1268,.T.);
#715=FACE_OUTER_BOUND('',#1269,.T.);
#716=FACE_OUTER_BOUND('',#1270,.T.);
#717=FACE_OUTER_BOUND('',#1271,.T.);
#718=FACE_OUTER_BOUND('',#1272,.T.);
#719=FACE_OUTER_BOUND('',#1290,.T.);
#720=FACE_OUTER_BOUND('',#1291,.T.);
#721=FACE_OUTER_BOUND('',#1292,.T.);
#722=FACE_OUTER_BOUND('',#1293,.T.);
#723=FACE_OUTER_BOUND('',#1294,.T.);
#724=FACE_OUTER_BOUND('',#1295,.T.);
#725=FACE_OUTER_BOUND('',#1296,.T.);
#726=FACE_OUTER_BOUND('',#1297,.T.);
#727=FACE_OUTER_BOUND('',#1298,.T.);
#728=FACE_OUTER_BOUND('',#1299,.T.);
#729=FACE_OUTER_BOUND('',#1301,.T.);
#730=FACE_OUTER_BOUND('',#1302,.T.);
#731=FACE_OUTER_BOUND('',#1304,.T.);
#732=FACE_OUTER_BOUND('',#1305,.T.);
#733=FACE_OUTER_BOUND('',#1306,.T.);
#734=FACE_OUTER_BOUND('',#1307,.T.);
#735=FACE_OUTER_BOUND('',#1308,.T.);
#736=FACE_OUTER_BOUND('',#1309,.T.);
#737=FACE_OUTER_BOUND('',#1310,.T.);
#738=FACE_OUTER_BOUND('',#1311,.T.);
#739=FACE_OUTER_BOUND('',#1324,.T.);
#740=FACE_OUTER_BOUND('',#1325,.T.);
#741=FACE_OUTER_BOUND('',#1326,.T.);
#742=FACE_OUTER_BOUND('',#1327,.T.);
#743=FACE_OUTER_BOUND('',#1328,.T.);
#744=FACE_OUTER_BOUND('',#1329,.T.);
#745=FACE_OUTER_BOUND('',#1330,.T.);
#746=FACE_OUTER_BOUND('',#1331,.T.);
#747=FACE_OUTER_BOUND('',#1332,.T.);
#748=FACE_OUTER_BOUND('',#1333,.T.);
#749=FACE_OUTER_BOUND('',#1347,.T.);
#750=FACE_OUTER_BOUND('',#1348,.T.);
#751=FACE_OUTER_BOUND('',#1349,.T.);
#752=FACE_OUTER_BOUND('',#1350,.T.);
#753=FACE_OUTER_BOUND('',#1351,.T.);
#754=FACE_OUTER_BOUND('',#1352,.T.);
#755=FACE_OUTER_BOUND('',#1353,.T.);
#756=FACE_OUTER_BOUND('',#1354,.T.);
#757=FACE_OUTER_BOUND('',#1355,.T.);
#758=FACE_OUTER_BOUND('',#1356,.T.);
#759=FACE_OUTER_BOUND('',#1357,.T.);
#760=FACE_OUTER_BOUND('',#1358,.T.);
#761=FACE_OUTER_BOUND('',#1359,.T.);
#762=FACE_OUTER_BOUND('',#1360,.T.);
#763=FACE_OUTER_BOUND('',#1361,.T.);
#764=FACE_OUTER_BOUND('',#1362,.T.);
#765=FACE_OUTER_BOUND('',#1363,.T.);
#766=FACE_OUTER_BOUND('',#1364,.T.);
#767=FACE_OUTER_BOUND('',#1365,.T.);
#768=FACE_OUTER_BOUND('',#1366,.T.);
#769=FACE_OUTER_BOUND('',#1367,.T.);
#770=FACE_OUTER_BOUND('',#1368,.T.);
#771=FACE_OUTER_BOUND('',#1369,.T.);
#772=FACE_OUTER_BOUND('',#1370,.T.);
#773=FACE_OUTER_BOUND('',#1371,.T.);
#774=FACE_OUTER_BOUND('',#1373,.T.);
#775=FACE_OUTER_BOUND('',#1374,.T.);
#776=FACE_OUTER_BOUND('',#1375,.T.);
#777=FACE_OUTER_BOUND('',#1377,.T.);
#778=FACE_OUTER_BOUND('',#1378,.T.);
#779=FACE_OUTER_BOUND('',#1379,.T.);
#780=FACE_OUTER_BOUND('',#1381,.T.);
#781=FACE_OUTER_BOUND('',#1382,.T.);
#782=FACE_OUTER_BOUND('',#1383,.T.);
#783=FACE_OUTER_BOUND('',#1385,.T.);
#784=FACE_OUTER_BOUND('',#1386,.T.);
#785=FACE_OUTER_BOUND('',#1387,.T.);
#786=FACE_OUTER_BOUND('',#1388,.T.);
#787=FACE_OUTER_BOUND('',#1389,.T.);
#788=FACE_OUTER_BOUND('',#1390,.T.);
#789=FACE_OUTER_BOUND('',#1391,.T.);
#790=FACE_OUTER_BOUND('',#1394,.T.);
#791=FACE_OUTER_BOUND('',#1397,.T.);
#792=FACE_OUTER_BOUND('',#1398,.T.);
#793=FACE_OUTER_BOUND('',#1399,.T.);
#794=FACE_OUTER_BOUND('',#1400,.T.);
#795=FACE_OUTER_BOUND('',#1401,.T.);
#796=FACE_OUTER_BOUND('',#1402,.T.);
#797=FACE_OUTER_BOUND('',#1403,.T.);
#798=FACE_OUTER_BOUND('',#1404,.T.);
#799=FACE_OUTER_BOUND('',#1405,.T.);
#800=FACE_OUTER_BOUND('',#1406,.T.);
#801=FACE_OUTER_BOUND('',#1407,.T.);
#802=FACE_OUTER_BOUND('',#1409,.T.);
#803=FACE_OUTER_BOUND('',#1410,.T.);
#804=FACE_OUTER_BOUND('',#1411,.T.);
#805=FACE_OUTER_BOUND('',#1412,.T.);
#806=FACE_OUTER_BOUND('',#1413,.T.);
#807=FACE_OUTER_BOUND('',#1414,.T.);
#808=FACE_OUTER_BOUND('',#1415,.T.);
#809=FACE_OUTER_BOUND('',#1417,.T.);
#810=FACE_OUTER_BOUND('',#1418,.T.);
#811=FACE_OUTER_BOUND('',#1419,.T.);
#812=FACE_OUTER_BOUND('',#1420,.T.);
#813=FACE_OUTER_BOUND('',#1421,.T.);
#814=FACE_OUTER_BOUND('',#1422,.T.);
#815=FACE_OUTER_BOUND('',#1423,.T.);
#816=FACE_OUTER_BOUND('',#1424,.T.);
#817=FACE_OUTER_BOUND('',#1425,.T.);
#818=FACE_OUTER_BOUND('',#1426,.T.);
#819=FACE_OUTER_BOUND('',#1427,.T.);
#820=FACE_OUTER_BOUND('',#1428,.T.);
#821=FACE_OUTER_BOUND('',#1429,.T.);
#822=FACE_OUTER_BOUND('',#1431,.T.);
#823=FACE_OUTER_BOUND('',#1433,.T.);
#824=FACE_OUTER_BOUND('',#1434,.T.);
#825=FACE_OUTER_BOUND('',#1435,.T.);
#826=FACE_OUTER_BOUND('',#1437,.T.);
#827=FACE_OUTER_BOUND('',#1439,.T.);
#828=FACE_OUTER_BOUND('',#1440,.T.);
#829=FACE_OUTER_BOUND('',#1441,.T.);
#830=FACE_OUTER_BOUND('',#1442,.T.);
#831=FACE_OUTER_BOUND('',#1443,.T.);
#832=FACE_OUTER_BOUND('',#1444,.T.);
#833=FACE_OUTER_BOUND('',#1445,.T.);
#834=FACE_OUTER_BOUND('',#1446,.T.);
#835=FACE_OUTER_BOUND('',#1447,.T.);
#836=FACE_OUTER_BOUND('',#1448,.T.);
#837=FACE_OUTER_BOUND('',#1449,.T.);
#838=FACE_OUTER_BOUND('',#1450,.T.);
#839=FACE_OUTER_BOUND('',#1451,.T.);
#840=FACE_OUTER_BOUND('',#1452,.T.);
#841=FACE_OUTER_BOUND('',#1453,.T.);
#842=FACE_OUTER_BOUND('',#1454,.T.);
#843=FACE_OUTER_BOUND('',#1455,.T.);
#844=FACE_OUTER_BOUND('',#1456,.T.);
#845=FACE_OUTER_BOUND('',#1457,.T.);
#846=FACE_OUTER_BOUND('',#1458,.T.);
#847=FACE_OUTER_BOUND('',#1459,.T.);
#848=FACE_OUTER_BOUND('',#1460,.T.);
#849=FACE_OUTER_BOUND('',#1470,.T.);
#850=FACE_OUTER_BOUND('',#1480,.T.);
#851=FACE_OUTER_BOUND('',#1481,.T.);
#852=FACE_OUTER_BOUND('',#1482,.T.);
#853=FACE_OUTER_BOUND('',#1483,.T.);
#854=FACE_OUTER_BOUND('',#1484,.T.);
#855=FACE_OUTER_BOUND('',#1485,.T.);
#856=FACE_OUTER_BOUND('',#1486,.T.);
#857=FACE_OUTER_BOUND('',#1487,.T.);
#858=FACE_OUTER_BOUND('',#1488,.T.);
#859=FACE_OUTER_BOUND('',#1490,.T.);
#860=FACE_OUTER_BOUND('',#1492,.T.);
#861=FACE_OUTER_BOUND('',#1494,.T.);
#862=FACE_OUTER_BOUND('',#1497,.T.);
#863=FACE_OUTER_BOUND('',#1499,.T.);
#864=FACE_OUTER_BOUND('',#1501,.T.);
#865=FACE_OUTER_BOUND('',#1502,.T.);
#866=FACE_OUTER_BOUND('',#1503,.T.);
#867=FACE_OUTER_BOUND('',#1504,.T.);
#868=FACE_OUTER_BOUND('',#1505,.T.);
#869=FACE_OUTER_BOUND('',#1506,.T.);
#870=FACE_OUTER_BOUND('',#1507,.T.);
#871=FACE_OUTER_BOUND('',#1508,.T.);
#872=FACE_OUTER_BOUND('',#1509,.T.);
#873=FACE_OUTER_BOUND('',#1518,.T.);
#874=FACE_OUTER_BOUND('',#1527,.T.);
#875=FACE_OUTER_BOUND('',#1528,.T.);
#876=FACE_OUTER_BOUND('',#1529,.T.);
#877=FACE_OUTER_BOUND('',#1530,.T.);
#878=FACE_OUTER_BOUND('',#1531,.T.);
#879=FACE_OUTER_BOUND('',#1532,.T.);
#880=FACE_OUTER_BOUND('',#1533,.T.);
#881=FACE_OUTER_BOUND('',#1534,.T.);
#882=FACE_OUTER_BOUND('',#1535,.T.);
#883=FACE_OUTER_BOUND('',#1536,.T.);
#884=FACE_OUTER_BOUND('',#1537,.T.);
#885=FACE_OUTER_BOUND('',#1538,.T.);
#886=FACE_OUTER_BOUND('',#1539,.T.);
#887=FACE_OUTER_BOUND('',#1545,.T.);
#888=FACE_OUTER_BOUND('',#1546,.T.);
#889=FACE_OUTER_BOUND('',#1547,.T.);
#890=FACE_OUTER_BOUND('',#1548,.T.);
#891=FACE_OUTER_BOUND('',#1549,.T.);
#892=FACE_OUTER_BOUND('',#1550,.T.);
#893=FACE_OUTER_BOUND('',#1551,.T.);
#894=FACE_OUTER_BOUND('',#1552,.T.);
#895=FACE_OUTER_BOUND('',#1553,.T.);
#896=FACE_OUTER_BOUND('',#1554,.T.);
#897=FACE_OUTER_BOUND('',#1555,.T.);
#898=FACE_OUTER_BOUND('',#1556,.T.);
#899=FACE_OUTER_BOUND('',#1557,.T.);
#900=FACE_OUTER_BOUND('',#1558,.T.);
#901=FACE_OUTER_BOUND('',#1559,.T.);
#902=FACE_OUTER_BOUND('',#1560,.T.);
#903=FACE_OUTER_BOUND('',#1561,.T.);
#904=FACE_OUTER_BOUND('',#1562,.T.);
#905=FACE_OUTER_BOUND('',#1563,.T.);
#906=FACE_OUTER_BOUND('',#1564,.T.);
#907=FACE_OUTER_BOUND('',#1565,.T.);
#908=FACE_OUTER_BOUND('',#1566,.T.);
#909=FACE_OUTER_BOUND('',#1567,.T.);
#910=FACE_OUTER_BOUND('',#1568,.T.);
#911=FACE_OUTER_BOUND('',#1569,.T.);
#912=FACE_OUTER_BOUND('',#1570,.T.);
#913=FACE_OUTER_BOUND('',#1571,.T.);
#914=FACE_OUTER_BOUND('',#1572,.T.);
#915=FACE_OUTER_BOUND('',#1573,.T.);
#916=FACE_OUTER_BOUND('',#1574,.T.);
#917=FACE_OUTER_BOUND('',#1575,.T.);
#918=FACE_OUTER_BOUND('',#1576,.T.);
#919=FACE_OUTER_BOUND('',#1577,.T.);
#920=FACE_OUTER_BOUND('',#1578,.T.);
#921=FACE_OUTER_BOUND('',#1579,.T.);
#922=FACE_OUTER_BOUND('',#1580,.T.);
#923=FACE_OUTER_BOUND('',#1581,.T.);
#924=FACE_OUTER_BOUND('',#1582,.T.);
#925=FACE_OUTER_BOUND('',#1583,.T.);
#926=FACE_OUTER_BOUND('',#1584,.T.);
#927=FACE_OUTER_BOUND('',#1585,.T.);
#928=FACE_OUTER_BOUND('',#1586,.T.);
#929=FACE_OUTER_BOUND('',#1587,.T.);
#930=FACE_OUTER_BOUND('',#1588,.T.);
#931=FACE_OUTER_BOUND('',#1589,.T.);
#932=FACE_OUTER_BOUND('',#1590,.T.);
#933=FACE_OUTER_BOUND('',#1591,.T.);
#934=FACE_OUTER_BOUND('',#1592,.T.);
#935=FACE_OUTER_BOUND('',#1593,.T.);
#936=FACE_OUTER_BOUND('',#1594,.T.);
#937=FACE_OUTER_BOUND('',#1595,.T.);
#938=FACE_OUTER_BOUND('',#1596,.T.);
#939=FACE_OUTER_BOUND('',#1597,.T.);
#940=FACE_OUTER_BOUND('',#1598,.T.);
#941=FACE_OUTER_BOUND('',#1599,.T.);
#942=FACE_OUTER_BOUND('',#1600,.T.);
#943=FACE_OUTER_BOUND('',#1601,.T.);
#944=FACE_OUTER_BOUND('',#1602,.T.);
#945=FACE_OUTER_BOUND('',#1603,.T.);
#946=FACE_OUTER_BOUND('',#1604,.T.);
#947=FACE_OUTER_BOUND('',#1605,.T.);
#948=FACE_OUTER_BOUND('',#1606,.T.);
#949=FACE_OUTER_BOUND('',#1607,.T.);
#950=FACE_OUTER_BOUND('',#1608,.T.);
#951=FACE_OUTER_BOUND('',#1609,.T.);
#952=FACE_OUTER_BOUND('',#1610,.T.);
#953=FACE_OUTER_BOUND('',#1611,.T.);
#954=FACE_OUTER_BOUND('',#1612,.T.);
#955=FACE_OUTER_BOUND('',#1613,.T.);
#956=FACE_OUTER_BOUND('',#1614,.T.);
#957=FACE_OUTER_BOUND('',#1615,.T.);
#958=FACE_OUTER_BOUND('',#1616,.T.);
#959=FACE_OUTER_BOUND('',#1617,.T.);
#960=FACE_OUTER_BOUND('',#1618,.T.);
#961=FACE_OUTER_BOUND('',#1619,.T.);
#962=FACE_OUTER_BOUND('',#1620,.T.);
#963=FACE_OUTER_BOUND('',#1621,.T.);
#964=FACE_OUTER_BOUND('',#1622,.T.);
#965=FACE_OUTER_BOUND('',#1623,.T.);
#966=FACE_OUTER_BOUND('',#1624,.T.);
#967=FACE_OUTER_BOUND('',#1625,.T.);
#968=FACE_OUTER_BOUND('',#1626,.T.);
#969=FACE_OUTER_BOUND('',#1627,.T.);
#970=FACE_OUTER_BOUND('',#1628,.T.);
#971=FACE_OUTER_BOUND('',#1629,.T.);
#972=FACE_OUTER_BOUND('',#1630,.T.);
#973=FACE_OUTER_BOUND('',#1631,.T.);
#974=FACE_OUTER_BOUND('',#1632,.T.);
#975=FACE_OUTER_BOUND('',#1633,.T.);
#976=FACE_OUTER_BOUND('',#1634,.T.);
#977=FACE_OUTER_BOUND('',#1635,.T.);
#978=FACE_OUTER_BOUND('',#1636,.T.);
#979=FACE_OUTER_BOUND('',#1637,.T.);
#980=FACE_OUTER_BOUND('',#1638,.T.);
#981=FACE_OUTER_BOUND('',#1639,.T.);
#982=FACE_OUTER_BOUND('',#1640,.T.);
#983=FACE_OUTER_BOUND('',#1641,.T.);
#984=FACE_OUTER_BOUND('',#1642,.T.);
#985=FACE_OUTER_BOUND('',#1643,.T.);
#986=FACE_OUTER_BOUND('',#1644,.T.);
#987=FACE_OUTER_BOUND('',#1645,.T.);
#988=FACE_OUTER_BOUND('',#1646,.T.);
#989=FACE_OUTER_BOUND('',#1647,.T.);
#990=FACE_OUTER_BOUND('',#1648,.T.);
#991=FACE_OUTER_BOUND('',#1649,.T.);
#992=FACE_OUTER_BOUND('',#1650,.T.);
#993=FACE_OUTER_BOUND('',#1651,.T.);
#994=FACE_OUTER_BOUND('',#1652,.T.);
#995=FACE_OUTER_BOUND('',#1653,.T.);
#996=FACE_OUTER_BOUND('',#1654,.T.);
#997=FACE_OUTER_BOUND('',#1655,.T.);
#998=FACE_OUTER_BOUND('',#1656,.T.);
#999=FACE_OUTER_BOUND('',#1657,.T.);
#1000=FACE_OUTER_BOUND('',#1658,.T.);
#1001=FACE_OUTER_BOUND('',#1659,.T.);
#1002=FACE_OUTER_BOUND('',#1660,.T.);
#1003=FACE_OUTER_BOUND('',#1661,.T.);
#1004=FACE_OUTER_BOUND('',#1662,.T.);
#1005=FACE_OUTER_BOUND('',#1663,.T.);
#1006=FACE_OUTER_BOUND('',#1664,.T.);
#1007=FACE_OUTER_BOUND('',#1665,.T.);
#1008=FACE_OUTER_BOUND('',#1666,.T.);
#1009=FACE_OUTER_BOUND('',#1667,.T.);
#1010=FACE_OUTER_BOUND('',#1668,.T.);
#1011=FACE_OUTER_BOUND('',#1669,.T.);
#1012=FACE_OUTER_BOUND('',#1670,.T.);
#1013=FACE_OUTER_BOUND('',#1671,.T.);
#1014=FACE_OUTER_BOUND('',#1672,.T.);
#1015=FACE_OUTER_BOUND('',#1673,.T.);
#1016=FACE_OUTER_BOUND('',#1674,.T.);
#1017=FACE_OUTER_BOUND('',#1675,.T.);
#1018=FACE_OUTER_BOUND('',#1676,.T.);
#1019=FACE_OUTER_BOUND('',#1677,.T.);
#1020=FACE_OUTER_BOUND('',#1678,.T.);
#1021=FACE_OUTER_BOUND('',#1679,.T.);
#1022=FACE_OUTER_BOUND('',#1680,.T.);
#1023=FACE_OUTER_BOUND('',#1681,.T.);
#1024=FACE_OUTER_BOUND('',#1682,.T.);
#1025=FACE_OUTER_BOUND('',#1683,.T.);
#1026=FACE_OUTER_BOUND('',#1684,.T.);
#1027=FACE_OUTER_BOUND('',#1685,.T.);
#1028=FACE_OUTER_BOUND('',#1686,.T.);
#1029=FACE_OUTER_BOUND('',#1687,.T.);
#1030=FACE_OUTER_BOUND('',#1688,.T.);
#1031=FACE_OUTER_BOUND('',#1689,.T.);
#1032=FACE_OUTER_BOUND('',#1690,.T.);
#1033=FACE_OUTER_BOUND('',#1691,.T.);
#1034=FACE_OUTER_BOUND('',#1692,.T.);
#1035=FACE_OUTER_BOUND('',#1693,.T.);
#1036=FACE_OUTER_BOUND('',#1694,.T.);
#1037=FACE_OUTER_BOUND('',#1695,.T.);
#1038=FACE_OUTER_BOUND('',#1696,.T.);
#1039=FACE_OUTER_BOUND('',#1697,.T.);
#1040=FACE_OUTER_BOUND('',#1698,.T.);
#1041=FACE_OUTER_BOUND('',#1699,.T.);
#1042=FACE_OUTER_BOUND('',#1700,.T.);
#1043=FACE_OUTER_BOUND('',#1701,.T.);
#1044=FACE_OUTER_BOUND('',#1702,.T.);
#1045=FACE_OUTER_BOUND('',#1703,.T.);
#1046=FACE_OUTER_BOUND('',#1704,.T.);
#1047=FACE_OUTER_BOUND('',#1705,.T.);
#1048=FACE_OUTER_BOUND('',#1706,.T.);
#1049=FACE_OUTER_BOUND('',#1707,.T.);
#1050=FACE_OUTER_BOUND('',#1708,.T.);
#1051=FACE_OUTER_BOUND('',#1709,.T.);
#1052=FACE_OUTER_BOUND('',#1710,.T.);
#1053=FACE_OUTER_BOUND('',#1711,.T.);
#1054=FACE_OUTER_BOUND('',#1712,.T.);
#1055=FACE_OUTER_BOUND('',#1713,.T.);
#1056=FACE_OUTER_BOUND('',#1714,.T.);
#1057=FACE_OUTER_BOUND('',#1715,.T.);
#1058=FACE_OUTER_BOUND('',#1716,.T.);
#1059=FACE_OUTER_BOUND('',#1717,.T.);
#1060=FACE_OUTER_BOUND('',#1718,.T.);
#1061=FACE_OUTER_BOUND('',#1719,.T.);
#1062=FACE_OUTER_BOUND('',#1720,.T.);
#1063=FACE_OUTER_BOUND('',#1721,.T.);
#1064=FACE_OUTER_BOUND('',#1722,.T.);
#1065=FACE_OUTER_BOUND('',#1723,.T.);
#1066=FACE_OUTER_BOUND('',#1724,.T.);
#1067=FACE_OUTER_BOUND('',#1725,.T.);
#1068=FACE_OUTER_BOUND('',#1726,.T.);
#1069=FACE_OUTER_BOUND('',#1727,.T.);
#1070=FACE_OUTER_BOUND('',#1728,.T.);
#1071=FACE_OUTER_BOUND('',#1729,.T.);
#1072=FACE_OUTER_BOUND('',#1730,.T.);
#1073=FACE_OUTER_BOUND('',#1731,.T.);
#1074=FACE_OUTER_BOUND('',#1732,.T.);
#1075=FACE_OUTER_BOUND('',#1733,.T.);
#1076=FACE_OUTER_BOUND('',#1734,.T.);
#1077=FACE_OUTER_BOUND('',#1735,.T.);
#1078=FACE_OUTER_BOUND('',#1736,.T.);
#1079=FACE_OUTER_BOUND('',#1737,.T.);
#1080=FACE_OUTER_BOUND('',#1738,.T.);
#1081=FACE_OUTER_BOUND('',#1739,.T.);
#1082=FACE_OUTER_BOUND('',#1740,.T.);
#1083=FACE_OUTER_BOUND('',#1741,.T.);
#1084=FACE_OUTER_BOUND('',#1742,.T.);
#1085=FACE_OUTER_BOUND('',#1743,.T.);
#1086=FACE_OUTER_BOUND('',#1744,.T.);
#1087=FACE_OUTER_BOUND('',#1745,.T.);
#1088=FACE_OUTER_BOUND('',#1746,.T.);
#1089=FACE_OUTER_BOUND('',#1747,.T.);
#1090=FACE_OUTER_BOUND('',#1748,.T.);
#1091=FACE_OUTER_BOUND('',#1749,.T.);
#1092=FACE_OUTER_BOUND('',#1750,.T.);
#1093=FACE_OUTER_BOUND('',#1751,.T.);
#1094=FACE_OUTER_BOUND('',#1752,.T.);
#1095=FACE_OUTER_BOUND('',#1753,.T.);
#1096=FACE_OUTER_BOUND('',#1754,.T.);
#1097=FACE_OUTER_BOUND('',#1755,.T.);
#1098=FACE_OUTER_BOUND('',#1756,.T.);
#1099=FACE_OUTER_BOUND('',#1757,.T.);
#1100=FACE_OUTER_BOUND('',#1758,.T.);
#1101=FACE_OUTER_BOUND('',#1759,.T.);
#1102=FACE_OUTER_BOUND('',#1760,.T.);
#1103=FACE_OUTER_BOUND('',#1761,.T.);
#1104=FACE_OUTER_BOUND('',#1762,.T.);
#1105=FACE_OUTER_BOUND('',#1763,.T.);
#1106=FACE_OUTER_BOUND('',#1764,.T.);
#1107=FACE_OUTER_BOUND('',#1765,.T.);
#1108=FACE_OUTER_BOUND('',#1766,.T.);
#1109=FACE_OUTER_BOUND('',#1767,.T.);
#1110=FACE_OUTER_BOUND('',#1768,.T.);
#1111=FACE_OUTER_BOUND('',#1769,.T.);
#1112=FACE_OUTER_BOUND('',#1770,.T.);
#1113=FACE_OUTER_BOUND('',#1771,.T.);
#1114=FACE_OUTER_BOUND('',#1772,.T.);
#1115=FACE_OUTER_BOUND('',#1773,.T.);
#1116=FACE_OUTER_BOUND('',#1774,.T.);
#1117=FACE_OUTER_BOUND('',#1775,.T.);
#1118=FACE_OUTER_BOUND('',#1776,.T.);
#1119=FACE_OUTER_BOUND('',#1777,.T.);
#1120=FACE_OUTER_BOUND('',#1778,.T.);
#1121=FACE_OUTER_BOUND('',#1779,.T.);
#1122=FACE_OUTER_BOUND('',#1780,.T.);
#1123=FACE_OUTER_BOUND('',#1781,.T.);
#1124=FACE_OUTER_BOUND('',#1782,.T.);
#1125=FACE_OUTER_BOUND('',#1788,.T.);
#1126=FACE_OUTER_BOUND('',#1789,.T.);
#1127=FACE_OUTER_BOUND('',#1790,.T.);
#1128=FACE_OUTER_BOUND('',#1791,.T.);
#1129=FACE_OUTER_BOUND('',#1792,.T.);
#1130=FACE_OUTER_BOUND('',#1794,.T.);
#1131=FACE_OUTER_BOUND('',#1795,.T.);
#1132=FACE_OUTER_BOUND('',#1796,.T.);
#1133=FACE_OUTER_BOUND('',#1797,.T.);
#1134=FACE_OUTER_BOUND('',#1798,.T.);
#1135=FACE_OUTER_BOUND('',#1799,.T.);
#1136=FACE_OUTER_BOUND('',#1800,.T.);
#1137=FACE_OUTER_BOUND('',#1801,.T.);
#1138=FACE_OUTER_BOUND('',#1802,.T.);
#1139=FACE_OUTER_BOUND('',#1803,.T.);
#1140=FACE_OUTER_BOUND('',#1804,.T.);
#1141=FACE_OUTER_BOUND('',#1805,.T.);
#1142=FACE_OUTER_BOUND('',#1806,.T.);
#1143=FACE_OUTER_BOUND('',#1807,.T.);
#1144=FACE_OUTER_BOUND('',#1808,.T.);
#1145=FACE_OUTER_BOUND('',#1809,.T.);
#1146=FACE_OUTER_BOUND('',#1810,.T.);
#1147=FACE_OUTER_BOUND('',#1811,.T.);
#1148=FACE_OUTER_BOUND('',#1812,.T.);
#1149=FACE_OUTER_BOUND('',#1813,.T.);
#1150=FACE_OUTER_BOUND('',#1814,.T.);
#1151=FACE_OUTER_BOUND('',#1815,.T.);
#1152=FACE_OUTER_BOUND('',#1816,.T.);
#1153=FACE_OUTER_BOUND('',#1817,.T.);
#1154=FACE_OUTER_BOUND('',#1818,.T.);
#1155=FACE_OUTER_BOUND('',#1819,.T.);
#1156=FACE_OUTER_BOUND('',#1820,.T.);
#1157=FACE_OUTER_BOUND('',#1821,.T.);
#1158=FACE_OUTER_BOUND('',#1822,.T.);
#1159=FACE_OUTER_BOUND('',#1823,.T.);
#1160=FACE_OUTER_BOUND('',#1824,.T.);
#1161=FACE_OUTER_BOUND('',#1825,.T.);
#1162=FACE_OUTER_BOUND('',#1826,.T.);
#1163=FACE_OUTER_BOUND('',#1827,.T.);
#1164=FACE_OUTER_BOUND('',#1828,.T.);
#1165=FACE_OUTER_BOUND('',#1829,.T.);
#1166=FACE_OUTER_BOUND('',#1830,.T.);
#1167=FACE_OUTER_BOUND('',#1831,.T.);
#1168=FACE_OUTER_BOUND('',#1832,.T.);
#1169=FACE_OUTER_BOUND('',#1833,.T.);
#1170=FACE_OUTER_BOUND('',#1834,.T.);
#1171=FACE_OUTER_BOUND('',#1835,.T.);
#1172=FACE_OUTER_BOUND('',#1836,.T.);
#1173=FACE_OUTER_BOUND('',#1837,.T.);
#1174=FACE_OUTER_BOUND('',#1838,.T.);
#1175=FACE_OUTER_BOUND('',#1839,.T.);
#1176=EDGE_LOOP('',(#6934,#6935,#6936,#6937));
#1177=EDGE_LOOP('',(#6938,#6939,#6940));
#1178=EDGE_LOOP('',(#6941,#6942,#6943,#6944,#6945,#6946,#6947,#6948));
#1179=EDGE_LOOP('',(#6949,#6950,#6951,#6952,#6953,#6954,#6955,#6956));
#1180=EDGE_LOOP('',(#6957,#6958,#6959));
#1181=EDGE_LOOP('',(#6960,#6961,#6962,#6963,#6964,#6965,#6966,#6967));
#1182=EDGE_LOOP('',(#6968,#6969,#6970,#6971,#6972,#6973,#6974,#6975));
#1183=EDGE_LOOP('',(#6976,#6977,#6978,#6979,#6980,#6981,#6982,#6983));
#1184=EDGE_LOOP('',(#6984,#6985,#6986));
#1185=EDGE_LOOP('',(#6987,#6988,#6989,#6990,#6991,#6992,#6993,#6994,#6995,
#6996,#6997,#6998,#6999,#7000,#7001,#7002));
#1186=EDGE_LOOP('',(#7003,#7004,#7005,#7006,#7007,#7008,#7009,#7010,#7011,
#7012,#7013,#7014,#7015,#7016,#7017,#7018,#7019,#7020,#7021,#7022,#7023,
#7024,#7025,#7026,#7027,#7028,#7029,#7030,#7031,#7032,#7033,#7034,#7035,
#7036,#7037,#7038,#7039,#7040,#7041,#7042));
#1187=EDGE_LOOP('',(#7043));
#1188=EDGE_LOOP('',(#7044));
#1189=EDGE_LOOP('',(#7045));
#1190=EDGE_LOOP('',(#7046));
#1191=EDGE_LOOP('',(#7047,#7048,#7049));
#1192=EDGE_LOOP('',(#7050,#7051,#7052,#7053,#7054,#7055,#7056,#7057));
#1193=EDGE_LOOP('',(#7058,#7059,#7060,#7061,#7062,#7063,#7064,#7065,#7066,
#7067,#7068,#7069,#7070,#7071,#7072,#7073,#7074,#7075,#7076,#7077,#7078,
#7079,#7080,#7081,#7082,#7083,#7084,#7085,#7086,#7087,#7088,#7089,#7090,
#7091,#7092,#7093));
#1194=EDGE_LOOP('',(#7094,#7095,#7096,#7097));
#1195=EDGE_LOOP('',(#7098));
#1196=EDGE_LOOP('',(#7099,#7100,#7101,#7102));
#1197=EDGE_LOOP('',(#7103));
#1198=EDGE_LOOP('',(#7104,#7105,#7106,#7107));
#1199=EDGE_LOOP('',(#7108));
#1200=EDGE_LOOP('',(#7109,#7110,#7111,#7112));
#1201=EDGE_LOOP('',(#7113));
#1202=EDGE_LOOP('',(#7114,#7115,#7116,#7117));
#1203=EDGE_LOOP('',(#7118));
#1204=EDGE_LOOP('',(#7119,#7120,#7121,#7122));
#1205=EDGE_LOOP('',(#7123));
#1206=EDGE_LOOP('',(#7124,#7125,#7126,#7127));
#1207=EDGE_LOOP('',(#7128));
#1208=EDGE_LOOP('',(#7129));
#1209=EDGE_LOOP('',(#7130,#7131,#7132,#7133));
#1210=EDGE_LOOP('',(#7134,#7135,#7136,#7137));
#1211=EDGE_LOOP('',(#7138,#7139,#7140,#7141,#7142,#7143,#7144,#7145));
#1212=EDGE_LOOP('',(#7146,#7147,#7148,#7149));
#1213=EDGE_LOOP('',(#7150));
#1214=EDGE_LOOP('',(#7151,#7152,#7153,#7154));
#1215=EDGE_LOOP('',(#7155));
#1216=EDGE_LOOP('',(#7156,#7157,#7158,#7159,#7160,#7161,#7162,#7163));
#1217=EDGE_LOOP('',(#7164,#7165,#7166,#7167));
#1218=EDGE_LOOP('',(#7168));
#1219=EDGE_LOOP('',(#7169));
#1220=EDGE_LOOP('',(#7170,#7171,#7172,#7173));
#1221=EDGE_LOOP('',(#7174,#7175,#7176,#7177));
#1222=EDGE_LOOP('',(#7178,#7179,#7180,#7181));
#1223=EDGE_LOOP('',(#7182,#7183,#7184,#7185));
#1224=EDGE_LOOP('',(#7186,#7187,#7188,#7189));
#1225=EDGE_LOOP('',(#7190,#7191,#7192,#7193));
#1226=EDGE_LOOP('',(#7194,#7195,#7196,#7197,#7198));
#1227=EDGE_LOOP('',(#7199,#7200,#7201,#7202));
#1228=EDGE_LOOP('',(#7203,#7204,#7205,#7206));
#1229=EDGE_LOOP('',(#7207,#7208,#7209,#7210));
#1230=EDGE_LOOP('',(#7211,#7212,#7213,#7214));
#1231=EDGE_LOOP('',(#7215,#7216,#7217,#7218));
#1232=EDGE_LOOP('',(#7219,#7220,#7221,#7222));
#1233=EDGE_LOOP('',(#7223,#7224,#7225,#7226));
#1234=EDGE_LOOP('',(#7227,#7228,#7229,#7230));
#1235=EDGE_LOOP('',(#7231,#7232,#7233,#7234));
#1236=EDGE_LOOP('',(#7235,#7236,#7237,#7238));
#1237=EDGE_LOOP('',(#7239,#7240,#7241));
#1238=EDGE_LOOP('',(#7242,#7243,#7244));
#1239=EDGE_LOOP('',(#7245,#7246,#7247));
#1240=EDGE_LOOP('',(#7248,#7249,#7250));
#1241=EDGE_LOOP('',(#7251,#7252,#7253,#7254));
#1242=EDGE_LOOP('',(#7255));
#1243=EDGE_LOOP('',(#7256));
#1244=EDGE_LOOP('',(#7257));
#1245=EDGE_LOOP('',(#7258));
#1246=EDGE_LOOP('',(#7259,#7260,#7261,#7262));
#1247=EDGE_LOOP('',(#7263));
#1248=EDGE_LOOP('',(#7264));
#1249=EDGE_LOOP('',(#7265,#7266,#7267,#7268));
#1250=EDGE_LOOP('',(#7269,#7270,#7271,#7272));
#1251=EDGE_LOOP('',(#7273,#7274,#7275,#7276));
#1252=EDGE_LOOP('',(#7277,#7278,#7279,#7280));
#1253=EDGE_LOOP('',(#7281,#7282,#7283,#7284));
#1254=EDGE_LOOP('',(#7285,#7286,#7287,#7288,#7289));
#1255=EDGE_LOOP('',(#7290,#7291,#7292,#7293));
#1256=EDGE_LOOP('',(#7294,#7295,#7296,#7297));
#1257=EDGE_LOOP('',(#7298,#7299,#7300,#7301));
#1258=EDGE_LOOP('',(#7302,#7303,#7304,#7305,#7306));
#1259=EDGE_LOOP('',(#7307,#7308,#7309,#7310,#7311));
#1260=EDGE_LOOP('',(#7312,#7313,#7314,#7315));
#1261=EDGE_LOOP('',(#7316,#7317,#7318,#7319,#7320));
#1262=EDGE_LOOP('',(#7321,#7322,#7323,#7324));
#1263=EDGE_LOOP('',(#7325,#7326,#7327,#7328,#7329,#7330,#7331,#7332,#7333));
#1264=EDGE_LOOP('',(#7334,#7335,#7336,#7337,#7338,#7339,#7340,#7341,#7342));
#1265=EDGE_LOOP('',(#7343,#7344,#7345,#7346,#7347));
#1266=EDGE_LOOP('',(#7348,#7349,#7350,#7351));
#1267=EDGE_LOOP('',(#7352,#7353,#7354,#7355));
#1268=EDGE_LOOP('',(#7356,#7357,#7358,#7359));
#1269=EDGE_LOOP('',(#7360,#7361,#7362,#7363));
#1270=EDGE_LOOP('',(#7364,#7365,#7366,#7367));
#1271=EDGE_LOOP('',(#7368,#7369,#7370,#7371));
#1272=EDGE_LOOP('',(#7372,#7373,#7374,#7375,#7376,#7377,#7378,#7379,#7380,
#7381,#7382,#7383,#7384,#7385,#7386,#7387));
#1273=EDGE_LOOP('',(#7388));
#1274=EDGE_LOOP('',(#7389));
#1275=EDGE_LOOP('',(#7390));
#1276=EDGE_LOOP('',(#7391));
#1277=EDGE_LOOP('',(#7392));
#1278=EDGE_LOOP('',(#7393));
#1279=EDGE_LOOP('',(#7394));
#1280=EDGE_LOOP('',(#7395));
#1281=EDGE_LOOP('',(#7396,#7397,#7398));
#1282=EDGE_LOOP('',(#7399,#7400,#7401));
#1283=EDGE_LOOP('',(#7402,#7403,#7404));
#1284=EDGE_LOOP('',(#7405,#7406,#7407));
#1285=EDGE_LOOP('',(#7408));
#1286=EDGE_LOOP('',(#7409));
#1287=EDGE_LOOP('',(#7410));
#1288=EDGE_LOOP('',(#7411));
#1289=EDGE_LOOP('',(#7412));
#1290=EDGE_LOOP('',(#7413,#7414,#7415,#7416));
#1291=EDGE_LOOP('',(#7417,#7418,#7419,#7420));
#1292=EDGE_LOOP('',(#7421,#7422,#7423,#7424,#7425));
#1293=EDGE_LOOP('',(#7426,#7427,#7428,#7429));
#1294=EDGE_LOOP('',(#7430,#7431,#7432,#7433));
#1295=EDGE_LOOP('',(#7434,#7435,#7436,#7437));
#1296=EDGE_LOOP('',(#7438,#7439,#7440,#7441));
#1297=EDGE_LOOP('',(#7442,#7443,#7444,#7445));
#1298=EDGE_LOOP('',(#7446,#7447,#7448,#7449));
#1299=EDGE_LOOP('',(#7450));
#1300=EDGE_LOOP('',(#7451));
#1301=EDGE_LOOP('',(#7452,#7453,#7454,#7455));
#1302=EDGE_LOOP('',(#7456));
#1303=EDGE_LOOP('',(#7457));
#1304=EDGE_LOOP('',(#7458));
#1305=EDGE_LOOP('',(#7459,#7460,#7461,#7462));
#1306=EDGE_LOOP('',(#7463,#7464,#7465,#7466));
#1307=EDGE_LOOP('',(#7467,#7468,#7469,#7470,#7471));
#1308=EDGE_LOOP('',(#7472,#7473,#7474,#7475));
#1309=EDGE_LOOP('',(#7476,#7477,#7478,#7479,#7480));
#1310=EDGE_LOOP('',(#7481,#7482,#7483,#7484));
#1311=EDGE_LOOP('',(#7485,#7486,#7487,#7488,#7489,#7490,#7491,#7492,#7493,
#7494,#7495,#7496,#7497,#7498,#7499,#7500,#7501,#7502,#7503,#7504));
#1312=EDGE_LOOP('',(#7505));
#1313=EDGE_LOOP('',(#7506));
#1314=EDGE_LOOP('',(#7507));
#1315=EDGE_LOOP('',(#7508));
#1316=EDGE_LOOP('',(#7509));
#1317=EDGE_LOOP('',(#7510));
#1318=EDGE_LOOP('',(#7511));
#1319=EDGE_LOOP('',(#7512));
#1320=EDGE_LOOP('',(#7513));
#1321=EDGE_LOOP('',(#7514));
#1322=EDGE_LOOP('',(#7515));
#1323=EDGE_LOOP('',(#7516));
#1324=EDGE_LOOP('',(#7517,#7518,#7519,#7520));
#1325=EDGE_LOOP('',(#7521,#7522,#7523,#7524));
#1326=EDGE_LOOP('',(#7525,#7526,#7527,#7528));
#1327=EDGE_LOOP('',(#7529,#7530,#7531,#7532));
#1328=EDGE_LOOP('',(#7533,#7534,#7535,#7536));
#1329=EDGE_LOOP('',(#7537,#7538,#7539,#7540));
#1330=EDGE_LOOP('',(#7541,#7542,#7543,#7544));
#1331=EDGE_LOOP('',(#7545,#7546,#7547,#7548));
#1332=EDGE_LOOP('',(#7549,#7550,#7551,#7552));
#1333=EDGE_LOOP('',(#7553,#7554,#7555,#7556,#7557,#7558,#7559,#7560,#7561,
#7562,#7563,#7564,#7565,#7566,#7567,#7568));
#1334=EDGE_LOOP('',(#7569));
#1335=EDGE_LOOP('',(#7570));
#1336=EDGE_LOOP('',(#7571));
#1337=EDGE_LOOP('',(#7572));
#1338=EDGE_LOOP('',(#7573));
#1339=EDGE_LOOP('',(#7574));
#1340=EDGE_LOOP('',(#7575));
#1341=EDGE_LOOP('',(#7576));
#1342=EDGE_LOOP('',(#7577));
#1343=EDGE_LOOP('',(#7578));
#1344=EDGE_LOOP('',(#7579));
#1345=EDGE_LOOP('',(#7580));
#1346=EDGE_LOOP('',(#7581));
#1347=EDGE_LOOP('',(#7582,#7583,#7584,#7585));
#1348=EDGE_LOOP('',(#7586,#7587,#7588,#7589));
#1349=EDGE_LOOP('',(#7590,#7591,#7592,#7593));
#1350=EDGE_LOOP('',(#7594,#7595,#7596,#7597));
#1351=EDGE_LOOP('',(#7598,#7599,#7600,#7601));
#1352=EDGE_LOOP('',(#7602,#7603,#7604,#7605));
#1353=EDGE_LOOP('',(#7606,#7607,#7608,#7609));
#1354=EDGE_LOOP('',(#7610,#7611,#7612,#7613));
#1355=EDGE_LOOP('',(#7614,#7615,#7616,#7617));
#1356=EDGE_LOOP('',(#7618,#7619,#7620,#7621));
#1357=EDGE_LOOP('',(#7622,#7623,#7624,#7625));
#1358=EDGE_LOOP('',(#7626,#7627,#7628,#7629));
#1359=EDGE_LOOP('',(#7630,#7631,#7632,#7633));
#1360=EDGE_LOOP('',(#7634,#7635,#7636,#7637));
#1361=EDGE_LOOP('',(#7638,#7639,#7640,#7641));
#1362=EDGE_LOOP('',(#7642,#7643,#7644,#7645));
#1363=EDGE_LOOP('',(#7646,#7647,#7648,#7649));
#1364=EDGE_LOOP('',(#7650,#7651,#7652,#7653,#7654,#7655));
#1365=EDGE_LOOP('',(#7656,#7657,#7658,#7659));
#1366=EDGE_LOOP('',(#7660,#7661,#7662,#7663));
#1367=EDGE_LOOP('',(#7664,#7665,#7666,#7667));
#1368=EDGE_LOOP('',(#7668,#7669,#7670,#7671));
#1369=EDGE_LOOP('',(#7672,#7673,#7674,#7675));
#1370=EDGE_LOOP('',(#7676,#7677,#7678,#7679));
#1371=EDGE_LOOP('',(#7680,#7681,#7682,#7683,#7684,#7685));
#1372=EDGE_LOOP('',(#7686));
#1373=EDGE_LOOP('',(#7687,#7688,#7689,#7690));
#1374=EDGE_LOOP('',(#7691,#7692,#7693,#7694));
#1375=EDGE_LOOP('',(#7695,#7696,#7697,#7698,#7699,#7700));
#1376=EDGE_LOOP('',(#7701));
#1377=EDGE_LOOP('',(#7702,#7703,#7704,#7705));
#1378=EDGE_LOOP('',(#7706,#7707,#7708,#7709));
#1379=EDGE_LOOP('',(#7710,#7711,#7712,#7713,#7714,#7715));
#1380=EDGE_LOOP('',(#7716));
#1381=EDGE_LOOP('',(#7717,#7718,#7719,#7720));
#1382=EDGE_LOOP('',(#7721,#7722,#7723,#7724));
#1383=EDGE_LOOP('',(#7725,#7726,#7727,#7728,#7729,#7730));
#1384=EDGE_LOOP('',(#7731));
#1385=EDGE_LOOP('',(#7732,#7733,#7734,#7735));
#1386=EDGE_LOOP('',(#7736,#7737,#7738,#7739));
#1387=EDGE_LOOP('',(#7740,#7741,#7742,#7743));
#1388=EDGE_LOOP('',(#7744,#7745,#7746,#7747));
#1389=EDGE_LOOP('',(#7748,#7749,#7750,#7751));
#1390=EDGE_LOOP('',(#7752,#7753,#7754,#7755));
#1391=EDGE_LOOP('',(#7756,#7757,#7758,#7759));
#1392=EDGE_LOOP('',(#7760));
#1393=EDGE_LOOP('',(#7761));
#1394=EDGE_LOOP('',(#7762,#7763,#7764,#7765));
#1395=EDGE_LOOP('',(#7766));
#1396=EDGE_LOOP('',(#7767));
#1397=EDGE_LOOP('',(#7768,#7769,#7770,#7771));
#1398=EDGE_LOOP('',(#7772,#7773,#7774,#7775));
#1399=EDGE_LOOP('',(#7776,#7777,#7778,#7779));
#1400=EDGE_LOOP('',(#7780,#7781,#7782,#7783));
#1401=EDGE_LOOP('',(#7784,#7785,#7786,#7787,#7788,#7789,#7790,#7791));
#1402=EDGE_LOOP('',(#7792,#7793,#7794,#7795));
#1403=EDGE_LOOP('',(#7796,#7797,#7798,#7799));
#1404=EDGE_LOOP('',(#7800,#7801,#7802,#7803));
#1405=EDGE_LOOP('',(#7804,#7805,#7806,#7807));
#1406=EDGE_LOOP('',(#7808,#7809,#7810,#7811));
#1407=EDGE_LOOP('',(#7812,#7813,#7814,#7815,#7816,#7817,#7818,#7819,#7820,
#7821));
#1408=EDGE_LOOP('',(#7822));
#1409=EDGE_LOOP('',(#7823,#7824,#7825,#7826,#7827,#7828,#7829,#7830));
#1410=EDGE_LOOP('',(#7831,#7832,#7833,#7834));
#1411=EDGE_LOOP('',(#7835,#7836,#7837,#7838));
#1412=EDGE_LOOP('',(#7839,#7840,#7841,#7842,#7843));
#1413=EDGE_LOOP('',(#7844,#7845,#7846,#7847));
#1414=EDGE_LOOP('',(#7848,#7849,#7850,#7851));
#1415=EDGE_LOOP('',(#7852,#7853,#7854,#7855,#7856,#7857,#7858,#7859,#7860,
#7861));
#1416=EDGE_LOOP('',(#7862));
#1417=EDGE_LOOP('',(#7863,#7864));
#1418=EDGE_LOOP('',(#7865,#7866));
#1419=EDGE_LOOP('',(#7867,#7868,#7869,#7870,#7871,#7872,#7873,#7874,#7875,
#7876,#7877,#7878));
#1420=EDGE_LOOP('',(#7879));
#1421=EDGE_LOOP('',(#7880));
#1422=EDGE_LOOP('',(#7881,#7882,#7883,#7884));
#1423=EDGE_LOOP('',(#7885));
#1424=EDGE_LOOP('',(#7886,#7887,#7888,#7889));
#1425=EDGE_LOOP('',(#7890));
#1426=EDGE_LOOP('',(#7891));
#1427=EDGE_LOOP('',(#7892,#7893,#7894,#7895));
#1428=EDGE_LOOP('',(#7896,#7897,#7898,#7899));
#1429=EDGE_LOOP('',(#7900));
#1430=EDGE_LOOP('',(#7901));
#1431=EDGE_LOOP('',(#7902));
#1432=EDGE_LOOP('',(#7903));
#1433=EDGE_LOOP('',(#7904,#7905,#7906,#7907));
#1434=EDGE_LOOP('',(#7908,#7909,#7910,#7911));
#1435=EDGE_LOOP('',(#7912));
#1436=EDGE_LOOP('',(#7913));
#1437=EDGE_LOOP('',(#7914));
#1438=EDGE_LOOP('',(#7915));
#1439=EDGE_LOOP('',(#7916,#7917,#7918,#7919));
#1440=EDGE_LOOP('',(#7920));
#1441=EDGE_LOOP('',(#7921));
#1442=EDGE_LOOP('',(#7922,#7923,#7924,#7925));
#1443=EDGE_LOOP('',(#7926));
#1444=EDGE_LOOP('',(#7927));
#1445=EDGE_LOOP('',(#7928,#7929,#7930,#7931));
#1446=EDGE_LOOP('',(#7932));
#1447=EDGE_LOOP('',(#7933));
#1448=EDGE_LOOP('',(#7934,#7935,#7936,#7937));
#1449=EDGE_LOOP('',(#7938));
#1450=EDGE_LOOP('',(#7939));
#1451=EDGE_LOOP('',(#7940,#7941,#7942,#7943));
#1452=EDGE_LOOP('',(#7944,#7945,#7946,#7947));
#1453=EDGE_LOOP('',(#7948,#7949,#7950,#7951));
#1454=EDGE_LOOP('',(#7952,#7953,#7954,#7955));
#1455=EDGE_LOOP('',(#7956,#7957,#7958,#7959));
#1456=EDGE_LOOP('',(#7960,#7961,#7962,#7963));
#1457=EDGE_LOOP('',(#7964,#7965,#7966,#7967));
#1458=EDGE_LOOP('',(#7968,#7969,#7970,#7971));
#1459=EDGE_LOOP('',(#7972,#7973,#7974,#7975));
#1460=EDGE_LOOP('',(#7976,#7977,#7978,#7979));
#1461=EDGE_LOOP('',(#7980));
#1462=EDGE_LOOP('',(#7981));
#1463=EDGE_LOOP('',(#7982));
#1464=EDGE_LOOP('',(#7983));
#1465=EDGE_LOOP('',(#7984));
#1466=EDGE_LOOP('',(#7985));
#1467=EDGE_LOOP('',(#7986));
#1468=EDGE_LOOP('',(#7987));
#1469=EDGE_LOOP('',(#7988));
#1470=EDGE_LOOP('',(#7989,#7990,#7991,#7992));
#1471=EDGE_LOOP('',(#7993));
#1472=EDGE_LOOP('',(#7994));
#1473=EDGE_LOOP('',(#7995));
#1474=EDGE_LOOP('',(#7996));
#1475=EDGE_LOOP('',(#7997));
#1476=EDGE_LOOP('',(#7998));
#1477=EDGE_LOOP('',(#7999));
#1478=EDGE_LOOP('',(#8000));
#1479=EDGE_LOOP('',(#8001));
#1480=EDGE_LOOP('',(#8002,#8003,#8004,#8005));
#1481=EDGE_LOOP('',(#8006,#8007,#8008,#8009));
#1482=EDGE_LOOP('',(#8010,#8011,#8012,#8013));
#1483=EDGE_LOOP('',(#8014,#8015,#8016,#8017));
#1484=EDGE_LOOP('',(#8018,#8019,#8020,#8021,#8022,#8023,#8024,#8025));
#1485=EDGE_LOOP('',(#8026,#8027,#8028,#8029,#8030,#8031));
#1486=EDGE_LOOP('',(#8032,#8033,#8034,#8035,#8036,#8037,#8038,#8039));
#1487=EDGE_LOOP('',(#8040,#8041,#8042,#8043,#8044,#8045));
#1488=EDGE_LOOP('',(#8046,#8047,#8048,#8049,#8050,#8051,#8052,#8053,#8054));
#1489=EDGE_LOOP('',(#8055,#8056));
#1490=EDGE_LOOP('',(#8057));
#1491=EDGE_LOOP('',(#8058));
#1492=EDGE_LOOP('',(#8059,#8060,#8061,#8062,#8063,#8064,#8065,#8066,#8067));
#1493=EDGE_LOOP('',(#8068,#8069));
#1494=EDGE_LOOP('',(#8070,#8071,#8072,#8073,#8074,#8075,#8076,#8077,#8078,
#8079,#8080,#8081,#8082,#8083));
#1495=EDGE_LOOP('',(#8084,#8085));
#1496=EDGE_LOOP('',(#8086,#8087));
#1497=EDGE_LOOP('',(#8088));
#1498=EDGE_LOOP('',(#8089));
#1499=EDGE_LOOP('',(#8090));
#1500=EDGE_LOOP('',(#8091));
#1501=EDGE_LOOP('',(#8092,#8093,#8094,#8095));
#1502=EDGE_LOOP('',(#8096,#8097,#8098,#8099));
#1503=EDGE_LOOP('',(#8100,#8101,#8102,#8103));
#1504=EDGE_LOOP('',(#8104,#8105,#8106,#8107));
#1505=EDGE_LOOP('',(#8108,#8109,#8110,#8111));
#1506=EDGE_LOOP('',(#8112,#8113,#8114,#8115));
#1507=EDGE_LOOP('',(#8116,#8117,#8118,#8119));
#1508=EDGE_LOOP('',(#8120,#8121,#8122,#8123));
#1509=EDGE_LOOP('',(#8124,#8125,#8126,#8127));
#1510=EDGE_LOOP('',(#8128));
#1511=EDGE_LOOP('',(#8129));
#1512=EDGE_LOOP('',(#8130));
#1513=EDGE_LOOP('',(#8131));
#1514=EDGE_LOOP('',(#8132));
#1515=EDGE_LOOP('',(#8133));
#1516=EDGE_LOOP('',(#8134));
#1517=EDGE_LOOP('',(#8135));
#1518=EDGE_LOOP('',(#8136,#8137,#8138,#8139));
#1519=EDGE_LOOP('',(#8140));
#1520=EDGE_LOOP('',(#8141));
#1521=EDGE_LOOP('',(#8142));
#1522=EDGE_LOOP('',(#8143));
#1523=EDGE_LOOP('',(#8144));
#1524=EDGE_LOOP('',(#8145));
#1525=EDGE_LOOP('',(#8146));
#1526=EDGE_LOOP('',(#8147));
#1527=EDGE_LOOP('',(#8148,#8149,#8150,#8151));
#1528=EDGE_LOOP('',(#8152,#8153,#8154,#8155));
#1529=EDGE_LOOP('',(#8156,#8157,#8158,#8159));
#1530=EDGE_LOOP('',(#8160,#8161,#8162,#8163));
#1531=EDGE_LOOP('',(#8164,#8165,#8166,#8167));
#1532=EDGE_LOOP('',(#8168,#8169,#8170,#8171));
#1533=EDGE_LOOP('',(#8172,#8173,#8174,#8175));
#1534=EDGE_LOOP('',(#8176,#8177,#8178,#8179));
#1535=EDGE_LOOP('',(#8180,#8181,#8182,#8183));
#1536=EDGE_LOOP('',(#8184,#8185,#8186,#8187));
#1537=EDGE_LOOP('',(#8188,#8189,#8190,#8191));
#1538=EDGE_LOOP('',(#8192,#8193,#8194,#8195));
#1539=EDGE_LOOP('',(#8196,#8197,#8198,#8199,#8200,#8201,#8202,#8203,#8204,
#8205,#8206,#8207,#8208,#8209,#8210,#8211,#8212,#8213,#8214,#8215,#8216,
#8217,#8218,#8219,#8220,#8221,#8222,#8223,#8224,#8225,#8226,#8227,#8228,
#8229,#8230,#8231,#8232,#8233,#8234,#8235,#8236,#8237,#8238,#8239,#8240,
#8241,#8242,#8243,#8244,#8245,#8246,#8247,#8248,#8249,#8250,#8251,#8252,
#8253,#8254,#8255,#8256,#8257,#8258,#8259,#8260,#8261,#8262,#8263,#8264,
#8265,#8266,#8267,#8268,#8269,#8270,#8271,#8272,#8273,#8274,#8275,#8276,
#8277,#8278,#8279,#8280,#8281,#8282,#8283,#8284,#8285,#8286,#8287,#8288,
#8289,#8290,#8291,#8292,#8293,#8294,#8295,#8296,#8297,#8298,#8299,#8300,
#8301,#8302,#8303,#8304,#8305,#8306,#8307,#8308,#8309,#8310,#8311,#8312,
#8313,#8314,#8315,#8316,#8317,#8318,#8319,#8320,#8321,#8322,#8323,#8324,
#8325,#8326,#8327,#8328,#8329,#8330,#8331,#8332,#8333,#8334,#8335,#8336,
#8337,#8338,#8339,#8340,#8341,#8342,#8343,#8344,#8345,#8346,#8347,#8348,
#8349,#8350,#8351,#8352,#8353,#8354,#8355,#8356,#8357,#8358,#8359,#8360,
#8361,#8362,#8363,#8364,#8365,#8366,#8367,#8368,#8369,#8370,#8371,#8372,
#8373,#8374,#8375,#8376,#8377,#8378,#8379,#8380,#8381,#8382,#8383,#8384,
#8385,#8386,#8387,#8388,#8389,#8390,#8391,#8392,#8393,#8394,#8395,#8396,
#8397,#8398,#8399,#8400,#8401,#8402,#8403,#8404,#8405,#8406,#8407,#8408,
#8409,#8410,#8411,#8412,#8413,#8414,#8415,#8416,#8417,#8418,#8419,#8420,
#8421,#8422,#8423,#8424,#8425,#8426,#8427,#8428,#8429,#8430,#8431,#8432,
#8433,#8434,#8435));
#1540=EDGE_LOOP('',(#8436));
#1541=EDGE_LOOP('',(#8437));
#1542=EDGE_LOOP('',(#8438));
#1543=EDGE_LOOP('',(#8439));
#1544=EDGE_LOOP('',(#8440));
#1545=EDGE_LOOP('',(#8441,#8442,#8443,#8444));
#1546=EDGE_LOOP('',(#8445,#8446,#8447,#8448));
#1547=EDGE_LOOP('',(#8449,#8450,#8451,#8452));
#1548=EDGE_LOOP('',(#8453,#8454,#8455,#8456));
#1549=EDGE_LOOP('',(#8457,#8458,#8459,#8460));
#1550=EDGE_LOOP('',(#8461,#8462,#8463,#8464));
#1551=EDGE_LOOP('',(#8465,#8466,#8467,#8468));
#1552=EDGE_LOOP('',(#8469,#8470,#8471,#8472));
#1553=EDGE_LOOP('',(#8473,#8474,#8475,#8476));
#1554=EDGE_LOOP('',(#8477,#8478,#8479,#8480));
#1555=EDGE_LOOP('',(#8481,#8482,#8483,#8484));
#1556=EDGE_LOOP('',(#8485,#8486,#8487,#8488));
#1557=EDGE_LOOP('',(#8489,#8490,#8491,#8492));
#1558=EDGE_LOOP('',(#8493,#8494,#8495,#8496));
#1559=EDGE_LOOP('',(#8497,#8498,#8499,#8500));
#1560=EDGE_LOOP('',(#8501,#8502,#8503,#8504));
#1561=EDGE_LOOP('',(#8505,#8506,#8507,#8508));
#1562=EDGE_LOOP('',(#8509,#8510,#8511,#8512));
#1563=EDGE_LOOP('',(#8513,#8514,#8515,#8516));
#1564=EDGE_LOOP('',(#8517,#8518,#8519,#8520));
#1565=EDGE_LOOP('',(#8521,#8522,#8523,#8524));
#1566=EDGE_LOOP('',(#8525,#8526,#8527,#8528));
#1567=EDGE_LOOP('',(#8529,#8530,#8531,#8532));
#1568=EDGE_LOOP('',(#8533,#8534,#8535,#8536));
#1569=EDGE_LOOP('',(#8537,#8538,#8539,#8540));
#1570=EDGE_LOOP('',(#8541,#8542,#8543,#8544));
#1571=EDGE_LOOP('',(#8545,#8546,#8547,#8548));
#1572=EDGE_LOOP('',(#8549,#8550,#8551,#8552));
#1573=EDGE_LOOP('',(#8553,#8554,#8555,#8556));
#1574=EDGE_LOOP('',(#8557,#8558,#8559,#8560));
#1575=EDGE_LOOP('',(#8561,#8562,#8563,#8564));
#1576=EDGE_LOOP('',(#8565,#8566,#8567,#8568));
#1577=EDGE_LOOP('',(#8569,#8570,#8571,#8572));
#1578=EDGE_LOOP('',(#8573,#8574,#8575,#8576));
#1579=EDGE_LOOP('',(#8577,#8578,#8579,#8580));
#1580=EDGE_LOOP('',(#8581,#8582,#8583,#8584));
#1581=EDGE_LOOP('',(#8585,#8586,#8587,#8588));
#1582=EDGE_LOOP('',(#8589,#8590,#8591,#8592));
#1583=EDGE_LOOP('',(#8593,#8594,#8595,#8596));
#1584=EDGE_LOOP('',(#8597,#8598,#8599,#8600));
#1585=EDGE_LOOP('',(#8601,#8602,#8603,#8604));
#1586=EDGE_LOOP('',(#8605,#8606,#8607,#8608));
#1587=EDGE_LOOP('',(#8609,#8610,#8611,#8612));
#1588=EDGE_LOOP('',(#8613,#8614,#8615,#8616));
#1589=EDGE_LOOP('',(#8617,#8618,#8619,#8620));
#1590=EDGE_LOOP('',(#8621,#8622,#8623,#8624));
#1591=EDGE_LOOP('',(#8625,#8626,#8627,#8628));
#1592=EDGE_LOOP('',(#8629,#8630,#8631,#8632));
#1593=EDGE_LOOP('',(#8633,#8634,#8635,#8636));
#1594=EDGE_LOOP('',(#8637,#8638,#8639,#8640));
#1595=EDGE_LOOP('',(#8641,#8642,#8643,#8644));
#1596=EDGE_LOOP('',(#8645,#8646,#8647,#8648));
#1597=EDGE_LOOP('',(#8649,#8650,#8651,#8652));
#1598=EDGE_LOOP('',(#8653,#8654,#8655,#8656));
#1599=EDGE_LOOP('',(#8657,#8658,#8659,#8660));
#1600=EDGE_LOOP('',(#8661,#8662,#8663,#8664));
#1601=EDGE_LOOP('',(#8665,#8666,#8667,#8668));
#1602=EDGE_LOOP('',(#8669,#8670,#8671,#8672));
#1603=EDGE_LOOP('',(#8673,#8674,#8675,#8676));
#1604=EDGE_LOOP('',(#8677,#8678,#8679,#8680));
#1605=EDGE_LOOP('',(#8681,#8682,#8683,#8684));
#1606=EDGE_LOOP('',(#8685,#8686,#8687,#8688));
#1607=EDGE_LOOP('',(#8689,#8690,#8691,#8692));
#1608=EDGE_LOOP('',(#8693,#8694,#8695,#8696));
#1609=EDGE_LOOP('',(#8697,#8698,#8699,#8700));
#1610=EDGE_LOOP('',(#8701,#8702,#8703,#8704));
#1611=EDGE_LOOP('',(#8705,#8706,#8707,#8708));
#1612=EDGE_LOOP('',(#8709,#8710,#8711,#8712));
#1613=EDGE_LOOP('',(#8713,#8714,#8715,#8716));
#1614=EDGE_LOOP('',(#8717,#8718,#8719,#8720));
#1615=EDGE_LOOP('',(#8721,#8722,#8723,#8724));
#1616=EDGE_LOOP('',(#8725,#8726,#8727,#8728));
#1617=EDGE_LOOP('',(#8729,#8730,#8731,#8732));
#1618=EDGE_LOOP('',(#8733,#8734,#8735,#8736));
#1619=EDGE_LOOP('',(#8737,#8738,#8739,#8740));
#1620=EDGE_LOOP('',(#8741,#8742,#8743,#8744));
#1621=EDGE_LOOP('',(#8745,#8746,#8747,#8748));
#1622=EDGE_LOOP('',(#8749,#8750,#8751,#8752));
#1623=EDGE_LOOP('',(#8753,#8754,#8755,#8756));
#1624=EDGE_LOOP('',(#8757,#8758,#8759,#8760));
#1625=EDGE_LOOP('',(#8761,#8762,#8763,#8764));
#1626=EDGE_LOOP('',(#8765,#8766,#8767,#8768));
#1627=EDGE_LOOP('',(#8769,#8770,#8771,#8772));
#1628=EDGE_LOOP('',(#8773,#8774,#8775,#8776));
#1629=EDGE_LOOP('',(#8777,#8778,#8779,#8780));
#1630=EDGE_LOOP('',(#8781,#8782,#8783,#8784));
#1631=EDGE_LOOP('',(#8785,#8786,#8787,#8788));
#1632=EDGE_LOOP('',(#8789,#8790,#8791,#8792));
#1633=EDGE_LOOP('',(#8793,#8794,#8795,#8796));
#1634=EDGE_LOOP('',(#8797,#8798,#8799,#8800));
#1635=EDGE_LOOP('',(#8801,#8802,#8803,#8804));
#1636=EDGE_LOOP('',(#8805,#8806,#8807,#8808));
#1637=EDGE_LOOP('',(#8809,#8810,#8811,#8812));
#1638=EDGE_LOOP('',(#8813,#8814,#8815,#8816));
#1639=EDGE_LOOP('',(#8817,#8818,#8819,#8820));
#1640=EDGE_LOOP('',(#8821,#8822,#8823,#8824));
#1641=EDGE_LOOP('',(#8825,#8826,#8827,#8828));
#1642=EDGE_LOOP('',(#8829,#8830,#8831,#8832));
#1643=EDGE_LOOP('',(#8833,#8834,#8835,#8836));
#1644=EDGE_LOOP('',(#8837,#8838,#8839,#8840));
#1645=EDGE_LOOP('',(#8841,#8842,#8843,#8844));
#1646=EDGE_LOOP('',(#8845,#8846,#8847,#8848));
#1647=EDGE_LOOP('',(#8849,#8850,#8851,#8852));
#1648=EDGE_LOOP('',(#8853,#8854,#8855,#8856));
#1649=EDGE_LOOP('',(#8857,#8858,#8859,#8860));
#1650=EDGE_LOOP('',(#8861,#8862,#8863,#8864));
#1651=EDGE_LOOP('',(#8865,#8866,#8867,#8868));
#1652=EDGE_LOOP('',(#8869,#8870,#8871,#8872));
#1653=EDGE_LOOP('',(#8873,#8874,#8875,#8876));
#1654=EDGE_LOOP('',(#8877,#8878,#8879,#8880));
#1655=EDGE_LOOP('',(#8881,#8882,#8883,#8884));
#1656=EDGE_LOOP('',(#8885,#8886,#8887,#8888));
#1657=EDGE_LOOP('',(#8889,#8890,#8891,#8892));
#1658=EDGE_LOOP('',(#8893,#8894,#8895,#8896));
#1659=EDGE_LOOP('',(#8897,#8898,#8899,#8900));
#1660=EDGE_LOOP('',(#8901,#8902,#8903,#8904));
#1661=EDGE_LOOP('',(#8905,#8906,#8907,#8908));
#1662=EDGE_LOOP('',(#8909,#8910,#8911,#8912));
#1663=EDGE_LOOP('',(#8913,#8914,#8915,#8916));
#1664=EDGE_LOOP('',(#8917,#8918,#8919,#8920));
#1665=EDGE_LOOP('',(#8921,#8922,#8923,#8924));
#1666=EDGE_LOOP('',(#8925,#8926,#8927,#8928));
#1667=EDGE_LOOP('',(#8929,#8930,#8931,#8932));
#1668=EDGE_LOOP('',(#8933,#8934,#8935,#8936));
#1669=EDGE_LOOP('',(#8937,#8938,#8939,#8940));
#1670=EDGE_LOOP('',(#8941,#8942,#8943,#8944));
#1671=EDGE_LOOP('',(#8945,#8946,#8947,#8948));
#1672=EDGE_LOOP('',(#8949,#8950,#8951,#8952));
#1673=EDGE_LOOP('',(#8953,#8954,#8955,#8956));
#1674=EDGE_LOOP('',(#8957,#8958,#8959,#8960));
#1675=EDGE_LOOP('',(#8961,#8962,#8963,#8964));
#1676=EDGE_LOOP('',(#8965,#8966,#8967,#8968));
#1677=EDGE_LOOP('',(#8969,#8970,#8971,#8972));
#1678=EDGE_LOOP('',(#8973,#8974,#8975,#8976));
#1679=EDGE_LOOP('',(#8977,#8978,#8979,#8980));
#1680=EDGE_LOOP('',(#8981,#8982,#8983,#8984));
#1681=EDGE_LOOP('',(#8985,#8986,#8987,#8988));
#1682=EDGE_LOOP('',(#8989,#8990,#8991,#8992));
#1683=EDGE_LOOP('',(#8993,#8994,#8995,#8996));
#1684=EDGE_LOOP('',(#8997,#8998,#8999,#9000));
#1685=EDGE_LOOP('',(#9001,#9002,#9003,#9004));
#1686=EDGE_LOOP('',(#9005,#9006,#9007,#9008));
#1687=EDGE_LOOP('',(#9009,#9010,#9011,#9012));
#1688=EDGE_LOOP('',(#9013,#9014,#9015,#9016));
#1689=EDGE_LOOP('',(#9017,#9018,#9019,#9020));
#1690=EDGE_LOOP('',(#9021,#9022,#9023,#9024));
#1691=EDGE_LOOP('',(#9025,#9026,#9027,#9028));
#1692=EDGE_LOOP('',(#9029,#9030,#9031,#9032));
#1693=EDGE_LOOP('',(#9033,#9034,#9035,#9036));
#1694=EDGE_LOOP('',(#9037,#9038,#9039,#9040));
#1695=EDGE_LOOP('',(#9041,#9042,#9043,#9044));
#1696=EDGE_LOOP('',(#9045,#9046,#9047,#9048));
#1697=EDGE_LOOP('',(#9049,#9050,#9051,#9052));
#1698=EDGE_LOOP('',(#9053,#9054,#9055,#9056));
#1699=EDGE_LOOP('',(#9057,#9058,#9059,#9060));
#1700=EDGE_LOOP('',(#9061,#9062,#9063,#9064));
#1701=EDGE_LOOP('',(#9065,#9066,#9067,#9068));
#1702=EDGE_LOOP('',(#9069,#9070,#9071,#9072));
#1703=EDGE_LOOP('',(#9073,#9074,#9075,#9076));
#1704=EDGE_LOOP('',(#9077,#9078,#9079,#9080));
#1705=EDGE_LOOP('',(#9081,#9082,#9083,#9084));
#1706=EDGE_LOOP('',(#9085,#9086,#9087,#9088));
#1707=EDGE_LOOP('',(#9089,#9090,#9091,#9092));
#1708=EDGE_LOOP('',(#9093,#9094,#9095,#9096));
#1709=EDGE_LOOP('',(#9097,#9098,#9099,#9100));
#1710=EDGE_LOOP('',(#9101,#9102,#9103,#9104));
#1711=EDGE_LOOP('',(#9105,#9106,#9107,#9108));
#1712=EDGE_LOOP('',(#9109,#9110,#9111,#9112));
#1713=EDGE_LOOP('',(#9113,#9114,#9115,#9116));
#1714=EDGE_LOOP('',(#9117,#9118,#9119,#9120));
#1715=EDGE_LOOP('',(#9121,#9122,#9123,#9124));
#1716=EDGE_LOOP('',(#9125,#9126,#9127,#9128));
#1717=EDGE_LOOP('',(#9129,#9130,#9131,#9132));
#1718=EDGE_LOOP('',(#9133,#9134,#9135,#9136));
#1719=EDGE_LOOP('',(#9137,#9138,#9139,#9140));
#1720=EDGE_LOOP('',(#9141,#9142,#9143,#9144));
#1721=EDGE_LOOP('',(#9145,#9146,#9147,#9148));
#1722=EDGE_LOOP('',(#9149,#9150,#9151,#9152));
#1723=EDGE_LOOP('',(#9153,#9154,#9155,#9156));
#1724=EDGE_LOOP('',(#9157,#9158,#9159,#9160));
#1725=EDGE_LOOP('',(#9161,#9162,#9163,#9164));
#1726=EDGE_LOOP('',(#9165,#9166,#9167,#9168));
#1727=EDGE_LOOP('',(#9169,#9170,#9171,#9172));
#1728=EDGE_LOOP('',(#9173,#9174,#9175,#9176));
#1729=EDGE_LOOP('',(#9177,#9178,#9179,#9180));
#1730=EDGE_LOOP('',(#9181,#9182,#9183,#9184));
#1731=EDGE_LOOP('',(#9185,#9186,#9187,#9188));
#1732=EDGE_LOOP('',(#9189,#9190,#9191,#9192));
#1733=EDGE_LOOP('',(#9193,#9194,#9195,#9196));
#1734=EDGE_LOOP('',(#9197,#9198,#9199,#9200));
#1735=EDGE_LOOP('',(#9201,#9202,#9203,#9204));
#1736=EDGE_LOOP('',(#9205,#9206,#9207,#9208));
#1737=EDGE_LOOP('',(#9209,#9210,#9211,#9212));
#1738=EDGE_LOOP('',(#9213,#9214,#9215,#9216));
#1739=EDGE_LOOP('',(#9217,#9218,#9219,#9220));
#1740=EDGE_LOOP('',(#9221,#9222,#9223,#9224));
#1741=EDGE_LOOP('',(#9225,#9226,#9227,#9228));
#1742=EDGE_LOOP('',(#9229,#9230,#9231,#9232));
#1743=EDGE_LOOP('',(#9233,#9234,#9235,#9236));
#1744=EDGE_LOOP('',(#9237,#9238,#9239,#9240));
#1745=EDGE_LOOP('',(#9241,#9242,#9243,#9244));
#1746=EDGE_LOOP('',(#9245,#9246,#9247,#9248));
#1747=EDGE_LOOP('',(#9249,#9250,#9251,#9252));
#1748=EDGE_LOOP('',(#9253,#9254,#9255,#9256));
#1749=EDGE_LOOP('',(#9257,#9258,#9259,#9260));
#1750=EDGE_LOOP('',(#9261,#9262,#9263,#9264));
#1751=EDGE_LOOP('',(#9265,#9266,#9267,#9268));
#1752=EDGE_LOOP('',(#9269,#9270,#9271,#9272));
#1753=EDGE_LOOP('',(#9273,#9274,#9275,#9276));
#1754=EDGE_LOOP('',(#9277,#9278,#9279,#9280));
#1755=EDGE_LOOP('',(#9281,#9282,#9283,#9284));
#1756=EDGE_LOOP('',(#9285,#9286,#9287,#9288));
#1757=EDGE_LOOP('',(#9289,#9290,#9291,#9292));
#1758=EDGE_LOOP('',(#9293,#9294,#9295,#9296));
#1759=EDGE_LOOP('',(#9297,#9298,#9299,#9300));
#1760=EDGE_LOOP('',(#9301,#9302,#9303,#9304));
#1761=EDGE_LOOP('',(#9305,#9306,#9307,#9308));
#1762=EDGE_LOOP('',(#9309,#9310,#9311,#9312));
#1763=EDGE_LOOP('',(#9313,#9314,#9315,#9316));
#1764=EDGE_LOOP('',(#9317,#9318,#9319,#9320));
#1765=EDGE_LOOP('',(#9321,#9322,#9323,#9324));
#1766=EDGE_LOOP('',(#9325,#9326,#9327,#9328));
#1767=EDGE_LOOP('',(#9329,#9330,#9331,#9332));
#1768=EDGE_LOOP('',(#9333,#9334,#9335,#9336));
#1769=EDGE_LOOP('',(#9337,#9338,#9339,#9340));
#1770=EDGE_LOOP('',(#9341,#9342,#9343,#9344));
#1771=EDGE_LOOP('',(#9345,#9346,#9347,#9348));
#1772=EDGE_LOOP('',(#9349,#9350,#9351,#9352));
#1773=EDGE_LOOP('',(#9353,#9354,#9355,#9356));
#1774=EDGE_LOOP('',(#9357,#9358,#9359,#9360));
#1775=EDGE_LOOP('',(#9361,#9362,#9363,#9364));
#1776=EDGE_LOOP('',(#9365,#9366,#9367,#9368));
#1777=EDGE_LOOP('',(#9369,#9370,#9371,#9372));
#1778=EDGE_LOOP('',(#9373,#9374,#9375,#9376));
#1779=EDGE_LOOP('',(#9377,#9378,#9379,#9380));
#1780=EDGE_LOOP('',(#9381,#9382,#9383,#9384));
#1781=EDGE_LOOP('',(#9385,#9386,#9387,#9388));
#1782=EDGE_LOOP('',(#9389,#9390,#9391,#9392,#9393,#9394,#9395,#9396,#9397,
#9398,#9399,#9400,#9401,#9402,#9403,#9404,#9405,#9406,#9407,#9408,#9409,
#9410,#9411,#9412,#9413,#9414,#9415,#9416,#9417,#9418,#9419,#9420,#9421,
#9422,#9423,#9424,#9425,#9426,#9427,#9428,#9429,#9430,#9431,#9432,#9433,
#9434,#9435,#9436,#9437,#9438,#9439,#9440,#9441,#9442,#9443,#9444,#9445,
#9446,#9447,#9448,#9449,#9450,#9451,#9452,#9453,#9454,#9455,#9456,#9457,
#9458,#9459,#9460,#9461,#9462,#9463,#9464,#9465,#9466,#9467,#9468,#9469,
#9470,#9471,#9472,#9473,#9474,#9475,#9476,#9477,#9478,#9479,#9480,#9481,
#9482,#9483,#9484,#9485,#9486,#9487,#9488,#9489,#9490,#9491,#9492,#9493,
#9494,#9495,#9496,#9497,#9498,#9499,#9500,#9501,#9502,#9503,#9504,#9505,
#9506,#9507,#9508,#9509,#9510,#9511,#9512,#9513,#9514,#9515,#9516,#9517,
#9518,#9519,#9520,#9521,#9522,#9523,#9524,#9525,#9526,#9527,#9528,#9529,
#9530,#9531,#9532,#9533,#9534,#9535,#9536,#9537,#9538,#9539,#9540,#9541,
#9542,#9543,#9544,#9545,#9546,#9547,#9548,#9549,#9550,#9551,#9552,#9553,
#9554,#9555,#9556,#9557,#9558,#9559,#9560,#9561,#9562,#9563,#9564,#9565,
#9566,#9567,#9568,#9569,#9570,#9571,#9572,#9573,#9574,#9575,#9576,#9577,
#9578,#9579,#9580,#9581,#9582,#9583,#9584,#9585,#9586,#9587,#9588,#9589,
#9590,#9591,#9592,#9593,#9594,#9595,#9596,#9597,#9598,#9599,#9600,#9601,
#9602,#9603,#9604,#9605,#9606,#9607,#9608,#9609,#9610,#9611,#9612,#9613,
#9614,#9615,#9616,#9617,#9618,#9619,#9620,#9621,#9622,#9623,#9624,#9625,
#9626,#9627,#9628));
#1783=EDGE_LOOP('',(#9629));
#1784=EDGE_LOOP('',(#9630));
#1785=EDGE_LOOP('',(#9631));
#1786=EDGE_LOOP('',(#9632));
#1787=EDGE_LOOP('',(#9633));
#1788=EDGE_LOOP('',(#9634,#9635,#9636,#9637));
#1789=EDGE_LOOP('',(#9638,#9639,#9640,#9641));
#1790=EDGE_LOOP('',(#9642,#9643,#9644,#9645));
#1791=EDGE_LOOP('',(#9646,#9647,#9648,#9649));
#1792=EDGE_LOOP('',(#9650,#9651,#9652,#9653,#9654,#9655,#9656,#9657,#9658,
#9659,#9660,#9661,#9662,#9663,#9664,#9665,#9666,#9667,#9668,#9669,#9670,
#9671,#9672,#9673,#9674,#9675,#9676,#9677,#9678,#9679,#9680,#9681,#9682,
#9683,#9684,#9685,#9686,#9687,#9688,#9689,#9690,#9691,#9692,#9693,#9694,
#9695,#9696,#9697));
#1793=EDGE_LOOP('',(#9698));
#1794=EDGE_LOOP('',(#9699,#9700,#9701,#9702));
#1795=EDGE_LOOP('',(#9703,#9704,#9705,#9706));
#1796=EDGE_LOOP('',(#9707,#9708,#9709,#9710));
#1797=EDGE_LOOP('',(#9711,#9712,#9713,#9714));
#1798=EDGE_LOOP('',(#9715,#9716,#9717,#9718));
#1799=EDGE_LOOP('',(#9719,#9720,#9721,#9722));
#1800=EDGE_LOOP('',(#9723,#9724,#9725,#9726));
#1801=EDGE_LOOP('',(#9727,#9728,#9729,#9730));
#1802=EDGE_LOOP('',(#9731,#9732,#9733,#9734));
#1803=EDGE_LOOP('',(#9735,#9736,#9737,#9738));
#1804=EDGE_LOOP('',(#9739,#9740,#9741,#9742));
#1805=EDGE_LOOP('',(#9743,#9744,#9745,#9746));
#1806=EDGE_LOOP('',(#9747,#9748,#9749,#9750));
#1807=EDGE_LOOP('',(#9751,#9752,#9753,#9754));
#1808=EDGE_LOOP('',(#9755,#9756,#9757,#9758));
#1809=EDGE_LOOP('',(#9759,#9760,#9761,#9762));
#1810=EDGE_LOOP('',(#9763,#9764,#9765,#9766));
#1811=EDGE_LOOP('',(#9767,#9768,#9769,#9770));
#1812=EDGE_LOOP('',(#9771,#9772,#9773,#9774));
#1813=EDGE_LOOP('',(#9775,#9776,#9777,#9778));
#1814=EDGE_LOOP('',(#9779,#9780,#9781,#9782));
#1815=EDGE_LOOP('',(#9783,#9784,#9785,#9786));
#1816=EDGE_LOOP('',(#9787,#9788,#9789,#9790));
#1817=EDGE_LOOP('',(#9791,#9792,#9793,#9794));
#1818=EDGE_LOOP('',(#9795,#9796,#9797,#9798));
#1819=EDGE_LOOP('',(#9799,#9800,#9801,#9802));
#1820=EDGE_LOOP('',(#9803,#9804,#9805,#9806));
#1821=EDGE_LOOP('',(#9807,#9808,#9809,#9810));
#1822=EDGE_LOOP('',(#9811,#9812,#9813,#9814));
#1823=EDGE_LOOP('',(#9815,#9816,#9817,#9818));
#1824=EDGE_LOOP('',(#9819,#9820,#9821,#9822));
#1825=EDGE_LOOP('',(#9823,#9824,#9825,#9826));
#1826=EDGE_LOOP('',(#9827,#9828,#9829,#9830));
#1827=EDGE_LOOP('',(#9831,#9832,#9833,#9834));
#1828=EDGE_LOOP('',(#9835,#9836,#9837,#9838));
#1829=EDGE_LOOP('',(#9839,#9840,#9841,#9842));
#1830=EDGE_LOOP('',(#9843,#9844,#9845,#9846));
#1831=EDGE_LOOP('',(#9847,#9848,#9849,#9850));
#1832=EDGE_LOOP('',(#9851,#9852,#9853,#9854));
#1833=EDGE_LOOP('',(#9855,#9856,#9857,#9858));
#1834=EDGE_LOOP('',(#9859,#9860,#9861,#9862));
#1835=EDGE_LOOP('',(#9863,#9864,#9865,#9866));
#1836=EDGE_LOOP('',(#9867,#9868,#9869,#9870));
#1837=EDGE_LOOP('',(#9871,#9872,#9873,#9874));
#1838=EDGE_LOOP('',(#9875,#9876,#9877,#9878));
#1839=EDGE_LOOP('',(#9879,#9880,#9881,#9882,#9883,#9884,#9885,#9886,#9887,
#9888,#9889,#9890,#9891,#9892,#9893,#9894,#9895,#9896,#9897,#9898,#9899,
#9900,#9901,#9902,#9903,#9904,#9905,#9906,#9907,#9908,#9909,#9910,#9911,
#9912,#9913,#9914,#9915,#9916,#9917,#9918,#9919,#9920,#9921,#9922,#9923,
#9924,#9925,#9926));
#1840=EDGE_LOOP('',(#9927));
#1841=LINE('',#14612,#2964);
#1842=LINE('',#14617,#2965);
#1843=LINE('',#14624,#2966);
#1844=LINE('',#14626,#2967);
#1845=LINE('',#14629,#2968);
#1846=LINE('',#14632,#2969);
#1847=LINE('',#14634,#2970);
#1848=LINE('',#14636,#2971);
#1849=LINE('',#14638,#2972);
#1850=LINE('',#14639,#2973);
#1851=LINE('',#14643,#2974);
#1852=LINE('',#14650,#2975);
#1853=LINE('',#14652,#2976);
#1854=LINE('',#14655,#2977);
#1855=LINE('',#14658,#2978);
#1856=LINE('',#14660,#2979);
#1857=LINE('',#14662,#2980);
#1858=LINE('',#14664,#2981);
#1859=LINE('',#14665,#2982);
#1860=LINE('',#14670,#2983);
#1861=LINE('',#14674,#2984);
#1862=LINE('',#14678,#2985);
#1863=LINE('',#14687,#2986);
#1864=LINE('',#14689,#2987);
#1865=LINE('',#14691,#2988);
#1866=LINE('',#14695,#2989);
#1867=LINE('',#14697,#2990);
#1868=LINE('',#14699,#2991);
#1869=LINE('',#14703,#2992);
#1870=LINE('',#14705,#2993);
#1871=LINE('',#14707,#2994);
#1872=LINE('',#14711,#2995);
#1873=LINE('',#14713,#2996);
#1874=LINE('',#14714,#2997);
#1875=LINE('',#14715,#2998);
#1876=LINE('',#14717,#2999);
#1877=LINE('',#14719,#3000);
#1878=LINE('',#14727,#3001);
#1879=LINE('',#14731,#3002);
#1880=LINE('',#14735,#3003);
#1881=LINE('',#14737,#3004);
#1882=LINE('',#14739,#3005);
#1883=LINE('',#14743,#3006);
#1884=LINE('',#14747,#3007);
#1885=LINE('',#14749,#3008);
#1886=LINE('',#14751,#3009);
#1887=LINE('',#14755,#3010);
#1888=LINE('',#14759,#3011);
#1889=LINE('',#14761,#3012);
#1890=LINE('',#14763,#3013);
#1891=LINE('',#14767,#3014);
#1892=LINE('',#14771,#3015);
#1893=LINE('',#14776,#3016);
#1894=LINE('',#14777,#3017);
#1895=LINE('',#14796,#3018);
#1896=LINE('',#14797,#3019);
#1897=LINE('',#14798,#3020);
#1898=LINE('',#14803,#3021);
#1899=LINE('',#14807,#3022);
#1900=LINE('',#14812,#3023);
#1901=LINE('',#14815,#3024);
#1902=LINE('',#14818,#3025);
#1903=LINE('',#14821,#3026);
#1904=LINE('',#14824,#3027);
#1905=LINE('',#14827,#3028);
#1906=LINE('',#14833,#3029);
#1907=LINE('',#14839,#3030);
#1908=LINE('',#14846,#3031);
#1909=LINE('',#14853,#3032);
#1910=LINE('',#14860,#3033);
#1911=LINE('',#14867,#3034);
#1912=LINE('',#14874,#3035);
#1913=LINE('',#14880,#3036);
#1914=LINE('',#14882,#3037);
#1915=LINE('',#14884,#3038);
#1916=LINE('',#14885,#3039);
#1917=LINE('',#14887,#3040);
#1918=LINE('',#14888,#3041);
#1919=LINE('',#14891,#3042);
#1920=LINE('',#14893,#3043);
#1921=LINE('',#14894,#3044);
#1922=LINE('',#14896,#3045);
#1923=LINE('',#14898,#3046);
#1924=LINE('',#14900,#3047);
#1925=LINE('',#14901,#3048);
#1926=LINE('',#14902,#3049);
#1927=LINE('',#14907,#3050);
#1928=LINE('',#14914,#3051);
#1929=LINE('',#14919,#3052);
#1930=LINE('',#14921,#3053);
#1931=LINE('',#14922,#3054);
#1932=LINE('',#14923,#3055);
#1933=LINE('',#14925,#3056);
#1934=LINE('',#14928,#3057);
#1935=LINE('',#14931,#3058);
#1936=LINE('',#14933,#3059);
#1937=LINE('',#14934,#3060);
#1938=LINE('',#14936,#3061);
#1939=LINE('',#14938,#3062);
#1940=LINE('',#14942,#3063);
#1941=LINE('',#14944,#3064);
#1942=LINE('',#14945,#3065);
#1943=LINE('',#14947,#3066);
#1944=LINE('',#14949,#3067);
#1945=LINE('',#14955,#3068);
#1946=LINE('',#14959,#3069);
#1947=LINE('',#14961,#3070);
#1948=LINE('',#14962,#3071);
#1949=LINE('',#14964,#3072);
#1950=LINE('',#14966,#3073);
#1951=LINE('',#14969,#3074);
#1952=LINE('',#14973,#3075);
#1953=LINE('',#14974,#3076);
#1954=LINE('',#14977,#3077);
#1955=LINE('',#14978,#3078);
#1956=LINE('',#14981,#3079);
#1957=LINE('',#14982,#3080);
#1958=LINE('',#14985,#3081);
#1959=LINE('',#14986,#3082);
#1960=LINE('',#14991,#3083);
#1961=LINE('',#14999,#3084);
#1962=LINE('',#15005,#3085);
#1963=LINE('',#15009,#3086);
#1964=LINE('',#15013,#3087);
#1965=LINE('',#15017,#3088);
#1966=LINE('',#15020,#3089);
#1967=LINE('',#15022,#3090);
#1968=LINE('',#15023,#3091);
#1969=LINE('',#15026,#3092);
#1970=LINE('',#15028,#3093);
#1971=LINE('',#15029,#3094);
#1972=LINE('',#15032,#3095);
#1973=LINE('',#15034,#3096);
#1974=LINE('',#15035,#3097);
#1975=LINE('',#15038,#3098);
#1976=LINE('',#15040,#3099);
#1977=LINE('',#15041,#3100);
#1978=LINE('',#15044,#3101);
#1979=LINE('',#15046,#3102);
#1980=LINE('',#15047,#3103);
#1981=LINE('',#15050,#3104);
#1982=LINE('',#15052,#3105);
#1983=LINE('',#15053,#3106);
#1984=LINE('',#15056,#3107);
#1985=LINE('',#15058,#3108);
#1986=LINE('',#15059,#3109);
#1987=LINE('',#15061,#3110);
#1988=LINE('',#15064,#3111);
#1989=LINE('',#15066,#3112);
#1990=LINE('',#15067,#3113);
#1991=LINE('',#15069,#3114);
#1992=LINE('',#15072,#3115);
#1993=LINE('',#15073,#3116);
#1994=LINE('',#15076,#3117);
#1995=LINE('',#15077,#3118);
#1996=LINE('',#15080,#3119);
#1997=LINE('',#15081,#3120);
#1998=LINE('',#15087,#3121);
#1999=LINE('',#15091,#3122);
#2000=LINE('',#15099,#3123);
#2001=LINE('',#15104,#3124);
#2002=LINE('',#15106,#3125);
#2003=LINE('',#15107,#3126);
#2004=LINE('',#15111,#3127);
#2005=LINE('',#15113,#3128);
#2006=LINE('',#15114,#3129);
#2007=LINE('',#15115,#3130);
#2008=LINE('',#15117,#3131);
#2009=LINE('',#15119,#3132);
#2010=LINE('',#15120,#3133);
#2011=LINE('',#15123,#3134);
#2012=LINE('',#15125,#3135);
#2013=LINE('',#15126,#3136);
#2014=LINE('',#15136,#3137);
#2015=LINE('',#15146,#3138);
#2016=LINE('',#15148,#3139);
#2017=LINE('',#15150,#3140);
#2018=LINE('',#15151,#3141);
#2019=LINE('',#15155,#3142);
#2020=LINE('',#15157,#3143);
#2021=LINE('',#15159,#3144);
#2022=LINE('',#15160,#3145);
#2023=LINE('',#15163,#3146);
#2024=LINE('',#15164,#3147);
#2025=LINE('',#15165,#3148);
#2026=LINE('',#15168,#3149);
#2027=LINE('',#15169,#3150);
#2028=LINE('',#15171,#3151);
#2029=LINE('',#15172,#3152);
#2030=LINE('',#15176,#3153);
#2031=LINE('',#15178,#3154);
#2032=LINE('',#15182,#3155);
#2033=LINE('',#15184,#3156);
#2034=LINE('',#15186,#3157);
#2035=LINE('',#15190,#3158);
#2036=LINE('',#15192,#3159);
#2037=LINE('',#15194,#3160);
#2038=LINE('',#15198,#3161);
#2039=LINE('',#15200,#3162);
#2040=LINE('',#15202,#3163);
#2041=LINE('',#15206,#3164);
#2042=LINE('',#15207,#3165);
#2043=LINE('',#15234,#3166);
#2044=LINE('',#15238,#3167);
#2045=LINE('',#15242,#3168);
#2046=LINE('',#15246,#3169);
#2047=LINE('',#15250,#3170);
#2048=LINE('',#15254,#3171);
#2049=LINE('',#15258,#3172);
#2050=LINE('',#15260,#3173);
#2051=LINE('',#15261,#3174);
#2052=LINE('',#15264,#3175);
#2053=LINE('',#15266,#3176);
#2054=LINE('',#15267,#3177);
#2055=LINE('',#15269,#3178);
#2056=LINE('',#15274,#3179);
#2057=LINE('',#15276,#3180);
#2058=LINE('',#15278,#3181);
#2059=LINE('',#15282,#3182);
#2060=LINE('',#15284,#3183);
#2061=LINE('',#15286,#3184);
#2062=LINE('',#15290,#3185);
#2063=LINE('',#15292,#3186);
#2064=LINE('',#15294,#3187);
#2065=LINE('',#15311,#3188);
#2066=LINE('',#15313,#3189);
#2067=LINE('',#15315,#3190);
#2068=LINE('',#15317,#3191);
#2069=LINE('',#15318,#3192);
#2070=LINE('',#15320,#3193);
#2071=LINE('',#15321,#3194);
#2072=LINE('',#15325,#3195);
#2073=LINE('',#15327,#3196);
#2074=LINE('',#15329,#3197);
#2075=LINE('',#15330,#3198);
#2076=LINE('',#15332,#3199);
#2077=LINE('',#15333,#3200);
#2078=LINE('',#15337,#3201);
#2079=LINE('',#15339,#3202);
#2080=LINE('',#15341,#3203);
#2081=LINE('',#15343,#3204);
#2082=LINE('',#15344,#3205);
#2083=LINE('',#15347,#3206);
#2084=LINE('',#15354,#3207);
#2085=LINE('',#15359,#3208);
#2086=LINE('',#15361,#3209);
#2087=LINE('',#15363,#3210);
#2088=LINE('',#15364,#3211);
#2089=LINE('',#15368,#3212);
#2090=LINE('',#15369,#3213);
#2091=LINE('',#15370,#3214);
#2092=LINE('',#15374,#3215);
#2093=LINE('',#15376,#3216);
#2094=LINE('',#15378,#3217);
#2095=LINE('',#15379,#3218);
#2096=LINE('',#15382,#3219);
#2097=LINE('',#15383,#3220);
#2098=LINE('',#15384,#3221);
#2099=LINE('',#15387,#3222);
#2100=LINE('',#15388,#3223);
#2101=LINE('',#15390,#3224);
#2102=LINE('',#15392,#3225);
#2103=LINE('',#15397,#3226);
#2104=LINE('',#15399,#3227);
#2105=LINE('',#15401,#3228);
#2106=LINE('',#15402,#3229);
#2107=LINE('',#15405,#3230);
#2108=LINE('',#15407,#3231);
#2109=LINE('',#15409,#3232);
#2110=LINE('',#15411,#3233);
#2111=LINE('',#15412,#3234);
#2112=LINE('',#15417,#3235);
#2113=LINE('',#15419,#3236);
#2114=LINE('',#15420,#3237);
#2115=LINE('',#15423,#3238);
#2116=LINE('',#15424,#3239);
#2117=LINE('',#15426,#3240);
#2118=LINE('',#15428,#3241);
#2119=LINE('',#15429,#3242);
#2120=LINE('',#15434,#3243);
#2121=LINE('',#15437,#3244);
#2122=LINE('',#15442,#3245);
#2123=LINE('',#15448,#3246);
#2124=LINE('',#15453,#3247);
#2125=LINE('',#15455,#3248);
#2126=LINE('',#15457,#3249);
#2127=LINE('',#15458,#3250);
#2128=LINE('',#15462,#3251);
#2129=LINE('',#15464,#3252);
#2130=LINE('',#15466,#3253);
#2131=LINE('',#15467,#3254);
#2132=LINE('',#15469,#3255);
#2133=LINE('',#15470,#3256);
#2134=LINE('',#15472,#3257);
#2135=LINE('',#15474,#3258);
#2136=LINE('',#15480,#3259);
#2137=LINE('',#15482,#3260);
#2138=LINE('',#15484,#3261);
#2139=LINE('',#15486,#3262);
#2140=LINE('',#15488,#3263);
#2141=LINE('',#15490,#3264);
#2142=LINE('',#15492,#3265);
#2143=LINE('',#15493,#3266);
#2144=LINE('',#15496,#3267);
#2145=LINE('',#15498,#3268);
#2146=LINE('',#15499,#3269);
#2147=LINE('',#15502,#3270);
#2148=LINE('',#15504,#3271);
#2149=LINE('',#15505,#3272);
#2150=LINE('',#15508,#3273);
#2151=LINE('',#15510,#3274);
#2152=LINE('',#15511,#3275);
#2153=LINE('',#15513,#3276);
#2154=LINE('',#15515,#3277);
#2155=LINE('',#15518,#3278);
#2156=LINE('',#15520,#3279);
#2157=LINE('',#15522,#3280);
#2158=LINE('',#15524,#3281);
#2159=LINE('',#15526,#3282);
#2160=LINE('',#15528,#3283);
#2161=LINE('',#15530,#3284);
#2162=LINE('',#15531,#3285);
#2163=LINE('',#15536,#3286);
#2164=LINE('',#15537,#3287);
#2165=LINE('',#15541,#3288);
#2166=LINE('',#15546,#3289);
#2167=LINE('',#15547,#3290);
#2168=LINE('',#15552,#3291);
#2169=LINE('',#15554,#3292);
#2170=LINE('',#15557,#3293);
#2171=LINE('',#15559,#3294);
#2172=LINE('',#15562,#3295);
#2173=LINE('',#15564,#3296);
#2174=LINE('',#15565,#3297);
#2175=LINE('',#15573,#3298);
#2176=LINE('',#15581,#3299);
#2177=LINE('',#15588,#3300);
#2178=LINE('',#15596,#3301);
#2179=LINE('',#15602,#3302);
#2180=LINE('',#15610,#3303);
#2181=LINE('',#15616,#3304);
#2182=LINE('',#15624,#3305);
#2183=LINE('',#15632,#3306);
#2184=LINE('',#15640,#3307);
#2185=LINE('',#15648,#3308);
#2186=LINE('',#15657,#3309);
#2187=LINE('',#15663,#3310);
#2188=LINE('',#15669,#3311);
#2189=LINE('',#15675,#3312);
#2190=LINE('',#15681,#3313);
#2191=LINE('',#15687,#3314);
#2192=LINE('',#15693,#3315);
#2193=LINE('',#15699,#3316);
#2194=LINE('',#15705,#3317);
#2195=LINE('',#15710,#3318);
#2196=LINE('',#15712,#3319);
#2197=LINE('',#15714,#3320);
#2198=LINE('',#15715,#3321);
#2199=LINE('',#15719,#3322);
#2200=LINE('',#15721,#3323);
#2201=LINE('',#15723,#3324);
#2202=LINE('',#15724,#3325);
#2203=LINE('',#15726,#3326);
#2204=LINE('',#15727,#3327);
#2205=LINE('',#15729,#3328);
#2206=LINE('',#15731,#3329);
#2207=LINE('',#15776,#3330);
#2208=LINE('',#15857,#3331);
#2209=LINE('',#15938,#3332);
#2210=LINE('',#16035,#3333);
#2211=LINE('',#16076,#3334);
#2212=LINE('',#16078,#3335);
#2213=LINE('',#16086,#3336);
#2214=LINE('',#16087,#3337);
#2215=LINE('',#16091,#3338);
#2216=LINE('',#16092,#3339);
#2217=LINE('',#16094,#3340);
#2218=LINE('',#16103,#3341);
#2219=LINE('',#16109,#3342);
#2220=LINE('',#16115,#3343);
#2221=LINE('',#16121,#3344);
#2222=LINE('',#16127,#3345);
#2223=LINE('',#16133,#3346);
#2224=LINE('',#16139,#3347);
#2225=LINE('',#16145,#3348);
#2226=LINE('',#16150,#3349);
#2227=LINE('',#16152,#3350);
#2228=LINE('',#16154,#3351);
#2229=LINE('',#16155,#3352);
#2230=LINE('',#16159,#3353);
#2231=LINE('',#16161,#3354);
#2232=LINE('',#16163,#3355);
#2233=LINE('',#16164,#3356);
#2234=LINE('',#16166,#3357);
#2235=LINE('',#16167,#3358);
#2236=LINE('',#16169,#3359);
#2237=LINE('',#16171,#3360);
#2238=LINE('',#16177,#3361);
#2239=LINE('',#16183,#3362);
#2240=LINE('',#16189,#3363);
#2241=LINE('',#16195,#3364);
#2242=LINE('',#16201,#3365);
#2243=LINE('',#16206,#3366);
#2244=LINE('',#16208,#3367);
#2245=LINE('',#16210,#3368);
#2246=LINE('',#16211,#3369);
#2247=LINE('',#16215,#3370);
#2248=LINE('',#16217,#3371);
#2249=LINE('',#16219,#3372);
#2250=LINE('',#16220,#3373);
#2251=LINE('',#16222,#3374);
#2252=LINE('',#16223,#3375);
#2253=LINE('',#16228,#3376);
#2254=LINE('',#16230,#3377);
#2255=LINE('',#16232,#3378);
#2256=LINE('',#16236,#3379);
#2257=LINE('',#16238,#3380);
#2258=LINE('',#16240,#3381);
#2259=LINE('',#16244,#3382);
#2260=LINE('',#16246,#3383);
#2261=LINE('',#16248,#3384);
#2262=LINE('',#16252,#3385);
#2263=LINE('',#16254,#3386);
#2264=LINE('',#16256,#3387);
#2265=LINE('',#16260,#3388);
#2266=LINE('',#16262,#3389);
#2267=LINE('',#16264,#3390);
#2268=LINE('',#16268,#3391);
#2269=LINE('',#16270,#3392);
#2270=LINE('',#16272,#3393);
#2271=LINE('',#16276,#3394);
#2272=LINE('',#16278,#3395);
#2273=LINE('',#16280,#3396);
#2274=LINE('',#16284,#3397);
#2275=LINE('',#16286,#3398);
#2276=LINE('',#16288,#3399);
#2277=LINE('',#16292,#3400);
#2278=LINE('',#16294,#3401);
#2279=LINE('',#16296,#3402);
#2280=LINE('',#16300,#3403);
#2281=LINE('',#16302,#3404);
#2282=LINE('',#16304,#3405);
#2283=LINE('',#16308,#3406);
#2284=LINE('',#16310,#3407);
#2285=LINE('',#16312,#3408);
#2286=LINE('',#16316,#3409);
#2287=LINE('',#16318,#3410);
#2288=LINE('',#16320,#3411);
#2289=LINE('',#16324,#3412);
#2290=LINE('',#16326,#3413);
#2291=LINE('',#16328,#3414);
#2292=LINE('',#16332,#3415);
#2293=LINE('',#16334,#3416);
#2294=LINE('',#16336,#3417);
#2295=LINE('',#16340,#3418);
#2296=LINE('',#16342,#3419);
#2297=LINE('',#16344,#3420);
#2298=LINE('',#16348,#3421);
#2299=LINE('',#16350,#3422);
#2300=LINE('',#16352,#3423);
#2301=LINE('',#16356,#3424);
#2302=LINE('',#16358,#3425);
#2303=LINE('',#16360,#3426);
#2304=LINE('',#16364,#3427);
#2305=LINE('',#16366,#3428);
#2306=LINE('',#16368,#3429);
#2307=LINE('',#16372,#3430);
#2308=LINE('',#16374,#3431);
#2309=LINE('',#16376,#3432);
#2310=LINE('',#16380,#3433);
#2311=LINE('',#16382,#3434);
#2312=LINE('',#16384,#3435);
#2313=LINE('',#16388,#3436);
#2314=LINE('',#16390,#3437);
#2315=LINE('',#16392,#3438);
#2316=LINE('',#16396,#3439);
#2317=LINE('',#16398,#3440);
#2318=LINE('',#16400,#3441);
#2319=LINE('',#16404,#3442);
#2320=LINE('',#16406,#3443);
#2321=LINE('',#16408,#3444);
#2322=LINE('',#16412,#3445);
#2323=LINE('',#16414,#3446);
#2324=LINE('',#16416,#3447);
#2325=LINE('',#16420,#3448);
#2326=LINE('',#16422,#3449);
#2327=LINE('',#16424,#3450);
#2328=LINE('',#16428,#3451);
#2329=LINE('',#16430,#3452);
#2330=LINE('',#16432,#3453);
#2331=LINE('',#16436,#3454);
#2332=LINE('',#16438,#3455);
#2333=LINE('',#16440,#3456);
#2334=LINE('',#16444,#3457);
#2335=LINE('',#16446,#3458);
#2336=LINE('',#16448,#3459);
#2337=LINE('',#16452,#3460);
#2338=LINE('',#16454,#3461);
#2339=LINE('',#16456,#3462);
#2340=LINE('',#16460,#3463);
#2341=LINE('',#16462,#3464);
#2342=LINE('',#16464,#3465);
#2343=LINE('',#16468,#3466);
#2344=LINE('',#16470,#3467);
#2345=LINE('',#16472,#3468);
#2346=LINE('',#16476,#3469);
#2347=LINE('',#16478,#3470);
#2348=LINE('',#16480,#3471);
#2349=LINE('',#16484,#3472);
#2350=LINE('',#16486,#3473);
#2351=LINE('',#16488,#3474);
#2352=LINE('',#16492,#3475);
#2353=LINE('',#16494,#3476);
#2354=LINE('',#16496,#3477);
#2355=LINE('',#16500,#3478);
#2356=LINE('',#16502,#3479);
#2357=LINE('',#16504,#3480);
#2358=LINE('',#16508,#3481);
#2359=LINE('',#16510,#3482);
#2360=LINE('',#16512,#3483);
#2361=LINE('',#16516,#3484);
#2362=LINE('',#16518,#3485);
#2363=LINE('',#16520,#3486);
#2364=LINE('',#16524,#3487);
#2365=LINE('',#16526,#3488);
#2366=LINE('',#16528,#3489);
#2367=LINE('',#16532,#3490);
#2368=LINE('',#16534,#3491);
#2369=LINE('',#16536,#3492);
#2370=LINE('',#16540,#3493);
#2371=LINE('',#16542,#3494);
#2372=LINE('',#16544,#3495);
#2373=LINE('',#16548,#3496);
#2374=LINE('',#16550,#3497);
#2375=LINE('',#16552,#3498);
#2376=LINE('',#16556,#3499);
#2377=LINE('',#16558,#3500);
#2378=LINE('',#16560,#3501);
#2379=LINE('',#16564,#3502);
#2380=LINE('',#16566,#3503);
#2381=LINE('',#16568,#3504);
#2382=LINE('',#16572,#3505);
#2383=LINE('',#16574,#3506);
#2384=LINE('',#16576,#3507);
#2385=LINE('',#16580,#3508);
#2386=LINE('',#16582,#3509);
#2387=LINE('',#16584,#3510);
#2388=LINE('',#16588,#3511);
#2389=LINE('',#16590,#3512);
#2390=LINE('',#16592,#3513);
#2391=LINE('',#16596,#3514);
#2392=LINE('',#16598,#3515);
#2393=LINE('',#16600,#3516);
#2394=LINE('',#16604,#3517);
#2395=LINE('',#16606,#3518);
#2396=LINE('',#16608,#3519);
#2397=LINE('',#16612,#3520);
#2398=LINE('',#16614,#3521);
#2399=LINE('',#16616,#3522);
#2400=LINE('',#16620,#3523);
#2401=LINE('',#16622,#3524);
#2402=LINE('',#16624,#3525);
#2403=LINE('',#16628,#3526);
#2404=LINE('',#16630,#3527);
#2405=LINE('',#16632,#3528);
#2406=LINE('',#16636,#3529);
#2407=LINE('',#16638,#3530);
#2408=LINE('',#16640,#3531);
#2409=LINE('',#16644,#3532);
#2410=LINE('',#16646,#3533);
#2411=LINE('',#16648,#3534);
#2412=LINE('',#16652,#3535);
#2413=LINE('',#16654,#3536);
#2414=LINE('',#16656,#3537);
#2415=LINE('',#16660,#3538);
#2416=LINE('',#16662,#3539);
#2417=LINE('',#16664,#3540);
#2418=LINE('',#16668,#3541);
#2419=LINE('',#16670,#3542);
#2420=LINE('',#16672,#3543);
#2421=LINE('',#16676,#3544);
#2422=LINE('',#16678,#3545);
#2423=LINE('',#16680,#3546);
#2424=LINE('',#16684,#3547);
#2425=LINE('',#16686,#3548);
#2426=LINE('',#16688,#3549);
#2427=LINE('',#16692,#3550);
#2428=LINE('',#16694,#3551);
#2429=LINE('',#16696,#3552);
#2430=LINE('',#16701,#3553);
#2431=LINE('',#16704,#3554);
#2432=LINE('',#16706,#3555);
#2433=LINE('',#16707,#3556);
#2434=LINE('',#16710,#3557);
#2435=LINE('',#16712,#3558);
#2436=LINE('',#16713,#3559);
#2437=LINE('',#16715,#3560);
#2438=LINE('',#16720,#3561);
#2439=LINE('',#16722,#3562);
#2440=LINE('',#16723,#3563);
#2441=LINE('',#16726,#3564);
#2442=LINE('',#16728,#3565);
#2443=LINE('',#16729,#3566);
#2444=LINE('',#16731,#3567);
#2445=LINE('',#16736,#3568);
#2446=LINE('',#16738,#3569);
#2447=LINE('',#16739,#3570);
#2448=LINE('',#16742,#3571);
#2449=LINE('',#16744,#3572);
#2450=LINE('',#16745,#3573);
#2451=LINE('',#16747,#3574);
#2452=LINE('',#16752,#3575);
#2453=LINE('',#16754,#3576);
#2454=LINE('',#16755,#3577);
#2455=LINE('',#16758,#3578);
#2456=LINE('',#16760,#3579);
#2457=LINE('',#16761,#3580);
#2458=LINE('',#16763,#3581);
#2459=LINE('',#16768,#3582);
#2460=LINE('',#16770,#3583);
#2461=LINE('',#16771,#3584);
#2462=LINE('',#16774,#3585);
#2463=LINE('',#16776,#3586);
#2464=LINE('',#16777,#3587);
#2465=LINE('',#16779,#3588);
#2466=LINE('',#16784,#3589);
#2467=LINE('',#16786,#3590);
#2468=LINE('',#16787,#3591);
#2469=LINE('',#16790,#3592);
#2470=LINE('',#16792,#3593);
#2471=LINE('',#16793,#3594);
#2472=LINE('',#16795,#3595);
#2473=LINE('',#16800,#3596);
#2474=LINE('',#16802,#3597);
#2475=LINE('',#16803,#3598);
#2476=LINE('',#16806,#3599);
#2477=LINE('',#16808,#3600);
#2478=LINE('',#16809,#3601);
#2479=LINE('',#16811,#3602);
#2480=LINE('',#16816,#3603);
#2481=LINE('',#16818,#3604);
#2482=LINE('',#16819,#3605);
#2483=LINE('',#16822,#3606);
#2484=LINE('',#16824,#3607);
#2485=LINE('',#16825,#3608);
#2486=LINE('',#16827,#3609);
#2487=LINE('',#16832,#3610);
#2488=LINE('',#16834,#3611);
#2489=LINE('',#16835,#3612);
#2490=LINE('',#16838,#3613);
#2491=LINE('',#16840,#3614);
#2492=LINE('',#16841,#3615);
#2493=LINE('',#16843,#3616);
#2494=LINE('',#16848,#3617);
#2495=LINE('',#16850,#3618);
#2496=LINE('',#16851,#3619);
#2497=LINE('',#16854,#3620);
#2498=LINE('',#16856,#3621);
#2499=LINE('',#16857,#3622);
#2500=LINE('',#16859,#3623);
#2501=LINE('',#16864,#3624);
#2502=LINE('',#16866,#3625);
#2503=LINE('',#16867,#3626);
#2504=LINE('',#16870,#3627);
#2505=LINE('',#16872,#3628);
#2506=LINE('',#16873,#3629);
#2507=LINE('',#16875,#3630);
#2508=LINE('',#16880,#3631);
#2509=LINE('',#16882,#3632);
#2510=LINE('',#16883,#3633);
#2511=LINE('',#16886,#3634);
#2512=LINE('',#16888,#3635);
#2513=LINE('',#16889,#3636);
#2514=LINE('',#16891,#3637);
#2515=LINE('',#16896,#3638);
#2516=LINE('',#16898,#3639);
#2517=LINE('',#16899,#3640);
#2518=LINE('',#16902,#3641);
#2519=LINE('',#16904,#3642);
#2520=LINE('',#16905,#3643);
#2521=LINE('',#16907,#3644);
#2522=LINE('',#16912,#3645);
#2523=LINE('',#16914,#3646);
#2524=LINE('',#16915,#3647);
#2525=LINE('',#16918,#3648);
#2526=LINE('',#16920,#3649);
#2527=LINE('',#16921,#3650);
#2528=LINE('',#16923,#3651);
#2529=LINE('',#16928,#3652);
#2530=LINE('',#16930,#3653);
#2531=LINE('',#16931,#3654);
#2532=LINE('',#16934,#3655);
#2533=LINE('',#16936,#3656);
#2534=LINE('',#16937,#3657);
#2535=LINE('',#16939,#3658);
#2536=LINE('',#16944,#3659);
#2537=LINE('',#16946,#3660);
#2538=LINE('',#16947,#3661);
#2539=LINE('',#16950,#3662);
#2540=LINE('',#16952,#3663);
#2541=LINE('',#16953,#3664);
#2542=LINE('',#16955,#3665);
#2543=LINE('',#16960,#3666);
#2544=LINE('',#16962,#3667);
#2545=LINE('',#16963,#3668);
#2546=LINE('',#16966,#3669);
#2547=LINE('',#16968,#3670);
#2548=LINE('',#16969,#3671);
#2549=LINE('',#16971,#3672);
#2550=LINE('',#16976,#3673);
#2551=LINE('',#16978,#3674);
#2552=LINE('',#16979,#3675);
#2553=LINE('',#16982,#3676);
#2554=LINE('',#16984,#3677);
#2555=LINE('',#16985,#3678);
#2556=LINE('',#16987,#3679);
#2557=LINE('',#16992,#3680);
#2558=LINE('',#16994,#3681);
#2559=LINE('',#16995,#3682);
#2560=LINE('',#16998,#3683);
#2561=LINE('',#17000,#3684);
#2562=LINE('',#17001,#3685);
#2563=LINE('',#17003,#3686);
#2564=LINE('',#17008,#3687);
#2565=LINE('',#17010,#3688);
#2566=LINE('',#17011,#3689);
#2567=LINE('',#17014,#3690);
#2568=LINE('',#17016,#3691);
#2569=LINE('',#17017,#3692);
#2570=LINE('',#17019,#3693);
#2571=LINE('',#17024,#3694);
#2572=LINE('',#17026,#3695);
#2573=LINE('',#17027,#3696);
#2574=LINE('',#17030,#3697);
#2575=LINE('',#17032,#3698);
#2576=LINE('',#17033,#3699);
#2577=LINE('',#17035,#3700);
#2578=LINE('',#17040,#3701);
#2579=LINE('',#17042,#3702);
#2580=LINE('',#17043,#3703);
#2581=LINE('',#17046,#3704);
#2582=LINE('',#17048,#3705);
#2583=LINE('',#17049,#3706);
#2584=LINE('',#17051,#3707);
#2585=LINE('',#17056,#3708);
#2586=LINE('',#17058,#3709);
#2587=LINE('',#17059,#3710);
#2588=LINE('',#17062,#3711);
#2589=LINE('',#17064,#3712);
#2590=LINE('',#17065,#3713);
#2591=LINE('',#17067,#3714);
#2592=LINE('',#17072,#3715);
#2593=LINE('',#17074,#3716);
#2594=LINE('',#17075,#3717);
#2595=LINE('',#17078,#3718);
#2596=LINE('',#17080,#3719);
#2597=LINE('',#17081,#3720);
#2598=LINE('',#17083,#3721);
#2599=LINE('',#17088,#3722);
#2600=LINE('',#17090,#3723);
#2601=LINE('',#17091,#3724);
#2602=LINE('',#17094,#3725);
#2603=LINE('',#17096,#3726);
#2604=LINE('',#17097,#3727);
#2605=LINE('',#17099,#3728);
#2606=LINE('',#17104,#3729);
#2607=LINE('',#17106,#3730);
#2608=LINE('',#17107,#3731);
#2609=LINE('',#17110,#3732);
#2610=LINE('',#17112,#3733);
#2611=LINE('',#17113,#3734);
#2612=LINE('',#17115,#3735);
#2613=LINE('',#17120,#3736);
#2614=LINE('',#17122,#3737);
#2615=LINE('',#17123,#3738);
#2616=LINE('',#17126,#3739);
#2617=LINE('',#17128,#3740);
#2618=LINE('',#17129,#3741);
#2619=LINE('',#17131,#3742);
#2620=LINE('',#17136,#3743);
#2621=LINE('',#17138,#3744);
#2622=LINE('',#17139,#3745);
#2623=LINE('',#17142,#3746);
#2624=LINE('',#17144,#3747);
#2625=LINE('',#17145,#3748);
#2626=LINE('',#17147,#3749);
#2627=LINE('',#17152,#3750);
#2628=LINE('',#17154,#3751);
#2629=LINE('',#17155,#3752);
#2630=LINE('',#17158,#3753);
#2631=LINE('',#17160,#3754);
#2632=LINE('',#17161,#3755);
#2633=LINE('',#17163,#3756);
#2634=LINE('',#17168,#3757);
#2635=LINE('',#17170,#3758);
#2636=LINE('',#17171,#3759);
#2637=LINE('',#17174,#3760);
#2638=LINE('',#17176,#3761);
#2639=LINE('',#17177,#3762);
#2640=LINE('',#17179,#3763);
#2641=LINE('',#17184,#3764);
#2642=LINE('',#17186,#3765);
#2643=LINE('',#17187,#3766);
#2644=LINE('',#17190,#3767);
#2645=LINE('',#17192,#3768);
#2646=LINE('',#17193,#3769);
#2647=LINE('',#17195,#3770);
#2648=LINE('',#17200,#3771);
#2649=LINE('',#17202,#3772);
#2650=LINE('',#17203,#3773);
#2651=LINE('',#17206,#3774);
#2652=LINE('',#17208,#3775);
#2653=LINE('',#17209,#3776);
#2654=LINE('',#17211,#3777);
#2655=LINE('',#17216,#3778);
#2656=LINE('',#17218,#3779);
#2657=LINE('',#17219,#3780);
#2658=LINE('',#17222,#3781);
#2659=LINE('',#17224,#3782);
#2660=LINE('',#17225,#3783);
#2661=LINE('',#17227,#3784);
#2662=LINE('',#17232,#3785);
#2663=LINE('',#17234,#3786);
#2664=LINE('',#17235,#3787);
#2665=LINE('',#17238,#3788);
#2666=LINE('',#17240,#3789);
#2667=LINE('',#17241,#3790);
#2668=LINE('',#17243,#3791);
#2669=LINE('',#17248,#3792);
#2670=LINE('',#17250,#3793);
#2671=LINE('',#17251,#3794);
#2672=LINE('',#17254,#3795);
#2673=LINE('',#17256,#3796);
#2674=LINE('',#17257,#3797);
#2675=LINE('',#17259,#3798);
#2676=LINE('',#17264,#3799);
#2677=LINE('',#17266,#3800);
#2678=LINE('',#17267,#3801);
#2679=LINE('',#17270,#3802);
#2680=LINE('',#17272,#3803);
#2681=LINE('',#17273,#3804);
#2682=LINE('',#17275,#3805);
#2683=LINE('',#17280,#3806);
#2684=LINE('',#17282,#3807);
#2685=LINE('',#17283,#3808);
#2686=LINE('',#17286,#3809);
#2687=LINE('',#17288,#3810);
#2688=LINE('',#17289,#3811);
#2689=LINE('',#17291,#3812);
#2690=LINE('',#17296,#3813);
#2691=LINE('',#17298,#3814);
#2692=LINE('',#17299,#3815);
#2693=LINE('',#17302,#3816);
#2694=LINE('',#17304,#3817);
#2695=LINE('',#17305,#3818);
#2696=LINE('',#17307,#3819);
#2697=LINE('',#17312,#3820);
#2698=LINE('',#17314,#3821);
#2699=LINE('',#17315,#3822);
#2700=LINE('',#17318,#3823);
#2701=LINE('',#17320,#3824);
#2702=LINE('',#17321,#3825);
#2703=LINE('',#17323,#3826);
#2704=LINE('',#17328,#3827);
#2705=LINE('',#17330,#3828);
#2706=LINE('',#17331,#3829);
#2707=LINE('',#17334,#3830);
#2708=LINE('',#17336,#3831);
#2709=LINE('',#17337,#3832);
#2710=LINE('',#17339,#3833);
#2711=LINE('',#17344,#3834);
#2712=LINE('',#17346,#3835);
#2713=LINE('',#17347,#3836);
#2714=LINE('',#17350,#3837);
#2715=LINE('',#17352,#3838);
#2716=LINE('',#17353,#3839);
#2717=LINE('',#17355,#3840);
#2718=LINE('',#17360,#3841);
#2719=LINE('',#17362,#3842);
#2720=LINE('',#17363,#3843);
#2721=LINE('',#17366,#3844);
#2722=LINE('',#17368,#3845);
#2723=LINE('',#17369,#3846);
#2724=LINE('',#17371,#3847);
#2725=LINE('',#17376,#3848);
#2726=LINE('',#17378,#3849);
#2727=LINE('',#17379,#3850);
#2728=LINE('',#17382,#3851);
#2729=LINE('',#17384,#3852);
#2730=LINE('',#17385,#3853);
#2731=LINE('',#17387,#3854);
#2732=LINE('',#17392,#3855);
#2733=LINE('',#17394,#3856);
#2734=LINE('',#17395,#3857);
#2735=LINE('',#17398,#3858);
#2736=LINE('',#17400,#3859);
#2737=LINE('',#17401,#3860);
#2738=LINE('',#17403,#3861);
#2739=LINE('',#17408,#3862);
#2740=LINE('',#17410,#3863);
#2741=LINE('',#17411,#3864);
#2742=LINE('',#17414,#3865);
#2743=LINE('',#17416,#3866);
#2744=LINE('',#17417,#3867);
#2745=LINE('',#17419,#3868);
#2746=LINE('',#17424,#3869);
#2747=LINE('',#17426,#3870);
#2748=LINE('',#17427,#3871);
#2749=LINE('',#17430,#3872);
#2750=LINE('',#17432,#3873);
#2751=LINE('',#17433,#3874);
#2752=LINE('',#17435,#3875);
#2753=LINE('',#17440,#3876);
#2754=LINE('',#17442,#3877);
#2755=LINE('',#17443,#3878);
#2756=LINE('',#17446,#3879);
#2757=LINE('',#17448,#3880);
#2758=LINE('',#17449,#3881);
#2759=LINE('',#17451,#3882);
#2760=LINE('',#17456,#3883);
#2761=LINE('',#17458,#3884);
#2762=LINE('',#17459,#3885);
#2763=LINE('',#17462,#3886);
#2764=LINE('',#17464,#3887);
#2765=LINE('',#17465,#3888);
#2766=LINE('',#17467,#3889);
#2767=LINE('',#17472,#3890);
#2768=LINE('',#17474,#3891);
#2769=LINE('',#17475,#3892);
#2770=LINE('',#17478,#3893);
#2771=LINE('',#17480,#3894);
#2772=LINE('',#17481,#3895);
#2773=LINE('',#17483,#3896);
#2774=LINE('',#17488,#3897);
#2775=LINE('',#17490,#3898);
#2776=LINE('',#17491,#3899);
#2777=LINE('',#17494,#3900);
#2778=LINE('',#17496,#3901);
#2779=LINE('',#17497,#3902);
#2780=LINE('',#17499,#3903);
#2781=LINE('',#17504,#3904);
#2782=LINE('',#17506,#3905);
#2783=LINE('',#17507,#3906);
#2784=LINE('',#17510,#3907);
#2785=LINE('',#17512,#3908);
#2786=LINE('',#17513,#3909);
#2787=LINE('',#17515,#3910);
#2788=LINE('',#17520,#3911);
#2789=LINE('',#17522,#3912);
#2790=LINE('',#17523,#3913);
#2791=LINE('',#17526,#3914);
#2792=LINE('',#17528,#3915);
#2793=LINE('',#17529,#3916);
#2794=LINE('',#17531,#3917);
#2795=LINE('',#17536,#3918);
#2796=LINE('',#17538,#3919);
#2797=LINE('',#17539,#3920);
#2798=LINE('',#17542,#3921);
#2799=LINE('',#17544,#3922);
#2800=LINE('',#17545,#3923);
#2801=LINE('',#17547,#3924);
#2802=LINE('',#17552,#3925);
#2803=LINE('',#17554,#3926);
#2804=LINE('',#17555,#3927);
#2805=LINE('',#17558,#3928);
#2806=LINE('',#17560,#3929);
#2807=LINE('',#17561,#3930);
#2808=LINE('',#17563,#3931);
#2809=LINE('',#17568,#3932);
#2810=LINE('',#17570,#3933);
#2811=LINE('',#17571,#3934);
#2812=LINE('',#17574,#3935);
#2813=LINE('',#17576,#3936);
#2814=LINE('',#17577,#3937);
#2815=LINE('',#17579,#3938);
#2816=LINE('',#17584,#3939);
#2817=LINE('',#17586,#3940);
#2818=LINE('',#17587,#3941);
#2819=LINE('',#17590,#3942);
#2820=LINE('',#17592,#3943);
#2821=LINE('',#17593,#3944);
#2822=LINE('',#17595,#3945);
#2823=LINE('',#17600,#3946);
#2824=LINE('',#17602,#3947);
#2825=LINE('',#17603,#3948);
#2826=LINE('',#17606,#3949);
#2827=LINE('',#17608,#3950);
#2828=LINE('',#17609,#3951);
#2829=LINE('',#17611,#3952);
#2830=LINE('',#17616,#3953);
#2831=LINE('',#17618,#3954);
#2832=LINE('',#17619,#3955);
#2833=LINE('',#17622,#3956);
#2834=LINE('',#17624,#3957);
#2835=LINE('',#17625,#3958);
#2836=LINE('',#17627,#3959);
#2837=LINE('',#17632,#3960);
#2838=LINE('',#17633,#3961);
#2839=LINE('',#17636,#3962);
#2840=LINE('',#17638,#3963);
#2841=LINE('',#17639,#3964);
#2842=LINE('',#17641,#3965);
#2843=LINE('',#17649,#3966);
#2844=LINE('',#17654,#3967);
#2845=LINE('',#17656,#3968);
#2846=LINE('',#17658,#3969);
#2847=LINE('',#17659,#3970);
#2848=LINE('',#17663,#3971);
#2849=LINE('',#17665,#3972);
#2850=LINE('',#17667,#3973);
#2851=LINE('',#17668,#3974);
#2852=LINE('',#17670,#3975);
#2853=LINE('',#17671,#3976);
#2854=LINE('',#17676,#3977);
#2855=LINE('',#17678,#3978);
#2856=LINE('',#17680,#3979);
#2857=LINE('',#17684,#3980);
#2858=LINE('',#17686,#3981);
#2859=LINE('',#17688,#3982);
#2860=LINE('',#17692,#3983);
#2861=LINE('',#17694,#3984);
#2862=LINE('',#17696,#3985);
#2863=LINE('',#17700,#3986);
#2864=LINE('',#17702,#3987);
#2865=LINE('',#17704,#3988);
#2866=LINE('',#17708,#3989);
#2867=LINE('',#17710,#3990);
#2868=LINE('',#17712,#3991);
#2869=LINE('',#17716,#3992);
#2870=LINE('',#17718,#3993);
#2871=LINE('',#17720,#3994);
#2872=LINE('',#17724,#3995);
#2873=LINE('',#17726,#3996);
#2874=LINE('',#17728,#3997);
#2875=LINE('',#17732,#3998);
#2876=LINE('',#17734,#3999);
#2877=LINE('',#17736,#4000);
#2878=LINE('',#17740,#4001);
#2879=LINE('',#17742,#4002);
#2880=LINE('',#17744,#4003);
#2881=LINE('',#17748,#4004);
#2882=LINE('',#17750,#4005);
#2883=LINE('',#17752,#4006);
#2884=LINE('',#17756,#4007);
#2885=LINE('',#17758,#4008);
#2886=LINE('',#17760,#4009);
#2887=LINE('',#17765,#4010);
#2888=LINE('',#17768,#4011);
#2889=LINE('',#17770,#4012);
#2890=LINE('',#17771,#4013);
#2891=LINE('',#17774,#4014);
#2892=LINE('',#17776,#4015);
#2893=LINE('',#17777,#4016);
#2894=LINE('',#17779,#4017);
#2895=LINE('',#17784,#4018);
#2896=LINE('',#17786,#4019);
#2897=LINE('',#17787,#4020);
#2898=LINE('',#17790,#4021);
#2899=LINE('',#17792,#4022);
#2900=LINE('',#17793,#4023);
#2901=LINE('',#17795,#4024);
#2902=LINE('',#17800,#4025);
#2903=LINE('',#17802,#4026);
#2904=LINE('',#17803,#4027);
#2905=LINE('',#17806,#4028);
#2906=LINE('',#17808,#4029);
#2907=LINE('',#17809,#4030);
#2908=LINE('',#17811,#4031);
#2909=LINE('',#17816,#4032);
#2910=LINE('',#17818,#4033);
#2911=LINE('',#17819,#4034);
#2912=LINE('',#17822,#4035);
#2913=LINE('',#17824,#4036);
#2914=LINE('',#17825,#4037);
#2915=LINE('',#17827,#4038);
#2916=LINE('',#17832,#4039);
#2917=LINE('',#17834,#4040);
#2918=LINE('',#17835,#4041);
#2919=LINE('',#17838,#4042);
#2920=LINE('',#17840,#4043);
#2921=LINE('',#17841,#4044);
#2922=LINE('',#17843,#4045);
#2923=LINE('',#17848,#4046);
#2924=LINE('',#17850,#4047);
#2925=LINE('',#17851,#4048);
#2926=LINE('',#17854,#4049);
#2927=LINE('',#17856,#4050);
#2928=LINE('',#17857,#4051);
#2929=LINE('',#17859,#4052);
#2930=LINE('',#17864,#4053);
#2931=LINE('',#17866,#4054);
#2932=LINE('',#17867,#4055);
#2933=LINE('',#17870,#4056);
#2934=LINE('',#17872,#4057);
#2935=LINE('',#17873,#4058);
#2936=LINE('',#17875,#4059);
#2937=LINE('',#17880,#4060);
#2938=LINE('',#17882,#4061);
#2939=LINE('',#17883,#4062);
#2940=LINE('',#17886,#4063);
#2941=LINE('',#17888,#4064);
#2942=LINE('',#17889,#4065);
#2943=LINE('',#17891,#4066);
#2944=LINE('',#17896,#4067);
#2945=LINE('',#17898,#4068);
#2946=LINE('',#17899,#4069);
#2947=LINE('',#17902,#4070);
#2948=LINE('',#17904,#4071);
#2949=LINE('',#17905,#4072);
#2950=LINE('',#17907,#4073);
#2951=LINE('',#17912,#4074);
#2952=LINE('',#17914,#4075);
#2953=LINE('',#17915,#4076);
#2954=LINE('',#17918,#4077);
#2955=LINE('',#17920,#4078);
#2956=LINE('',#17921,#4079);
#2957=LINE('',#17923,#4080);
#2958=LINE('',#17928,#4081);
#2959=LINE('',#17929,#4082);
#2960=LINE('',#17932,#4083);
#2961=LINE('',#17934,#4084);
#2962=LINE('',#17935,#4085);
#2963=LINE('',#17937,#4086);
#2964=VECTOR('',#11657,4.15);
#2965=VECTOR('',#11662,10.);
#2966=VECTOR('',#11671,1.7);
#2967=VECTOR('',#11672,10.);
#2968=VECTOR('',#11675,10.);
#2969=VECTOR('',#11678,10.);
#2970=VECTOR('',#11679,10.);
#2971=VECTOR('',#11680,10.);
#2972=VECTOR('',#11681,10.);
#2973=VECTOR('',#11682,10.);
#2974=VECTOR('',#11685,10.);
#2975=VECTOR('',#11694,1.7);
#2976=VECTOR('',#11695,10.);
#2977=VECTOR('',#11698,10.);
#2978=VECTOR('',#11701,10.);
#2979=VECTOR('',#11702,10.);
#2980=VECTOR('',#11703,10.);
#2981=VECTOR('',#11704,10.);
#2982=VECTOR('',#11705,10.);
#2983=VECTOR('',#11710,1.7);
#2984=VECTOR('',#11713,10.);
#2985=VECTOR('',#11716,10.);
#2986=VECTOR('',#11727,10.);
#2987=VECTOR('',#11728,10.);
#2988=VECTOR('',#11729,10.);
#2989=VECTOR('',#11732,10.);
#2990=VECTOR('',#11733,10.);
#2991=VECTOR('',#11734,10.);
#2992=VECTOR('',#11737,10.);
#2993=VECTOR('',#11738,10.);
#2994=VECTOR('',#11739,10.);
#2995=VECTOR('',#11742,10.);
#2996=VECTOR('',#11743,10.);
#2997=VECTOR('',#11744,10.);
#2998=VECTOR('',#11745,10.);
#2999=VECTOR('',#11746,10.);
#3000=VECTOR('',#11747,10.);
#3001=VECTOR('',#11754,10.);
#3002=VECTOR('',#11757,10.);
#3003=VECTOR('',#11760,10.);
#3004=VECTOR('',#11761,10.);
#3005=VECTOR('',#11762,10.);
#3006=VECTOR('',#11765,10.);
#3007=VECTOR('',#11768,10.);
#3008=VECTOR('',#11769,10.);
#3009=VECTOR('',#11770,10.);
#3010=VECTOR('',#11773,10.);
#3011=VECTOR('',#11776,10.);
#3012=VECTOR('',#11777,10.);
#3013=VECTOR('',#11778,10.);
#3014=VECTOR('',#11781,10.);
#3015=VECTOR('',#11784,10.);
#3016=VECTOR('',#11789,10.);
#3017=VECTOR('',#11790,10.);
#3018=VECTOR('',#11811,1.7);
#3019=VECTOR('',#11812,10.);
#3020=VECTOR('',#11813,10.);
#3021=VECTOR('',#11818,30.);
#3022=VECTOR('',#11821,10.);
#3023=VECTOR('',#11826,10.);
#3024=VECTOR('',#11829,10.);
#3025=VECTOR('',#11832,10.);
#3026=VECTOR('',#11835,10.);
#3027=VECTOR('',#11838,10.);
#3028=VECTOR('',#11841,10.);
#3029=VECTOR('',#11846,10.);
#3030=VECTOR('',#11853,1.7);
#3031=VECTOR('',#11862,1.7);
#3032=VECTOR('',#11871,1.7);
#3033=VECTOR('',#11880,1.7);
#3034=VECTOR('',#11889,1.7);
#3035=VECTOR('',#11898,1.7);
#3036=VECTOR('',#11905,10.);
#3037=VECTOR('',#11906,10.);
#3038=VECTOR('',#11907,10.);
#3039=VECTOR('',#11908,10.);
#3040=VECTOR('',#11911,10.);
#3041=VECTOR('',#11912,10.);
#3042=VECTOR('',#11915,10.);
#3043=VECTOR('',#11916,10.);
#3044=VECTOR('',#11917,10.);
#3045=VECTOR('',#11920,10.);
#3046=VECTOR('',#11921,10.);
#3047=VECTOR('',#11922,10.);
#3048=VECTOR('',#11923,10.);
#3049=VECTOR('',#11924,10.);
#3050=VECTOR('',#11929,1.7);
#3051=VECTOR('',#11938,1.7);
#3052=VECTOR('',#11945,10.);
#3053=VECTOR('',#11946,10.);
#3054=VECTOR('',#11947,10.);
#3055=VECTOR('',#11948,10.);
#3056=VECTOR('',#11951,10.);
#3057=VECTOR('',#11956,10.);
#3058=VECTOR('',#11959,10.);
#3059=VECTOR('',#11960,10.);
#3060=VECTOR('',#11961,10.);
#3061=VECTOR('',#11964,10.);
#3062=VECTOR('',#11967,10.);
#3063=VECTOR('',#11972,10.);
#3064=VECTOR('',#11973,10.);
#3065=VECTOR('',#11974,10.);
#3066=VECTOR('',#11977,10.);
#3067=VECTOR('',#11980,10.);
#3068=VECTOR('',#11987,4.15);
#3069=VECTOR('',#11992,10.);
#3070=VECTOR('',#11993,10.);
#3071=VECTOR('',#11994,10.);
#3072=VECTOR('',#11997,10.);
#3073=VECTOR('',#12000,10.);
#3074=VECTOR('',#12005,10.);
#3075=VECTOR('',#12010,10.);
#3076=VECTOR('',#12011,10.);
#3077=VECTOR('',#12014,10.);
#3078=VECTOR('',#12015,10.);
#3079=VECTOR('',#12018,10.);
#3080=VECTOR('',#12019,10.);
#3081=VECTOR('',#12022,10.);
#3082=VECTOR('',#12023,10.);
#3083=VECTOR('',#12028,11.1);
#3084=VECTOR('',#12039,4.15);
#3085=VECTOR('',#12048,1.7);
#3086=VECTOR('',#12053,1.7);
#3087=VECTOR('',#12058,1.7);
#3088=VECTOR('',#12063,1.7);
#3089=VECTOR('',#12066,10.);
#3090=VECTOR('',#12067,10.);
#3091=VECTOR('',#12068,10.);
#3092=VECTOR('',#12071,10.);
#3093=VECTOR('',#12072,10.);
#3094=VECTOR('',#12073,10.);
#3095=VECTOR('',#12076,10.);
#3096=VECTOR('',#12077,10.);
#3097=VECTOR('',#12078,10.);
#3098=VECTOR('',#12081,10.);
#3099=VECTOR('',#12082,10.);
#3100=VECTOR('',#12083,10.);
#3101=VECTOR('',#12086,10.);
#3102=VECTOR('',#12087,10.);
#3103=VECTOR('',#12088,10.);
#3104=VECTOR('',#12091,10.);
#3105=VECTOR('',#12092,10.);
#3106=VECTOR('',#12093,10.);
#3107=VECTOR('',#12096,10.);
#3108=VECTOR('',#12097,10.);
#3109=VECTOR('',#12098,10.);
#3110=VECTOR('',#12101,10.);
#3111=VECTOR('',#12104,10.);
#3112=VECTOR('',#12105,10.);
#3113=VECTOR('',#12106,10.);
#3114=VECTOR('',#12109,10.);
#3115=VECTOR('',#12112,10.);
#3116=VECTOR('',#12113,10.);
#3117=VECTOR('',#12116,10.);
#3118=VECTOR('',#12117,10.);
#3119=VECTOR('',#12120,10.);
#3120=VECTOR('',#12121,10.);
#3121=VECTOR('',#12130,10.);
#3122=VECTOR('',#12135,10.);
#3123=VECTOR('',#12148,10.);
#3124=VECTOR('',#12153,10.);
#3125=VECTOR('',#12154,10.);
#3126=VECTOR('',#12155,10.);
#3127=VECTOR('',#12158,10.);
#3128=VECTOR('',#12159,10.);
#3129=VECTOR('',#12160,10.);
#3130=VECTOR('',#12161,10.);
#3131=VECTOR('',#12164,10.);
#3132=VECTOR('',#12167,10.);
#3133=VECTOR('',#12168,10.);
#3134=VECTOR('',#12173,10.);
#3135=VECTOR('',#12176,10.);
#3136=VECTOR('',#12177,10.);
#3137=VECTOR('',#12192,11.1);
#3138=VECTOR('',#12205,10.);
#3139=VECTOR('',#12206,10.);
#3140=VECTOR('',#12207,10.);
#3141=VECTOR('',#12208,10.);
#3142=VECTOR('',#12211,10.);
#3143=VECTOR('',#12212,10.);
#3144=VECTOR('',#12213,10.);
#3145=VECTOR('',#12214,10.);
#3146=VECTOR('',#12217,10.);
#3147=VECTOR('',#12218,10.);
#3148=VECTOR('',#12219,10.);
#3149=VECTOR('',#12222,10.);
#3150=VECTOR('',#12223,10.);
#3151=VECTOR('',#12226,10.);
#3152=VECTOR('',#12227,10.);
#3153=VECTOR('',#12232,10.);
#3154=VECTOR('',#12233,10.);
#3155=VECTOR('',#12236,10.);
#3156=VECTOR('',#12237,10.);
#3157=VECTOR('',#12238,10.);
#3158=VECTOR('',#12241,10.);
#3159=VECTOR('',#12242,10.);
#3160=VECTOR('',#12243,10.);
#3161=VECTOR('',#12246,10.);
#3162=VECTOR('',#12247,10.);
#3163=VECTOR('',#12248,10.);
#3164=VECTOR('',#12251,10.);
#3165=VECTOR('',#12252,10.);
#3166=VECTOR('',#12279,1.7);
#3167=VECTOR('',#12284,1.7);
#3168=VECTOR('',#12289,1.7);
#3169=VECTOR('',#12294,1.7);
#3170=VECTOR('',#12299,1.7);
#3171=VECTOR('',#12304,1.7);
#3172=VECTOR('',#12309,10.);
#3173=VECTOR('',#12310,10.);
#3174=VECTOR('',#12311,10.);
#3175=VECTOR('',#12314,10.);
#3176=VECTOR('',#12315,10.);
#3177=VECTOR('',#12316,10.);
#3178=VECTOR('',#12319,10.);
#3179=VECTOR('',#12324,10.);
#3180=VECTOR('',#12325,10.);
#3181=VECTOR('',#12326,10.);
#3182=VECTOR('',#12329,10.);
#3183=VECTOR('',#12330,10.);
#3184=VECTOR('',#12331,10.);
#3185=VECTOR('',#12334,10.);
#3186=VECTOR('',#12335,10.);
#3187=VECTOR('',#12336,10.);
#3188=VECTOR('',#12355,10.);
#3189=VECTOR('',#12358,1.7);
#3190=VECTOR('',#12361,1.7);
#3191=VECTOR('',#12364,10.);
#3192=VECTOR('',#12365,10.);
#3193=VECTOR('',#12368,10.);
#3194=VECTOR('',#12369,10.);
#3195=VECTOR('',#12376,1.7);
#3196=VECTOR('',#12379,1.7);
#3197=VECTOR('',#12382,10.);
#3198=VECTOR('',#12383,10.);
#3199=VECTOR('',#12386,10.);
#3200=VECTOR('',#12387,10.);
#3201=VECTOR('',#12394,1.7);
#3202=VECTOR('',#12397,1.7);
#3203=VECTOR('',#12400,10.);
#3204=VECTOR('',#12403,10.);
#3205=VECTOR('',#12404,10.);
#3206=VECTOR('',#12409,4.1);
#3207=VECTOR('',#12418,1.7);
#3208=VECTOR('',#12423,10.);
#3209=VECTOR('',#12424,10.);
#3210=VECTOR('',#12425,10.);
#3211=VECTOR('',#12426,10.);
#3212=VECTOR('',#12429,10.);
#3213=VECTOR('',#12430,10.);
#3214=VECTOR('',#12431,10.);
#3215=VECTOR('',#12434,10.);
#3216=VECTOR('',#12435,10.);
#3217=VECTOR('',#12436,10.);
#3218=VECTOR('',#12437,10.);
#3219=VECTOR('',#12440,10.);
#3220=VECTOR('',#12441,10.);
#3221=VECTOR('',#12442,10.);
#3222=VECTOR('',#12445,10.);
#3223=VECTOR('',#12446,10.);
#3224=VECTOR('',#12449,10.);
#3225=VECTOR('',#12452,10.);
#3226=VECTOR('',#12457,10.);
#3227=VECTOR('',#12458,10.);
#3228=VECTOR('',#12459,10.);
#3229=VECTOR('',#12460,10.);
#3230=VECTOR('',#12463,10.);
#3231=VECTOR('',#12464,10.);
#3232=VECTOR('',#12465,10.);
#3233=VECTOR('',#12466,10.);
#3234=VECTOR('',#12467,10.);
#3235=VECTOR('',#12472,10.);
#3236=VECTOR('',#12473,10.);
#3237=VECTOR('',#12474,10.);
#3238=VECTOR('',#12477,10.);
#3239=VECTOR('',#12478,10.);
#3240=VECTOR('',#12481,10.);
#3241=VECTOR('',#12482,10.);
#3242=VECTOR('',#12483,10.);
#3243=VECTOR('',#12490,10.);
#3244=VECTOR('',#12495,1.7);
#3245=VECTOR('',#12500,1.7);
#3246=VECTOR('',#12507,1.7);
#3247=VECTOR('',#12512,10.);
#3248=VECTOR('',#12513,10.);
#3249=VECTOR('',#12514,10.);
#3250=VECTOR('',#12515,10.);
#3251=VECTOR('',#12518,10.);
#3252=VECTOR('',#12519,10.);
#3253=VECTOR('',#12520,10.);
#3254=VECTOR('',#12521,10.);
#3255=VECTOR('',#12524,10.);
#3256=VECTOR('',#12525,10.);
#3257=VECTOR('',#12528,10.);
#3258=VECTOR('',#12531,10.);
#3259=VECTOR('',#12538,10.);
#3260=VECTOR('',#12539,10.);
#3261=VECTOR('',#12540,10.);
#3262=VECTOR('',#12541,10.);
#3263=VECTOR('',#12542,10.);
#3264=VECTOR('',#12543,10.);
#3265=VECTOR('',#12544,10.);
#3266=VECTOR('',#12545,10.);
#3267=VECTOR('',#12548,10.);
#3268=VECTOR('',#12549,10.);
#3269=VECTOR('',#12550,10.);
#3270=VECTOR('',#12553,10.);
#3271=VECTOR('',#12554,10.);
#3272=VECTOR('',#12555,10.);
#3273=VECTOR('',#12558,10.);
#3274=VECTOR('',#12559,10.);
#3275=VECTOR('',#12560,10.);
#3276=VECTOR('',#12563,10.);
#3277=VECTOR('',#12566,10.);
#3278=VECTOR('',#12569,10.);
#3279=VECTOR('',#12570,10.);
#3280=VECTOR('',#12571,10.);
#3281=VECTOR('',#12572,10.);
#3282=VECTOR('',#12573,10.);
#3283=VECTOR('',#12574,10.);
#3284=VECTOR('',#12575,10.);
#3285=VECTOR('',#12576,10.);
#3286=VECTOR('',#12581,10.);
#3287=VECTOR('',#12582,10.);
#3288=VECTOR('',#12587,1.7);
#3289=VECTOR('',#12592,10.);
#3290=VECTOR('',#12593,10.);
#3291=VECTOR('',#12598,10.);
#3292=VECTOR('',#12599,10.);
#3293=VECTOR('',#12604,10.);
#3294=VECTOR('',#12607,10.);
#3295=VECTOR('',#12610,10.);
#3296=VECTOR('',#12611,10.);
#3297=VECTOR('',#12612,10.);
#3298=VECTOR('',#12625,13.);
#3299=VECTOR('',#12636,9.3);
#3300=VECTOR('',#12645,4.);
#3301=VECTOR('',#12656,4.);
#3302=VECTOR('',#12663,11.);
#3303=VECTOR('',#12674,4.);
#3304=VECTOR('',#12681,11.);
#3305=VECTOR('',#12692,1.5);
#3306=VECTOR('',#12703,1.5);
#3307=VECTOR('',#12714,1.5);
#3308=VECTOR('',#12725,1.5);
#3309=VECTOR('',#12738,1.7);
#3310=VECTOR('',#12745,1.7);
#3311=VECTOR('',#12752,1.7);
#3312=VECTOR('',#12759,1.7);
#3313=VECTOR('',#12766,1.7);
#3314=VECTOR('',#12773,1.7);
#3315=VECTOR('',#12780,1.7);
#3316=VECTOR('',#12787,1.7);
#3317=VECTOR('',#12794,6.);
#3318=VECTOR('',#12799,10.);
#3319=VECTOR('',#12800,10.);
#3320=VECTOR('',#12801,10.);
#3321=VECTOR('',#12802,10.);
#3322=VECTOR('',#12805,10.);
#3323=VECTOR('',#12806,10.);
#3324=VECTOR('',#12807,10.);
#3325=VECTOR('',#12808,10.);
#3326=VECTOR('',#12811,10.);
#3327=VECTOR('',#12812,10.);
#3328=VECTOR('',#12815,10.);
#3329=VECTOR('',#12818,10.);
#3330=VECTOR('',#12823,1.45);
#3331=VECTOR('',#12826,1.45);
#3332=VECTOR('',#12829,1.45);
#3333=VECTOR('',#12832,1.45);
#3334=VECTOR('',#12837,4.1);
#3335=VECTOR('',#12838,4.1);
#3336=VECTOR('',#12849,1.65);
#3337=VECTOR('',#12850,1.65);
#3338=VECTOR('',#12855,8.);
#3339=VECTOR('',#12856,8.);
#3340=VECTOR('',#12857,8.);
#3341=VECTOR('',#12870,1.7);
#3342=VECTOR('',#12877,1.7);
#3343=VECTOR('',#12884,1.7);
#3344=VECTOR('',#12891,1.7);
#3345=VECTOR('',#12898,1.7);
#3346=VECTOR('',#12905,1.7);
#3347=VECTOR('',#12912,1.7);
#3348=VECTOR('',#12919,1.7);
#3349=VECTOR('',#12924,10.);
#3350=VECTOR('',#12925,10.);
#3351=VECTOR('',#12926,10.);
#3352=VECTOR('',#12927,10.);
#3353=VECTOR('',#12930,10.);
#3354=VECTOR('',#12931,10.);
#3355=VECTOR('',#12932,10.);
#3356=VECTOR('',#12933,10.);
#3357=VECTOR('',#12936,10.);
#3358=VECTOR('',#12937,10.);
#3359=VECTOR('',#12940,10.);
#3360=VECTOR('',#12943,10.);
#3361=VECTOR('',#12950,1.7);
#3362=VECTOR('',#12957,1.7);
#3363=VECTOR('',#12964,1.7);
#3364=VECTOR('',#12971,1.7);
#3365=VECTOR('',#12978,4.1);
#3366=VECTOR('',#12983,10.);
#3367=VECTOR('',#12984,10.);
#3368=VECTOR('',#12985,10.);
#3369=VECTOR('',#12986,10.);
#3370=VECTOR('',#12989,10.);
#3371=VECTOR('',#12990,10.);
#3372=VECTOR('',#12991,10.);
#3373=VECTOR('',#12992,10.);
#3374=VECTOR('',#12995,10.);
#3375=VECTOR('',#12996,10.);
#3376=VECTOR('',#13001,10.);
#3377=VECTOR('',#13002,10.);
#3378=VECTOR('',#13003,10.);
#3379=VECTOR('',#13006,10.);
#3380=VECTOR('',#13007,10.);
#3381=VECTOR('',#13008,10.);
#3382=VECTOR('',#13011,10.);
#3383=VECTOR('',#13012,10.);
#3384=VECTOR('',#13013,10.);
#3385=VECTOR('',#13016,10.);
#3386=VECTOR('',#13017,10.);
#3387=VECTOR('',#13018,10.);
#3388=VECTOR('',#13021,10.);
#3389=VECTOR('',#13022,10.);
#3390=VECTOR('',#13023,10.);
#3391=VECTOR('',#13026,10.);
#3392=VECTOR('',#13027,10.);
#3393=VECTOR('',#13028,10.);
#3394=VECTOR('',#13031,10.);
#3395=VECTOR('',#13032,10.);
#3396=VECTOR('',#13033,10.);
#3397=VECTOR('',#13036,10.);
#3398=VECTOR('',#13037,10.);
#3399=VECTOR('',#13038,10.);
#3400=VECTOR('',#13041,10.);
#3401=VECTOR('',#13042,10.);
#3402=VECTOR('',#13043,10.);
#3403=VECTOR('',#13046,10.);
#3404=VECTOR('',#13047,10.);
#3405=VECTOR('',#13048,10.);
#3406=VECTOR('',#13051,10.);
#3407=VECTOR('',#13052,10.);
#3408=VECTOR('',#13053,10.);
#3409=VECTOR('',#13056,10.);
#3410=VECTOR('',#13057,10.);
#3411=VECTOR('',#13058,10.);
#3412=VECTOR('',#13061,10.);
#3413=VECTOR('',#13062,10.);
#3414=VECTOR('',#13063,10.);
#3415=VECTOR('',#13066,10.);
#3416=VECTOR('',#13067,10.);
#3417=VECTOR('',#13068,10.);
#3418=VECTOR('',#13071,10.);
#3419=VECTOR('',#13072,10.);
#3420=VECTOR('',#13073,10.);
#3421=VECTOR('',#13076,10.);
#3422=VECTOR('',#13077,10.);
#3423=VECTOR('',#13078,10.);
#3424=VECTOR('',#13081,10.);
#3425=VECTOR('',#13082,10.);
#3426=VECTOR('',#13083,10.);
#3427=VECTOR('',#13086,10.);
#3428=VECTOR('',#13087,10.);
#3429=VECTOR('',#13088,10.);
#3430=VECTOR('',#13091,10.);
#3431=VECTOR('',#13092,10.);
#3432=VECTOR('',#13093,10.);
#3433=VECTOR('',#13096,10.);
#3434=VECTOR('',#13097,10.);
#3435=VECTOR('',#13098,10.);
#3436=VECTOR('',#13101,10.);
#3437=VECTOR('',#13102,10.);
#3438=VECTOR('',#13103,10.);
#3439=VECTOR('',#13106,10.);
#3440=VECTOR('',#13107,10.);
#3441=VECTOR('',#13108,10.);
#3442=VECTOR('',#13111,10.);
#3443=VECTOR('',#13112,10.);
#3444=VECTOR('',#13113,10.);
#3445=VECTOR('',#13116,10.);
#3446=VECTOR('',#13117,10.);
#3447=VECTOR('',#13118,10.);
#3448=VECTOR('',#13121,10.);
#3449=VECTOR('',#13122,10.);
#3450=VECTOR('',#13123,10.);
#3451=VECTOR('',#13126,10.);
#3452=VECTOR('',#13127,10.);
#3453=VECTOR('',#13128,10.);
#3454=VECTOR('',#13131,10.);
#3455=VECTOR('',#13132,10.);
#3456=VECTOR('',#13133,10.);
#3457=VECTOR('',#13136,10.);
#3458=VECTOR('',#13137,10.);
#3459=VECTOR('',#13138,10.);
#3460=VECTOR('',#13141,10.);
#3461=VECTOR('',#13142,10.);
#3462=VECTOR('',#13143,10.);
#3463=VECTOR('',#13146,10.);
#3464=VECTOR('',#13147,10.);
#3465=VECTOR('',#13148,10.);
#3466=VECTOR('',#13151,10.);
#3467=VECTOR('',#13152,10.);
#3468=VECTOR('',#13153,10.);
#3469=VECTOR('',#13156,10.);
#3470=VECTOR('',#13157,10.);
#3471=VECTOR('',#13158,10.);
#3472=VECTOR('',#13161,10.);
#3473=VECTOR('',#13162,10.);
#3474=VECTOR('',#13163,10.);
#3475=VECTOR('',#13166,10.);
#3476=VECTOR('',#13167,10.);
#3477=VECTOR('',#13168,10.);
#3478=VECTOR('',#13171,10.);
#3479=VECTOR('',#13172,10.);
#3480=VECTOR('',#13173,10.);
#3481=VECTOR('',#13176,10.);
#3482=VECTOR('',#13177,10.);
#3483=VECTOR('',#13178,10.);
#3484=VECTOR('',#13181,10.);
#3485=VECTOR('',#13182,10.);
#3486=VECTOR('',#13183,10.);
#3487=VECTOR('',#13186,10.);
#3488=VECTOR('',#13187,10.);
#3489=VECTOR('',#13188,10.);
#3490=VECTOR('',#13191,10.);
#3491=VECTOR('',#13192,10.);
#3492=VECTOR('',#13193,10.);
#3493=VECTOR('',#13196,10.);
#3494=VECTOR('',#13197,10.);
#3495=VECTOR('',#13198,10.);
#3496=VECTOR('',#13201,10.);
#3497=VECTOR('',#13202,10.);
#3498=VECTOR('',#13203,10.);
#3499=VECTOR('',#13206,10.);
#3500=VECTOR('',#13207,10.);
#3501=VECTOR('',#13208,10.);
#3502=VECTOR('',#13211,10.);
#3503=VECTOR('',#13212,10.);
#3504=VECTOR('',#13213,10.);
#3505=VECTOR('',#13216,10.);
#3506=VECTOR('',#13217,10.);
#3507=VECTOR('',#13218,10.);
#3508=VECTOR('',#13221,10.);
#3509=VECTOR('',#13222,10.);
#3510=VECTOR('',#13223,10.);
#3511=VECTOR('',#13226,10.);
#3512=VECTOR('',#13227,10.);
#3513=VECTOR('',#13228,10.);
#3514=VECTOR('',#13231,10.);
#3515=VECTOR('',#13232,10.);
#3516=VECTOR('',#13233,10.);
#3517=VECTOR('',#13236,10.);
#3518=VECTOR('',#13237,10.);
#3519=VECTOR('',#13238,10.);
#3520=VECTOR('',#13241,10.);
#3521=VECTOR('',#13242,10.);
#3522=VECTOR('',#13243,10.);
#3523=VECTOR('',#13246,10.);
#3524=VECTOR('',#13247,10.);
#3525=VECTOR('',#13248,10.);
#3526=VECTOR('',#13251,10.);
#3527=VECTOR('',#13252,10.);
#3528=VECTOR('',#13253,10.);
#3529=VECTOR('',#13256,10.);
#3530=VECTOR('',#13257,10.);
#3531=VECTOR('',#13258,10.);
#3532=VECTOR('',#13261,10.);
#3533=VECTOR('',#13262,10.);
#3534=VECTOR('',#13263,10.);
#3535=VECTOR('',#13266,10.);
#3536=VECTOR('',#13267,10.);
#3537=VECTOR('',#13268,10.);
#3538=VECTOR('',#13271,10.);
#3539=VECTOR('',#13272,10.);
#3540=VECTOR('',#13273,10.);
#3541=VECTOR('',#13276,10.);
#3542=VECTOR('',#13277,10.);
#3543=VECTOR('',#13278,10.);
#3544=VECTOR('',#13281,10.);
#3545=VECTOR('',#13282,10.);
#3546=VECTOR('',#13283,10.);
#3547=VECTOR('',#13286,10.);
#3548=VECTOR('',#13287,10.);
#3549=VECTOR('',#13288,10.);
#3550=VECTOR('',#13291,10.);
#3551=VECTOR('',#13292,10.);
#3552=VECTOR('',#13293,10.);
#3553=VECTOR('',#13300,10.);
#3554=VECTOR('',#13303,10.);
#3555=VECTOR('',#13304,10.);
#3556=VECTOR('',#13305,10.);
#3557=VECTOR('',#13308,10.);
#3558=VECTOR('',#13309,10.);
#3559=VECTOR('',#13310,10.);
#3560=VECTOR('',#13313,10.);
#3561=VECTOR('',#13320,10.);
#3562=VECTOR('',#13321,10.);
#3563=VECTOR('',#13322,10.);
#3564=VECTOR('',#13325,10.);
#3565=VECTOR('',#13326,10.);
#3566=VECTOR('',#13327,10.);
#3567=VECTOR('',#13330,10.);
#3568=VECTOR('',#13337,10.);
#3569=VECTOR('',#13338,10.);
#3570=VECTOR('',#13339,10.);
#3571=VECTOR('',#13342,10.);
#3572=VECTOR('',#13343,10.);
#3573=VECTOR('',#13344,10.);
#3574=VECTOR('',#13347,10.);
#3575=VECTOR('',#13354,10.);
#3576=VECTOR('',#13355,10.);
#3577=VECTOR('',#13356,10.);
#3578=VECTOR('',#13359,10.);
#3579=VECTOR('',#13360,10.);
#3580=VECTOR('',#13361,10.);
#3581=VECTOR('',#13364,10.);
#3582=VECTOR('',#13371,10.);
#3583=VECTOR('',#13372,10.);
#3584=VECTOR('',#13373,10.);
#3585=VECTOR('',#13376,10.);
#3586=VECTOR('',#13377,10.);
#3587=VECTOR('',#13378,10.);
#3588=VECTOR('',#13381,10.);
#3589=VECTOR('',#13388,10.);
#3590=VECTOR('',#13389,10.);
#3591=VECTOR('',#13390,10.);
#3592=VECTOR('',#13393,10.);
#3593=VECTOR('',#13394,10.);
#3594=VECTOR('',#13395,10.);
#3595=VECTOR('',#13398,10.);
#3596=VECTOR('',#13405,10.);
#3597=VECTOR('',#13406,10.);
#3598=VECTOR('',#13407,10.);
#3599=VECTOR('',#13410,10.);
#3600=VECTOR('',#13411,10.);
#3601=VECTOR('',#13412,10.);
#3602=VECTOR('',#13415,10.);
#3603=VECTOR('',#13422,10.);
#3604=VECTOR('',#13423,10.);
#3605=VECTOR('',#13424,10.);
#3606=VECTOR('',#13427,10.);
#3607=VECTOR('',#13428,10.);
#3608=VECTOR('',#13429,10.);
#3609=VECTOR('',#13432,10.);
#3610=VECTOR('',#13439,10.);
#3611=VECTOR('',#13440,10.);
#3612=VECTOR('',#13441,10.);
#3613=VECTOR('',#13444,10.);
#3614=VECTOR('',#13445,10.);
#3615=VECTOR('',#13446,10.);
#3616=VECTOR('',#13449,10.);
#3617=VECTOR('',#13456,10.);
#3618=VECTOR('',#13457,10.);
#3619=VECTOR('',#13458,10.);
#3620=VECTOR('',#13461,10.);
#3621=VECTOR('',#13462,10.);
#3622=VECTOR('',#13463,10.);
#3623=VECTOR('',#13466,10.);
#3624=VECTOR('',#13473,10.);
#3625=VECTOR('',#13474,10.);
#3626=VECTOR('',#13475,10.);
#3627=VECTOR('',#13478,10.);
#3628=VECTOR('',#13479,10.);
#3629=VECTOR('',#13480,10.);
#3630=VECTOR('',#13483,10.);
#3631=VECTOR('',#13490,10.);
#3632=VECTOR('',#13491,10.);
#3633=VECTOR('',#13492,10.);
#3634=VECTOR('',#13495,10.);
#3635=VECTOR('',#13496,10.);
#3636=VECTOR('',#13497,10.);
#3637=VECTOR('',#13500,10.);
#3638=VECTOR('',#13507,10.);
#3639=VECTOR('',#13508,10.);
#3640=VECTOR('',#13509,10.);
#3641=VECTOR('',#13512,10.);
#3642=VECTOR('',#13513,10.);
#3643=VECTOR('',#13514,10.);
#3644=VECTOR('',#13517,10.);
#3645=VECTOR('',#13524,10.);
#3646=VECTOR('',#13525,10.);
#3647=VECTOR('',#13526,10.);
#3648=VECTOR('',#13529,10.);
#3649=VECTOR('',#13530,10.);
#3650=VECTOR('',#13531,10.);
#3651=VECTOR('',#13534,10.);
#3652=VECTOR('',#13541,10.);
#3653=VECTOR('',#13542,10.);
#3654=VECTOR('',#13543,10.);
#3655=VECTOR('',#13546,10.);
#3656=VECTOR('',#13547,10.);
#3657=VECTOR('',#13548,10.);
#3658=VECTOR('',#13551,10.);
#3659=VECTOR('',#13558,10.);
#3660=VECTOR('',#13559,10.);
#3661=VECTOR('',#13560,10.);
#3662=VECTOR('',#13563,10.);
#3663=VECTOR('',#13564,10.);
#3664=VECTOR('',#13565,10.);
#3665=VECTOR('',#13568,10.);
#3666=VECTOR('',#13575,10.);
#3667=VECTOR('',#13576,10.);
#3668=VECTOR('',#13577,10.);
#3669=VECTOR('',#13580,10.);
#3670=VECTOR('',#13581,10.);
#3671=VECTOR('',#13582,10.);
#3672=VECTOR('',#13585,10.);
#3673=VECTOR('',#13592,10.);
#3674=VECTOR('',#13593,10.);
#3675=VECTOR('',#13594,10.);
#3676=VECTOR('',#13597,10.);
#3677=VECTOR('',#13598,10.);
#3678=VECTOR('',#13599,10.);
#3679=VECTOR('',#13602,10.);
#3680=VECTOR('',#13609,10.);
#3681=VECTOR('',#13610,10.);
#3682=VECTOR('',#13611,10.);
#3683=VECTOR('',#13614,10.);
#3684=VECTOR('',#13615,10.);
#3685=VECTOR('',#13616,10.);
#3686=VECTOR('',#13619,10.);
#3687=VECTOR('',#13626,10.);
#3688=VECTOR('',#13627,10.);
#3689=VECTOR('',#13628,10.);
#3690=VECTOR('',#13631,10.);
#3691=VECTOR('',#13632,10.);
#3692=VECTOR('',#13633,10.);
#3693=VECTOR('',#13636,10.);
#3694=VECTOR('',#13643,10.);
#3695=VECTOR('',#13644,10.);
#3696=VECTOR('',#13645,10.);
#3697=VECTOR('',#13648,10.);
#3698=VECTOR('',#13649,10.);
#3699=VECTOR('',#13650,10.);
#3700=VECTOR('',#13653,10.);
#3701=VECTOR('',#13660,10.);
#3702=VECTOR('',#13661,10.);
#3703=VECTOR('',#13662,10.);
#3704=VECTOR('',#13665,10.);
#3705=VECTOR('',#13666,10.);
#3706=VECTOR('',#13667,10.);
#3707=VECTOR('',#13670,10.);
#3708=VECTOR('',#13677,10.);
#3709=VECTOR('',#13678,10.);
#3710=VECTOR('',#13679,10.);
#3711=VECTOR('',#13682,10.);
#3712=VECTOR('',#13683,10.);
#3713=VECTOR('',#13684,10.);
#3714=VECTOR('',#13687,10.);
#3715=VECTOR('',#13694,10.);
#3716=VECTOR('',#13695,10.);
#3717=VECTOR('',#13696,10.);
#3718=VECTOR('',#13699,10.);
#3719=VECTOR('',#13700,10.);
#3720=VECTOR('',#13701,10.);
#3721=VECTOR('',#13704,10.);
#3722=VECTOR('',#13711,10.);
#3723=VECTOR('',#13712,10.);
#3724=VECTOR('',#13713,10.);
#3725=VECTOR('',#13716,10.);
#3726=VECTOR('',#13717,10.);
#3727=VECTOR('',#13718,10.);
#3728=VECTOR('',#13721,10.);
#3729=VECTOR('',#13728,10.);
#3730=VECTOR('',#13729,10.);
#3731=VECTOR('',#13730,10.);
#3732=VECTOR('',#13733,10.);
#3733=VECTOR('',#13734,10.);
#3734=VECTOR('',#13735,10.);
#3735=VECTOR('',#13738,10.);
#3736=VECTOR('',#13745,10.);
#3737=VECTOR('',#13746,10.);
#3738=VECTOR('',#13747,10.);
#3739=VECTOR('',#13750,10.);
#3740=VECTOR('',#13751,10.);
#3741=VECTOR('',#13752,10.);
#3742=VECTOR('',#13755,10.);
#3743=VECTOR('',#13762,10.);
#3744=VECTOR('',#13763,10.);
#3745=VECTOR('',#13764,10.);
#3746=VECTOR('',#13767,10.);
#3747=VECTOR('',#13768,10.);
#3748=VECTOR('',#13769,10.);
#3749=VECTOR('',#13772,10.);
#3750=VECTOR('',#13779,10.);
#3751=VECTOR('',#13780,10.);
#3752=VECTOR('',#13781,10.);
#3753=VECTOR('',#13784,10.);
#3754=VECTOR('',#13785,10.);
#3755=VECTOR('',#13786,10.);
#3756=VECTOR('',#13789,10.);
#3757=VECTOR('',#13796,10.);
#3758=VECTOR('',#13797,10.);
#3759=VECTOR('',#13798,10.);
#3760=VECTOR('',#13801,10.);
#3761=VECTOR('',#13802,10.);
#3762=VECTOR('',#13803,10.);
#3763=VECTOR('',#13806,10.);
#3764=VECTOR('',#13813,10.);
#3765=VECTOR('',#13814,10.);
#3766=VECTOR('',#13815,10.);
#3767=VECTOR('',#13818,10.);
#3768=VECTOR('',#13819,10.);
#3769=VECTOR('',#13820,10.);
#3770=VECTOR('',#13823,10.);
#3771=VECTOR('',#13830,10.);
#3772=VECTOR('',#13831,10.);
#3773=VECTOR('',#13832,10.);
#3774=VECTOR('',#13835,10.);
#3775=VECTOR('',#13836,10.);
#3776=VECTOR('',#13837,10.);
#3777=VECTOR('',#13840,10.);
#3778=VECTOR('',#13847,10.);
#3779=VECTOR('',#13848,10.);
#3780=VECTOR('',#13849,10.);
#3781=VECTOR('',#13852,10.);
#3782=VECTOR('',#13853,10.);
#3783=VECTOR('',#13854,10.);
#3784=VECTOR('',#13857,10.);
#3785=VECTOR('',#13864,10.);
#3786=VECTOR('',#13865,10.);
#3787=VECTOR('',#13866,10.);
#3788=VECTOR('',#13869,10.);
#3789=VECTOR('',#13870,10.);
#3790=VECTOR('',#13871,10.);
#3791=VECTOR('',#13874,10.);
#3792=VECTOR('',#13881,10.);
#3793=VECTOR('',#13882,10.);
#3794=VECTOR('',#13883,10.);
#3795=VECTOR('',#13886,10.);
#3796=VECTOR('',#13887,10.);
#3797=VECTOR('',#13888,10.);
#3798=VECTOR('',#13891,10.);
#3799=VECTOR('',#13898,10.);
#3800=VECTOR('',#13899,10.);
#3801=VECTOR('',#13900,10.);
#3802=VECTOR('',#13903,10.);
#3803=VECTOR('',#13904,10.);
#3804=VECTOR('',#13905,10.);
#3805=VECTOR('',#13908,10.);
#3806=VECTOR('',#13915,10.);
#3807=VECTOR('',#13916,10.);
#3808=VECTOR('',#13917,10.);
#3809=VECTOR('',#13920,10.);
#3810=VECTOR('',#13921,10.);
#3811=VECTOR('',#13922,10.);
#3812=VECTOR('',#13925,10.);
#3813=VECTOR('',#13932,10.);
#3814=VECTOR('',#13933,10.);
#3815=VECTOR('',#13934,10.);
#3816=VECTOR('',#13937,10.);
#3817=VECTOR('',#13938,10.);
#3818=VECTOR('',#13939,10.);
#3819=VECTOR('',#13942,10.);
#3820=VECTOR('',#13949,10.);
#3821=VECTOR('',#13950,10.);
#3822=VECTOR('',#13951,10.);
#3823=VECTOR('',#13954,10.);
#3824=VECTOR('',#13955,10.);
#3825=VECTOR('',#13956,10.);
#3826=VECTOR('',#13959,10.);
#3827=VECTOR('',#13966,10.);
#3828=VECTOR('',#13967,10.);
#3829=VECTOR('',#13968,10.);
#3830=VECTOR('',#13971,10.);
#3831=VECTOR('',#13972,10.);
#3832=VECTOR('',#13973,10.);
#3833=VECTOR('',#13976,10.);
#3834=VECTOR('',#13983,10.);
#3835=VECTOR('',#13984,10.);
#3836=VECTOR('',#13985,10.);
#3837=VECTOR('',#13988,10.);
#3838=VECTOR('',#13989,10.);
#3839=VECTOR('',#13990,10.);
#3840=VECTOR('',#13993,10.);
#3841=VECTOR('',#14000,10.);
#3842=VECTOR('',#14001,10.);
#3843=VECTOR('',#14002,10.);
#3844=VECTOR('',#14005,10.);
#3845=VECTOR('',#14006,10.);
#3846=VECTOR('',#14007,10.);
#3847=VECTOR('',#14010,10.);
#3848=VECTOR('',#14017,10.);
#3849=VECTOR('',#14018,10.);
#3850=VECTOR('',#14019,10.);
#3851=VECTOR('',#14022,10.);
#3852=VECTOR('',#14023,10.);
#3853=VECTOR('',#14024,10.);
#3854=VECTOR('',#14027,10.);
#3855=VECTOR('',#14034,10.);
#3856=VECTOR('',#14035,10.);
#3857=VECTOR('',#14036,10.);
#3858=VECTOR('',#14039,10.);
#3859=VECTOR('',#14040,10.);
#3860=VECTOR('',#14041,10.);
#3861=VECTOR('',#14044,10.);
#3862=VECTOR('',#14051,10.);
#3863=VECTOR('',#14052,10.);
#3864=VECTOR('',#14053,10.);
#3865=VECTOR('',#14056,10.);
#3866=VECTOR('',#14057,10.);
#3867=VECTOR('',#14058,10.);
#3868=VECTOR('',#14061,10.);
#3869=VECTOR('',#14068,10.);
#3870=VECTOR('',#14069,10.);
#3871=VECTOR('',#14070,10.);
#3872=VECTOR('',#14073,10.);
#3873=VECTOR('',#14074,10.);
#3874=VECTOR('',#14075,10.);
#3875=VECTOR('',#14078,10.);
#3876=VECTOR('',#14085,10.);
#3877=VECTOR('',#14086,10.);
#3878=VECTOR('',#14087,10.);
#3879=VECTOR('',#14090,10.);
#3880=VECTOR('',#14091,10.);
#3881=VECTOR('',#14092,10.);
#3882=VECTOR('',#14095,10.);
#3883=VECTOR('',#14102,10.);
#3884=VECTOR('',#14103,10.);
#3885=VECTOR('',#14104,10.);
#3886=VECTOR('',#14107,10.);
#3887=VECTOR('',#14108,10.);
#3888=VECTOR('',#14109,10.);
#3889=VECTOR('',#14112,10.);
#3890=VECTOR('',#14119,10.);
#3891=VECTOR('',#14120,10.);
#3892=VECTOR('',#14121,10.);
#3893=VECTOR('',#14124,10.);
#3894=VECTOR('',#14125,10.);
#3895=VECTOR('',#14126,10.);
#3896=VECTOR('',#14129,10.);
#3897=VECTOR('',#14136,10.);
#3898=VECTOR('',#14137,10.);
#3899=VECTOR('',#14138,10.);
#3900=VECTOR('',#14141,10.);
#3901=VECTOR('',#14142,10.);
#3902=VECTOR('',#14143,10.);
#3903=VECTOR('',#14146,10.);
#3904=VECTOR('',#14153,10.);
#3905=VECTOR('',#14154,10.);
#3906=VECTOR('',#14155,10.);
#3907=VECTOR('',#14158,10.);
#3908=VECTOR('',#14159,10.);
#3909=VECTOR('',#14160,10.);
#3910=VECTOR('',#14163,10.);
#3911=VECTOR('',#14170,10.);
#3912=VECTOR('',#14171,10.);
#3913=VECTOR('',#14172,10.);
#3914=VECTOR('',#14175,10.);
#3915=VECTOR('',#14176,10.);
#3916=VECTOR('',#14177,10.);
#3917=VECTOR('',#14180,10.);
#3918=VECTOR('',#14187,10.);
#3919=VECTOR('',#14188,10.);
#3920=VECTOR('',#14189,10.);
#3921=VECTOR('',#14192,10.);
#3922=VECTOR('',#14193,10.);
#3923=VECTOR('',#14194,10.);
#3924=VECTOR('',#14197,10.);
#3925=VECTOR('',#14204,10.);
#3926=VECTOR('',#14205,10.);
#3927=VECTOR('',#14206,10.);
#3928=VECTOR('',#14209,10.);
#3929=VECTOR('',#14210,10.);
#3930=VECTOR('',#14211,10.);
#3931=VECTOR('',#14214,10.);
#3932=VECTOR('',#14221,10.);
#3933=VECTOR('',#14222,10.);
#3934=VECTOR('',#14223,10.);
#3935=VECTOR('',#14226,10.);
#3936=VECTOR('',#14227,10.);
#3937=VECTOR('',#14228,10.);
#3938=VECTOR('',#14231,10.);
#3939=VECTOR('',#14238,10.);
#3940=VECTOR('',#14239,10.);
#3941=VECTOR('',#14240,10.);
#3942=VECTOR('',#14243,10.);
#3943=VECTOR('',#14244,10.);
#3944=VECTOR('',#14245,10.);
#3945=VECTOR('',#14248,10.);
#3946=VECTOR('',#14255,10.);
#3947=VECTOR('',#14256,10.);
#3948=VECTOR('',#14257,10.);
#3949=VECTOR('',#14260,10.);
#3950=VECTOR('',#14261,10.);
#3951=VECTOR('',#14262,10.);
#3952=VECTOR('',#14265,10.);
#3953=VECTOR('',#14272,10.);
#3954=VECTOR('',#14273,10.);
#3955=VECTOR('',#14274,10.);
#3956=VECTOR('',#14277,10.);
#3957=VECTOR('',#14278,10.);
#3958=VECTOR('',#14279,10.);
#3959=VECTOR('',#14282,10.);
#3960=VECTOR('',#14289,10.);
#3961=VECTOR('',#14290,10.);
#3962=VECTOR('',#14293,10.);
#3963=VECTOR('',#14294,10.);
#3964=VECTOR('',#14295,10.);
#3965=VECTOR('',#14298,10.);
#3966=VECTOR('',#14309,1.65);
#3967=VECTOR('',#14314,10.);
#3968=VECTOR('',#14315,10.);
#3969=VECTOR('',#14316,10.);
#3970=VECTOR('',#14317,10.);
#3971=VECTOR('',#14320,10.);
#3972=VECTOR('',#14321,10.);
#3973=VECTOR('',#14322,10.);
#3974=VECTOR('',#14323,10.);
#3975=VECTOR('',#14326,10.);
#3976=VECTOR('',#14327,10.);
#3977=VECTOR('',#14332,10.);
#3978=VECTOR('',#14333,10.);
#3979=VECTOR('',#14334,10.);
#3980=VECTOR('',#14337,10.);
#3981=VECTOR('',#14338,10.);
#3982=VECTOR('',#14339,10.);
#3983=VECTOR('',#14342,10.);
#3984=VECTOR('',#14343,10.);
#3985=VECTOR('',#14344,10.);
#3986=VECTOR('',#14347,10.);
#3987=VECTOR('',#14348,10.);
#3988=VECTOR('',#14349,10.);
#3989=VECTOR('',#14352,10.);
#3990=VECTOR('',#14353,10.);
#3991=VECTOR('',#14354,10.);
#3992=VECTOR('',#14357,10.);
#3993=VECTOR('',#14358,10.);
#3994=VECTOR('',#14359,10.);
#3995=VECTOR('',#14362,10.);
#3996=VECTOR('',#14363,10.);
#3997=VECTOR('',#14364,10.);
#3998=VECTOR('',#14367,10.);
#3999=VECTOR('',#14368,10.);
#4000=VECTOR('',#14369,10.);
#4001=VECTOR('',#14372,10.);
#4002=VECTOR('',#14373,10.);
#4003=VECTOR('',#14374,10.);
#4004=VECTOR('',#14377,10.);
#4005=VECTOR('',#14378,10.);
#4006=VECTOR('',#14379,10.);
#4007=VECTOR('',#14382,10.);
#4008=VECTOR('',#14383,10.);
#4009=VECTOR('',#14384,10.);
#4010=VECTOR('',#14391,10.);
#4011=VECTOR('',#14394,10.);
#4012=VECTOR('',#14395,10.);
#4013=VECTOR('',#14396,10.);
#4014=VECTOR('',#14399,10.);
#4015=VECTOR('',#14400,10.);
#4016=VECTOR('',#14401,10.);
#4017=VECTOR('',#14404,10.);
#4018=VECTOR('',#14411,10.);
#4019=VECTOR('',#14412,10.);
#4020=VECTOR('',#14413,10.);
#4021=VECTOR('',#14416,10.);
#4022=VECTOR('',#14417,10.);
#4023=VECTOR('',#14418,10.);
#4024=VECTOR('',#14421,10.);
#4025=VECTOR('',#14428,10.);
#4026=VECTOR('',#14429,10.);
#4027=VECTOR('',#14430,10.);
#4028=VECTOR('',#14433,10.);
#4029=VECTOR('',#14434,10.);
#4030=VECTOR('',#14435,10.);
#4031=VECTOR('',#14438,10.);
#4032=VECTOR('',#14445,10.);
#4033=VECTOR('',#14446,10.);
#4034=VECTOR('',#14447,10.);
#4035=VECTOR('',#14450,10.);
#4036=VECTOR('',#14451,10.);
#4037=VECTOR('',#14452,10.);
#4038=VECTOR('',#14455,10.);
#4039=VECTOR('',#14462,10.);
#4040=VECTOR('',#14463,10.);
#4041=VECTOR('',#14464,10.);
#4042=VECTOR('',#14467,10.);
#4043=VECTOR('',#14468,10.);
#4044=VECTOR('',#14469,10.);
#4045=VECTOR('',#14472,10.);
#4046=VECTOR('',#14479,10.);
#4047=VECTOR('',#14480,10.);
#4048=VECTOR('',#14481,10.);
#4049=VECTOR('',#14484,10.);
#4050=VECTOR('',#14485,10.);
#4051=VECTOR('',#14486,10.);
#4052=VECTOR('',#14489,10.);
#4053=VECTOR('',#14496,10.);
#4054=VECTOR('',#14497,10.);
#4055=VECTOR('',#14498,10.);
#4056=VECTOR('',#14501,10.);
#4057=VECTOR('',#14502,10.);
#4058=VECTOR('',#14503,10.);
#4059=VECTOR('',#14506,10.);
#4060=VECTOR('',#14513,10.);
#4061=VECTOR('',#14514,10.);
#4062=VECTOR('',#14515,10.);
#4063=VECTOR('',#14518,10.);
#4064=VECTOR('',#14519,10.);
#4065=VECTOR('',#14520,10.);
#4066=VECTOR('',#14523,10.);
#4067=VECTOR('',#14530,10.);
#4068=VECTOR('',#14531,10.);
#4069=VECTOR('',#14532,10.);
#4070=VECTOR('',#14535,10.);
#4071=VECTOR('',#14536,10.);
#4072=VECTOR('',#14537,10.);
#4073=VECTOR('',#14540,10.);
#4074=VECTOR('',#14547,10.);
#4075=VECTOR('',#14548,10.);
#4076=VECTOR('',#14549,10.);
#4077=VECTOR('',#14552,10.);
#4078=VECTOR('',#14553,10.);
#4079=VECTOR('',#14554,10.);
#4080=VECTOR('',#14557,10.);
#4081=VECTOR('',#14564,10.);
#4082=VECTOR('',#14565,10.);
#4083=VECTOR('',#14568,10.);
#4084=VECTOR('',#14569,10.);
#4085=VECTOR('',#14570,10.);
#4086=VECTOR('',#14573,10.);
#4087=CIRCLE('',#10735,4.15);
#4088=CIRCLE('',#10736,4.15);
#4089=CIRCLE('',#10738,1.7);
#4090=CIRCLE('',#10739,1.7);
#4091=CIRCLE('',#10741,1.7);
#4092=CIRCLE('',#10742,1.7);
#4093=CIRCLE('',#10745,1.7);
#4094=CIRCLE('',#10746,1.7);
#4095=CIRCLE('',#10748,1.7);
#4096=CIRCLE('',#10749,1.7);
#4097=CIRCLE('',#10752,1.7);
#4098=CIRCLE('',#10753,1.7);
#4099=CIRCLE('',#10754,1.7);
#4100=CIRCLE('',#10755,1.7);
#4101=CIRCLE('',#10757,30.);
#4102=CIRCLE('',#10759,100.);
#4103=CIRCLE('',#10760,100.);
#4104=CIRCLE('',#10761,100.);
#4105=CIRCLE('',#10762,100.);
#4106=CIRCLE('',#10763,30.);
#4107=CIRCLE('',#10764,1.7);
#4108=CIRCLE('',#10765,30.);
#4109=CIRCLE('',#10766,82.);
#4110=CIRCLE('',#10767,30.);
#4111=CIRCLE('',#10768,30.);
#4112=CIRCLE('',#10769,82.);
#4113=CIRCLE('',#10770,82.);
#4114=CIRCLE('',#10771,30.);
#4115=CIRCLE('',#10772,30.);
#4116=CIRCLE('',#10773,82.);
#4117=CIRCLE('',#10774,30.);
#4118=CIRCLE('',#10775,30.);
#4119=CIRCLE('',#10776,1.7);
#4120=CIRCLE('',#10777,1.7);
#4121=CIRCLE('',#10778,1.7);
#4122=CIRCLE('',#10779,1.7);
#4123=CIRCLE('',#10781,30.);
#4124=CIRCLE('',#10782,1.7);
#4125=CIRCLE('',#10783,1.7);
#4126=CIRCLE('',#10785,1.7);
#4127=CIRCLE('',#10787,30.);
#4128=CIRCLE('',#10788,30.);
#4129=CIRCLE('',#10789,30.);
#4130=CIRCLE('',#10790,30.);
#4131=CIRCLE('',#10791,30.);
#4132=CIRCLE('',#10792,30.);
#4133=CIRCLE('',#10793,30.);
#4134=CIRCLE('',#10794,30.);
#4135=CIRCLE('',#10795,30.);
#4136=CIRCLE('',#10796,30.);
#4137=CIRCLE('',#10797,30.);
#4138=CIRCLE('',#10798,30.);
#4139=CIRCLE('',#10800,1.7);
#4140=CIRCLE('',#10801,1.7);
#4141=CIRCLE('',#10804,1.7);
#4142=CIRCLE('',#10805,1.7);
#4143=CIRCLE('',#10808,1.7);
#4144=CIRCLE('',#10809,1.7);
#4145=CIRCLE('',#10812,1.7);
#4146=CIRCLE('',#10813,1.7);
#4147=CIRCLE('',#10816,1.7);
#4148=CIRCLE('',#10817,1.7);
#4149=CIRCLE('',#10820,1.7);
#4150=CIRCLE('',#10821,1.7);
#4151=CIRCLE('',#10828,1.7);
#4152=CIRCLE('',#10829,1.7);
#4153=CIRCLE('',#10832,1.7);
#4154=CIRCLE('',#10833,1.7);
#4155=CIRCLE('',#10848,4.15);
#4156=CIRCLE('',#10849,4.15);
#4157=CIRCLE('',#10861,11.1);
#4158=CIRCLE('',#10862,11.1);
#4159=CIRCLE('',#10865,4.15);
#4160=CIRCLE('',#10867,4.15);
#4161=CIRCLE('',#10870,1.7);
#4162=CIRCLE('',#10872,1.7);
#4163=CIRCLE('',#10874,1.7);
#4164=CIRCLE('',#10876,1.7);
#4165=CIRCLE('',#10891,82.);
#4166=CIRCLE('',#10893,82.);
#4167=CIRCLE('',#10895,100.);
#4168=CIRCLE('',#10897,82.);
#4169=CIRCLE('',#10899,82.);
#4170=CIRCLE('',#10901,100.);
#4171=CIRCLE('',#10903,100.);
#4172=CIRCLE('',#10904,100.);
#4173=CIRCLE('',#10915,11.1);
#4174=CIRCLE('',#10917,11.1);
#4175=CIRCLE('',#10921,1.7);
#4176=CIRCLE('',#10929,35.);
#4177=CIRCLE('',#10930,35.);
#4178=CIRCLE('',#10931,35.);
#4179=CIRCLE('',#10932,35.);
#4180=CIRCLE('',#10933,1.7);
#4181=CIRCLE('',#10934,1.7);
#4182=CIRCLE('',#10935,1.7);
#4183=CIRCLE('',#10936,4.1);
#4184=CIRCLE('',#10937,1.7);
#4185=CIRCLE('',#10938,1.7);
#4186=CIRCLE('',#10939,1.7);
#4187=CIRCLE('',#10940,1.7);
#4188=CIRCLE('',#10941,1.7);
#4189=CIRCLE('',#10942,1.7);
#4190=CIRCLE('',#10943,1.7);
#4191=CIRCLE('',#10944,1.7);
#4192=CIRCLE('',#10946,1.7);
#4193=CIRCLE('',#10948,1.7);
#4194=CIRCLE('',#10950,1.7);
#4195=CIRCLE('',#10952,1.7);
#4196=CIRCLE('',#10954,1.7);
#4197=CIRCLE('',#10956,1.7);
#4198=CIRCLE('',#10961,35.);
#4199=CIRCLE('',#10962,35.);
#4200=CIRCLE('',#10963,35.);
#4201=CIRCLE('',#10964,35.);
#4202=CIRCLE('',#10965,1.7);
#4203=CIRCLE('',#10966,1.7);
#4204=CIRCLE('',#10967,4.1);
#4205=CIRCLE('',#10968,1.7);
#4206=CIRCLE('',#10969,1.7);
#4207=CIRCLE('',#10970,1.7);
#4208=CIRCLE('',#10971,1.7);
#4209=CIRCLE('',#10994,1.7);
#4210=CIRCLE('',#10995,1.7);
#4211=CIRCLE('',#11006,1.7);
#4212=CIRCLE('',#11010,1.7);
#4213=CIRCLE('',#11016,1.7);
#4214=CIRCLE('',#11017,1.7);
#4215=CIRCLE('',#11019,1.7);
#4216=CIRCLE('',#11020,1.7);
#4217=CIRCLE('',#11035,1.7);
#4218=CIRCLE('',#11038,1.7);
#4219=CIRCLE('',#11040,13.);
#4220=CIRCLE('',#11042,13.);
#4221=CIRCLE('',#11043,13.);
#4222=CIRCLE('',#11048,13.);
#4223=CIRCLE('',#11050,13.);
#4224=CIRCLE('',#11052,13.);
#4225=CIRCLE('',#11055,9.3);
#4226=CIRCLE('',#11057,9.3);
#4227=CIRCLE('',#11061,4.);
#4228=CIRCLE('',#11062,4.);
#4229=CIRCLE('',#11066,4.);
#4230=CIRCLE('',#11067,4.);
#4231=CIRCLE('',#11069,11.);
#4232=CIRCLE('',#11070,11.);
#4233=CIRCLE('',#11074,4.);
#4234=CIRCLE('',#11075,4.);
#4235=CIRCLE('',#11077,11.);
#4236=CIRCLE('',#11078,11.);
#4237=CIRCLE('',#11082,1.5);
#4238=CIRCLE('',#11083,1.5);
#4239=CIRCLE('',#11087,1.5);
#4240=CIRCLE('',#11088,1.5);
#4241=CIRCLE('',#11092,1.5);
#4242=CIRCLE('',#11093,1.5);
#4243=CIRCLE('',#11097,1.5);
#4244=CIRCLE('',#11098,1.5);
#4245=CIRCLE('',#11103,1.7);
#4246=CIRCLE('',#11104,1.7);
#4247=CIRCLE('',#11106,1.7);
#4248=CIRCLE('',#11107,1.7);
#4249=CIRCLE('',#11109,1.7);
#4250=CIRCLE('',#11110,1.7);
#4251=CIRCLE('',#11112,1.7);
#4252=CIRCLE('',#11113,1.7);
#4253=CIRCLE('',#11115,1.7);
#4254=CIRCLE('',#11116,1.7);
#4255=CIRCLE('',#11118,1.7);
#4256=CIRCLE('',#11119,1.7);
#4257=CIRCLE('',#11121,1.7);
#4258=CIRCLE('',#11122,1.7);
#4259=CIRCLE('',#11124,1.7);
#4260=CIRCLE('',#11125,1.7);
#4261=CIRCLE('',#11127,6.);
#4262=CIRCLE('',#11128,6.);
#4263=CIRCLE('',#11140,4.1);
#4264=CIRCLE('',#11141,4.1);
#4265=CIRCLE('',#11143,1.65);
#4266=CIRCLE('',#11145,1.65);
#4267=CIRCLE('',#11147,8.);
#4268=CIRCLE('',#11148,8.);
#4269=CIRCLE('',#11153,1.7);
#4270=CIRCLE('',#11154,1.7);
#4271=CIRCLE('',#11156,1.7);
#4272=CIRCLE('',#11157,1.7);
#4273=CIRCLE('',#11159,1.7);
#4274=CIRCLE('',#11160,1.7);
#4275=CIRCLE('',#11162,1.7);
#4276=CIRCLE('',#11163,1.7);
#4277=CIRCLE('',#11165,1.7);
#4278=CIRCLE('',#11166,1.7);
#4279=CIRCLE('',#11168,1.7);
#4280=CIRCLE('',#11169,1.7);
#4281=CIRCLE('',#11171,1.7);
#4282=CIRCLE('',#11172,1.7);
#4283=CIRCLE('',#11174,1.7);
#4284=CIRCLE('',#11175,1.7);
#4285=CIRCLE('',#11183,1.7);
#4286=CIRCLE('',#11184,1.7);
#4287=CIRCLE('',#11186,1.7);
#4288=CIRCLE('',#11187,1.7);
#4289=CIRCLE('',#11189,1.7);
#4290=CIRCLE('',#11190,1.7);
#4291=CIRCLE('',#11192,1.7);
#4292=CIRCLE('',#11193,1.7);
#4293=CIRCLE('',#11195,4.1);
#4294=CIRCLE('',#11196,4.1);
#4295=CIRCLE('',#11201,29.);
#4296=CIRCLE('',#11202,29.);
#4297=CIRCLE('',#11203,29.);
#4298=CIRCLE('',#11204,29.);
#4299=CIRCLE('',#11205,29.);
#4300=CIRCLE('',#11206,29.);
#4301=CIRCLE('',#11207,29.);
#4302=CIRCLE('',#11208,29.);
#4303=CIRCLE('',#11209,29.);
#4304=CIRCLE('',#11210,29.);
#4305=CIRCLE('',#11211,29.);
#4306=CIRCLE('',#11212,29.);
#4307=CIRCLE('',#11213,29.);
#4308=CIRCLE('',#11214,29.);
#4309=CIRCLE('',#11215,29.);
#4310=CIRCLE('',#11216,29.);
#4311=CIRCLE('',#11217,29.);
#4312=CIRCLE('',#11218,29.);
#4313=CIRCLE('',#11219,29.);
#4314=CIRCLE('',#11220,29.);
#4315=CIRCLE('',#11221,29.);
#4316=CIRCLE('',#11222,29.);
#4317=CIRCLE('',#11223,29.);
#4318=CIRCLE('',#11224,29.);
#4319=CIRCLE('',#11225,29.);
#4320=CIRCLE('',#11226,29.);
#4321=CIRCLE('',#11227,29.);
#4322=CIRCLE('',#11228,29.);
#4323=CIRCLE('',#11229,29.);
#4324=CIRCLE('',#11230,29.);
#4325=CIRCLE('',#11231,29.);
#4326=CIRCLE('',#11232,29.);
#4327=CIRCLE('',#11233,29.);
#4328=CIRCLE('',#11234,29.);
#4329=CIRCLE('',#11235,29.);
#4330=CIRCLE('',#11236,29.);
#4331=CIRCLE('',#11237,29.);
#4332=CIRCLE('',#11238,29.);
#4333=CIRCLE('',#11239,29.);
#4334=CIRCLE('',#11240,29.);
#4335=CIRCLE('',#11241,29.);
#4336=CIRCLE('',#11242,29.);
#4337=CIRCLE('',#11243,29.);
#4338=CIRCLE('',#11244,29.);
#4339=CIRCLE('',#11245,29.);
#4340=CIRCLE('',#11246,29.);
#4341=CIRCLE('',#11247,29.);
#4342=CIRCLE('',#11248,29.);
#4343=CIRCLE('',#11249,29.);
#4344=CIRCLE('',#11250,29.);
#4345=CIRCLE('',#11251,29.);
#4346=CIRCLE('',#11252,29.);
#4347=CIRCLE('',#11253,29.);
#4348=CIRCLE('',#11254,29.);
#4349=CIRCLE('',#11255,29.);
#4350=CIRCLE('',#11256,29.);
#4351=CIRCLE('',#11257,29.);
#4352=CIRCLE('',#11258,29.);
#4353=CIRCLE('',#11259,29.);
#4354=CIRCLE('',#11260,29.);
#4355=CIRCLE('',#11262,29.);
#4356=CIRCLE('',#11267,29.);
#4357=CIRCLE('',#11272,29.);
#4358=CIRCLE('',#11277,29.);
#4359=CIRCLE('',#11282,29.);
#4360=CIRCLE('',#11287,29.);
#4361=CIRCLE('',#11292,29.);
#4362=CIRCLE('',#11297,29.);
#4363=CIRCLE('',#11302,29.);
#4364=CIRCLE('',#11307,29.);
#4365=CIRCLE('',#11312,29.);
#4366=CIRCLE('',#11317,29.);
#4367=CIRCLE('',#11322,29.);
#4368=CIRCLE('',#11327,29.);
#4369=CIRCLE('',#11332,29.);
#4370=CIRCLE('',#11337,29.);
#4371=CIRCLE('',#11342,29.);
#4372=CIRCLE('',#11347,29.);
#4373=CIRCLE('',#11352,29.);
#4374=CIRCLE('',#11357,29.);
#4375=CIRCLE('',#11362,29.);
#4376=CIRCLE('',#11367,29.);
#4377=CIRCLE('',#11372,29.);
#4378=CIRCLE('',#11377,29.);
#4379=CIRCLE('',#11382,29.);
#4380=CIRCLE('',#11387,29.);
#4381=CIRCLE('',#11392,29.);
#4382=CIRCLE('',#11397,29.);
#4383=CIRCLE('',#11402,29.);
#4384=CIRCLE('',#11407,29.);
#4385=CIRCLE('',#11412,29.);
#4386=CIRCLE('',#11417,29.);
#4387=CIRCLE('',#11422,29.);
#4388=CIRCLE('',#11427,29.);
#4389=CIRCLE('',#11432,29.);
#4390=CIRCLE('',#11437,29.);
#4391=CIRCLE('',#11442,29.);
#4392=CIRCLE('',#11447,29.);
#4393=CIRCLE('',#11452,29.);
#4394=CIRCLE('',#11457,29.);
#4395=CIRCLE('',#11462,29.);
#4396=CIRCLE('',#11467,29.);
#4397=CIRCLE('',#11472,29.);
#4398=CIRCLE('',#11477,29.);
#4399=CIRCLE('',#11482,29.);
#4400=CIRCLE('',#11487,29.);
#4401=CIRCLE('',#11492,29.);
#4402=CIRCLE('',#11497,29.);
#4403=CIRCLE('',#11502,29.);
#4404=CIRCLE('',#11507,29.);
#4405=CIRCLE('',#11512,29.);
#4406=CIRCLE('',#11517,29.);
#4407=CIRCLE('',#11522,29.);
#4408=CIRCLE('',#11527,29.);
#4409=CIRCLE('',#11532,29.);
#4410=CIRCLE('',#11537,29.);
#4411=CIRCLE('',#11542,29.);
#4412=CIRCLE('',#11547,29.);
#4413=CIRCLE('',#11552,29.);
#4414=CIRCLE('',#11557,29.);
#4415=CIRCLE('',#11560,1.65);
#4416=CIRCLE('',#11561,1.65);
#4417=CIRCLE('',#11566,5.);
#4418=CIRCLE('',#11567,5.);
#4419=CIRCLE('',#11568,5.);
#4420=CIRCLE('',#11569,5.);
#4421=CIRCLE('',#11570,5.);
#4422=CIRCLE('',#11571,5.);
#4423=CIRCLE('',#11572,5.);
#4424=CIRCLE('',#11573,5.);
#4425=CIRCLE('',#11574,5.);
#4426=CIRCLE('',#11575,5.);
#4427=CIRCLE('',#11576,5.);
#4428=CIRCLE('',#11577,5.);
#4429=CIRCLE('',#11579,5.);
#4430=CIRCLE('',#11584,5.);
#4431=CIRCLE('',#11589,5.);
#4432=CIRCLE('',#11594,5.);
#4433=CIRCLE('',#11599,5.);
#4434=CIRCLE('',#11604,5.);
#4435=CIRCLE('',#11609,5.);
#4436=CIRCLE('',#11614,5.);
#4437=CIRCLE('',#11619,5.);
#4438=CIRCLE('',#11624,5.);
#4439=CIRCLE('',#11629,5.);
#4440=CIRCLE('',#11634,5.);
#4441=VERTEX_POINT('',#14609);
#4442=VERTEX_POINT('',#14611);
#4443=VERTEX_POINT('',#14615);
#4444=VERTEX_POINT('',#14616);
#4445=VERTEX_POINT('',#14618);
#4446=VERTEX_POINT('',#14622);
#4447=VERTEX_POINT('',#14625);
#4448=VERTEX_POINT('',#14627);
#4449=VERTEX_POINT('',#14631);
#4450=VERTEX_POINT('',#14633);
#4451=VERTEX_POINT('',#14635);
#4452=VERTEX_POINT('',#14637);
#4453=VERTEX_POINT('',#14641);
#4454=VERTEX_POINT('',#14642);
#4455=VERTEX_POINT('',#14644);
#4456=VERTEX_POINT('',#14648);
#4457=VERTEX_POINT('',#14651);
#4458=VERTEX_POINT('',#14653);
#4459=VERTEX_POINT('',#14657);
#4460=VERTEX_POINT('',#14659);
#4461=VERTEX_POINT('',#14661);
#4462=VERTEX_POINT('',#14663);
#4463=VERTEX_POINT('',#14667);
#4464=VERTEX_POINT('',#14669);
#4465=VERTEX_POINT('',#14671);
#4466=VERTEX_POINT('',#14673);
#4467=VERTEX_POINT('',#14675);
#4468=VERTEX_POINT('',#14677);
#4469=VERTEX_POINT('',#14683);
#4470=VERTEX_POINT('',#14684);
#4471=VERTEX_POINT('',#14686);
#4472=VERTEX_POINT('',#14688);
#4473=VERTEX_POINT('',#14690);
#4474=VERTEX_POINT('',#14692);
#4475=VERTEX_POINT('',#14694);
#4476=VERTEX_POINT('',#14696);
#4477=VERTEX_POINT('',#14698);
#4478=VERTEX_POINT('',#14700);
#4479=VERTEX_POINT('',#14702);
#4480=VERTEX_POINT('',#14704);
#4481=VERTEX_POINT('',#14706);
#4482=VERTEX_POINT('',#14708);
#4483=VERTEX_POINT('',#14710);
#4484=VERTEX_POINT('',#14712);
#4485=VERTEX_POINT('',#14716);
#4486=VERTEX_POINT('',#14718);
#4487=VERTEX_POINT('',#14720);
#4488=VERTEX_POINT('',#14722);
#4489=VERTEX_POINT('',#14724);
#4490=VERTEX_POINT('',#14726);
#4491=VERTEX_POINT('',#14728);
#4492=VERTEX_POINT('',#14730);
#4493=VERTEX_POINT('',#14732);
#4494=VERTEX_POINT('',#14734);
#4495=VERTEX_POINT('',#14736);
#4496=VERTEX_POINT('',#14738);
#4497=VERTEX_POINT('',#14740);
#4498=VERTEX_POINT('',#14742);
#4499=VERTEX_POINT('',#14744);
#4500=VERTEX_POINT('',#14746);
#4501=VERTEX_POINT('',#14748);
#4502=VERTEX_POINT('',#14750);
#4503=VERTEX_POINT('',#14752);
#4504=VERTEX_POINT('',#14754);
#4505=VERTEX_POINT('',#14756);
#4506=VERTEX_POINT('',#14758);
#4507=VERTEX_POINT('',#14760);
#4508=VERTEX_POINT('',#14762);
#4509=VERTEX_POINT('',#14764);
#4510=VERTEX_POINT('',#14766);
#4511=VERTEX_POINT('',#14768);
#4512=VERTEX_POINT('',#14770);
#4513=VERTEX_POINT('',#14773);
#4514=VERTEX_POINT('',#14775);
#4515=VERTEX_POINT('',#14778);
#4516=VERTEX_POINT('',#14780);
#4517=VERTEX_POINT('',#14782);
#4518=VERTEX_POINT('',#14784);
#4519=VERTEX_POINT('',#14787);
#4520=VERTEX_POINT('',#14788);
#4521=VERTEX_POINT('',#14790);
#4522=VERTEX_POINT('',#14794);
#4523=VERTEX_POINT('',#14800);
#4524=VERTEX_POINT('',#14802);
#4525=VERTEX_POINT('',#14804);
#4526=VERTEX_POINT('',#14806);
#4527=VERTEX_POINT('',#14808);
#4528=VERTEX_POINT('',#14811);
#4529=VERTEX_POINT('',#14813);
#4530=VERTEX_POINT('',#14817);
#4531=VERTEX_POINT('',#14819);
#4532=VERTEX_POINT('',#14823);
#4533=VERTEX_POINT('',#14825);
#4534=VERTEX_POINT('',#14828);
#4535=VERTEX_POINT('',#14830);
#4536=VERTEX_POINT('',#14832);
#4537=VERTEX_POINT('',#14836);
#4538=VERTEX_POINT('',#14838);
#4539=VERTEX_POINT('',#14843);
#4540=VERTEX_POINT('',#14845);
#4541=VERTEX_POINT('',#14850);
#4542=VERTEX_POINT('',#14852);
#4543=VERTEX_POINT('',#14857);
#4544=VERTEX_POINT('',#14859);
#4545=VERTEX_POINT('',#14864);
#4546=VERTEX_POINT('',#14866);
#4547=VERTEX_POINT('',#14871);
#4548=VERTEX_POINT('',#14873);
#4549=VERTEX_POINT('',#14878);
#4550=VERTEX_POINT('',#14879);
#4551=VERTEX_POINT('',#14881);
#4552=VERTEX_POINT('',#14883);
#4553=VERTEX_POINT('',#14890);
#4554=VERTEX_POINT('',#14892);
#4555=VERTEX_POINT('',#14897);
#4556=VERTEX_POINT('',#14899);
#4557=VERTEX_POINT('',#14904);
#4558=VERTEX_POINT('',#14906);
#4559=VERTEX_POINT('',#14911);
#4560=VERTEX_POINT('',#14913);
#4561=VERTEX_POINT('',#14918);
#4562=VERTEX_POINT('',#14920);
#4563=VERTEX_POINT('',#14930);
#4564=VERTEX_POINT('',#14932);
#4565=VERTEX_POINT('',#14941);
#4566=VERTEX_POINT('',#14943);
#4567=VERTEX_POINT('',#14952);
#4568=VERTEX_POINT('',#14954);
#4569=VERTEX_POINT('',#14958);
#4570=VERTEX_POINT('',#14960);
#4571=VERTEX_POINT('',#14972);
#4572=VERTEX_POINT('',#14976);
#4573=VERTEX_POINT('',#14980);
#4574=VERTEX_POINT('',#14984);
#4575=VERTEX_POINT('',#14988);
#4576=VERTEX_POINT('',#14990);
#4577=VERTEX_POINT('',#14995);
#4578=VERTEX_POINT('',#14998);
#4579=VERTEX_POINT('',#15003);
#4580=VERTEX_POINT('',#15007);
#4581=VERTEX_POINT('',#15011);
#4582=VERTEX_POINT('',#15015);
#4583=VERTEX_POINT('',#15019);
#4584=VERTEX_POINT('',#15021);
#4585=VERTEX_POINT('',#15025);
#4586=VERTEX_POINT('',#15027);
#4587=VERTEX_POINT('',#15031);
#4588=VERTEX_POINT('',#15033);
#4589=VERTEX_POINT('',#15037);
#4590=VERTEX_POINT('',#15039);
#4591=VERTEX_POINT('',#15043);
#4592=VERTEX_POINT('',#15045);
#4593=VERTEX_POINT('',#15049);
#4594=VERTEX_POINT('',#15051);
#4595=VERTEX_POINT('',#15055);
#4596=VERTEX_POINT('',#15057);
#4597=VERTEX_POINT('',#15063);
#4598=VERTEX_POINT('',#15065);
#4599=VERTEX_POINT('',#15071);
#4600=VERTEX_POINT('',#15075);
#4601=VERTEX_POINT('',#15079);
#4602=VERTEX_POINT('',#15085);
#4603=VERTEX_POINT('',#15089);
#4604=VERTEX_POINT('',#15097);
#4605=VERTEX_POINT('',#15101);
#4606=VERTEX_POINT('',#15103);
#4607=VERTEX_POINT('',#15105);
#4608=VERTEX_POINT('',#15108);
#4609=VERTEX_POINT('',#15110);
#4610=VERTEX_POINT('',#15112);
#4611=VERTEX_POINT('',#15132);
#4612=VERTEX_POINT('',#15135);
#4613=VERTEX_POINT('',#15141);
#4614=VERTEX_POINT('',#15144);
#4615=VERTEX_POINT('',#15145);
#4616=VERTEX_POINT('',#15147);
#4617=VERTEX_POINT('',#15149);
#4618=VERTEX_POINT('',#15153);
#4619=VERTEX_POINT('',#15154);
#4620=VERTEX_POINT('',#15156);
#4621=VERTEX_POINT('',#15158);
#4622=VERTEX_POINT('',#15162);
#4623=VERTEX_POINT('',#15167);
#4624=VERTEX_POINT('',#15175);
#4625=VERTEX_POINT('',#15177);
#4626=VERTEX_POINT('',#15179);
#4627=VERTEX_POINT('',#15181);
#4628=VERTEX_POINT('',#15183);
#4629=VERTEX_POINT('',#15185);
#4630=VERTEX_POINT('',#15187);
#4631=VERTEX_POINT('',#15189);
#4632=VERTEX_POINT('',#15191);
#4633=VERTEX_POINT('',#15193);
#4634=VERTEX_POINT('',#15195);
#4635=VERTEX_POINT('',#15197);
#4636=VERTEX_POINT('',#15199);
#4637=VERTEX_POINT('',#15201);
#4638=VERTEX_POINT('',#15203);
#4639=VERTEX_POINT('',#15205);
#4640=VERTEX_POINT('',#15208);
#4641=VERTEX_POINT('',#15210);
#4642=VERTEX_POINT('',#15212);
#4643=VERTEX_POINT('',#15214);
#4644=VERTEX_POINT('',#15216);
#4645=VERTEX_POINT('',#15218);
#4646=VERTEX_POINT('',#15220);
#4647=VERTEX_POINT('',#15222);
#4648=VERTEX_POINT('',#15224);
#4649=VERTEX_POINT('',#15226);
#4650=VERTEX_POINT('',#15228);
#4651=VERTEX_POINT('',#15230);
#4652=VERTEX_POINT('',#15233);
#4653=VERTEX_POINT('',#15237);
#4654=VERTEX_POINT('',#15241);
#4655=VERTEX_POINT('',#15245);
#4656=VERTEX_POINT('',#15249);
#4657=VERTEX_POINT('',#15253);
#4658=VERTEX_POINT('',#15257);
#4659=VERTEX_POINT('',#15259);
#4660=VERTEX_POINT('',#15263);
#4661=VERTEX_POINT('',#15265);
#4662=VERTEX_POINT('',#15271);
#4663=VERTEX_POINT('',#15273);
#4664=VERTEX_POINT('',#15275);
#4665=VERTEX_POINT('',#15277);
#4666=VERTEX_POINT('',#15279);
#4667=VERTEX_POINT('',#15281);
#4668=VERTEX_POINT('',#15283);
#4669=VERTEX_POINT('',#15285);
#4670=VERTEX_POINT('',#15287);
#4671=VERTEX_POINT('',#15289);
#4672=VERTEX_POINT('',#15291);
#4673=VERTEX_POINT('',#15293);
#4674=VERTEX_POINT('',#15296);
#4675=VERTEX_POINT('',#15298);
#4676=VERTEX_POINT('',#15300);
#4677=VERTEX_POINT('',#15302);
#4678=VERTEX_POINT('',#15304);
#4679=VERTEX_POINT('',#15306);
#4680=VERTEX_POINT('',#15308);
#4681=VERTEX_POINT('',#15351);
#4682=VERTEX_POINT('',#15353);
#4683=VERTEX_POINT('',#15357);
#4684=VERTEX_POINT('',#15358);
#4685=VERTEX_POINT('',#15360);
#4686=VERTEX_POINT('',#15362);
#4687=VERTEX_POINT('',#15366);
#4688=VERTEX_POINT('',#15367);
#4689=VERTEX_POINT('',#15372);
#4690=VERTEX_POINT('',#15373);
#4691=VERTEX_POINT('',#15375);
#4692=VERTEX_POINT('',#15377);
#4693=VERTEX_POINT('',#15381);
#4694=VERTEX_POINT('',#15386);
#4695=VERTEX_POINT('',#15395);
#4696=VERTEX_POINT('',#15396);
#4697=VERTEX_POINT('',#15398);
#4698=VERTEX_POINT('',#15400);
#4699=VERTEX_POINT('',#15404);
#4700=VERTEX_POINT('',#15406);
#4701=VERTEX_POINT('',#15408);
#4702=VERTEX_POINT('',#15410);
#4703=VERTEX_POINT('',#15413);
#4704=VERTEX_POINT('',#15416);
#4705=VERTEX_POINT('',#15418);
#4706=VERTEX_POINT('',#15422);
#4707=VERTEX_POINT('',#15427);
#4708=VERTEX_POINT('',#15430);
#4709=VERTEX_POINT('',#15439);
#4710=VERTEX_POINT('',#15441);
#4711=VERTEX_POINT('',#15445);
#4712=VERTEX_POINT('',#15447);
#4713=VERTEX_POINT('',#15451);
#4714=VERTEX_POINT('',#15452);
#4715=VERTEX_POINT('',#15454);
#4716=VERTEX_POINT('',#15456);
#4717=VERTEX_POINT('',#15460);
#4718=VERTEX_POINT('',#15461);
#4719=VERTEX_POINT('',#15463);
#4720=VERTEX_POINT('',#15465);
#4721=VERTEX_POINT('',#15478);
#4722=VERTEX_POINT('',#15479);
#4723=VERTEX_POINT('',#15481);
#4724=VERTEX_POINT('',#15483);
#4725=VERTEX_POINT('',#15485);
#4726=VERTEX_POINT('',#15487);
#4727=VERTEX_POINT('',#15489);
#4728=VERTEX_POINT('',#15491);
#4729=VERTEX_POINT('',#15495);
#4730=VERTEX_POINT('',#15497);
#4731=VERTEX_POINT('',#15501);
#4732=VERTEX_POINT('',#15503);
#4733=VERTEX_POINT('',#15507);
#4734=VERTEX_POINT('',#15509);
#4735=VERTEX_POINT('',#15517);
#4736=VERTEX_POINT('',#15519);
#4737=VERTEX_POINT('',#15521);
#4738=VERTEX_POINT('',#15523);
#4739=VERTEX_POINT('',#15525);
#4740=VERTEX_POINT('',#15527);
#4741=VERTEX_POINT('',#15529);
#4742=VERTEX_POINT('',#15532);
#4743=VERTEX_POINT('',#15535);
#4744=VERTEX_POINT('',#15539);
#4745=VERTEX_POINT('',#15543);
#4746=VERTEX_POINT('',#15545);
#4747=VERTEX_POINT('',#15549);
#4748=VERTEX_POINT('',#15551);
#4749=VERTEX_POINT('',#15553);
#4750=VERTEX_POINT('',#15561);
#4751=VERTEX_POINT('',#15563);
#4752=VERTEX_POINT('',#15571);
#4753=VERTEX_POINT('',#15576);
#4754=VERTEX_POINT('',#15579);
#4755=VERTEX_POINT('',#15585);
#4756=VERTEX_POINT('',#15587);
#4757=VERTEX_POINT('',#15593);
#4758=VERTEX_POINT('',#15595);
#4759=VERTEX_POINT('',#15599);
#4760=VERTEX_POINT('',#15601);
#4761=VERTEX_POINT('',#15607);
#4762=VERTEX_POINT('',#15609);
#4763=VERTEX_POINT('',#15613);
#4764=VERTEX_POINT('',#15615);
#4765=VERTEX_POINT('',#15621);
#4766=VERTEX_POINT('',#15623);
#4767=VERTEX_POINT('',#15629);
#4768=VERTEX_POINT('',#15631);
#4769=VERTEX_POINT('',#15637);
#4770=VERTEX_POINT('',#15639);
#4771=VERTEX_POINT('',#15645);
#4772=VERTEX_POINT('',#15647);
#4773=VERTEX_POINT('',#15654);
#4774=VERTEX_POINT('',#15656);
#4775=VERTEX_POINT('',#15660);
#4776=VERTEX_POINT('',#15662);
#4777=VERTEX_POINT('',#15666);
#4778=VERTEX_POINT('',#15668);
#4779=VERTEX_POINT('',#15672);
#4780=VERTEX_POINT('',#15674);
#4781=VERTEX_POINT('',#15678);
#4782=VERTEX_POINT('',#15680);
#4783=VERTEX_POINT('',#15684);
#4784=VERTEX_POINT('',#15686);
#4785=VERTEX_POINT('',#15690);
#4786=VERTEX_POINT('',#15692);
#4787=VERTEX_POINT('',#15696);
#4788=VERTEX_POINT('',#15698);
#4789=VERTEX_POINT('',#15702);
#4790=VERTEX_POINT('',#15704);
#4791=VERTEX_POINT('',#15708);
#4792=VERTEX_POINT('',#15709);
#4793=VERTEX_POINT('',#15711);
#4794=VERTEX_POINT('',#15713);
#4795=VERTEX_POINT('',#15717);
#4796=VERTEX_POINT('',#15718);
#4797=VERTEX_POINT('',#15720);
#4798=VERTEX_POINT('',#15722);
#4799=VERTEX_POINT('',#15734);
#4800=VERTEX_POINT('',#15735);
#4801=VERTEX_POINT('',#15746);
#4802=VERTEX_POINT('',#15775);
#4803=VERTEX_POINT('',#15777);
#4804=VERTEX_POINT('',#15796);
#4805=VERTEX_POINT('',#15818);
#4806=VERTEX_POINT('',#15819);
#4807=VERTEX_POINT('',#15856);
#4808=VERTEX_POINT('',#15858);
#4809=VERTEX_POINT('',#15896);
#4810=VERTEX_POINT('',#15897);
#4811=VERTEX_POINT('',#15908);
#4812=VERTEX_POINT('',#15937);
#4813=VERTEX_POINT('',#15939);
#4814=VERTEX_POINT('',#15962);
#4815=VERTEX_POINT('',#15988);
#4816=VERTEX_POINT('',#15989);
#4817=VERTEX_POINT('',#16034);
#4818=VERTEX_POINT('',#16036);
#4819=VERTEX_POINT('',#16074);
#4820=VERTEX_POINT('',#16077);
#4821=VERTEX_POINT('',#16081);
#4822=VERTEX_POINT('',#16084);
#4823=VERTEX_POINT('',#16089);
#4824=VERTEX_POINT('',#16093);
#4825=VERTEX_POINT('',#16100);
#4826=VERTEX_POINT('',#16102);
#4827=VERTEX_POINT('',#16106);
#4828=VERTEX_POINT('',#16108);
#4829=VERTEX_POINT('',#16112);
#4830=VERTEX_POINT('',#16114);
#4831=VERTEX_POINT('',#16118);
#4832=VERTEX_POINT('',#16120);
#4833=VERTEX_POINT('',#16124);
#4834=VERTEX_POINT('',#16126);
#4835=VERTEX_POINT('',#16130);
#4836=VERTEX_POINT('',#16132);
#4837=VERTEX_POINT('',#16136);
#4838=VERTEX_POINT('',#16138);
#4839=VERTEX_POINT('',#16142);
#4840=VERTEX_POINT('',#16144);
#4841=VERTEX_POINT('',#16148);
#4842=VERTEX_POINT('',#16149);
#4843=VERTEX_POINT('',#16151);
#4844=VERTEX_POINT('',#16153);
#4845=VERTEX_POINT('',#16157);
#4846=VERTEX_POINT('',#16158);
#4847=VERTEX_POINT('',#16160);
#4848=VERTEX_POINT('',#16162);
#4849=VERTEX_POINT('',#16174);
#4850=VERTEX_POINT('',#16176);
#4851=VERTEX_POINT('',#16180);
#4852=VERTEX_POINT('',#16182);
#4853=VERTEX_POINT('',#16186);
#4854=VERTEX_POINT('',#16188);
#4855=VERTEX_POINT('',#16192);
#4856=VERTEX_POINT('',#16194);
#4857=VERTEX_POINT('',#16198);
#4858=VERTEX_POINT('',#16200);
#4859=VERTEX_POINT('',#16204);
#4860=VERTEX_POINT('',#16205);
#4861=VERTEX_POINT('',#16207);
#4862=VERTEX_POINT('',#16209);
#4863=VERTEX_POINT('',#16213);
#4864=VERTEX_POINT('',#16214);
#4865=VERTEX_POINT('',#16216);
#4866=VERTEX_POINT('',#16218);
#4867=VERTEX_POINT('',#16225);
#4868=VERTEX_POINT('',#16227);
#4869=VERTEX_POINT('',#16229);
#4870=VERTEX_POINT('',#16231);
#4871=VERTEX_POINT('',#16233);
#4872=VERTEX_POINT('',#16235);
#4873=VERTEX_POINT('',#16237);
#4874=VERTEX_POINT('',#16239);
#4875=VERTEX_POINT('',#16241);
#4876=VERTEX_POINT('',#16243);
#4877=VERTEX_POINT('',#16245);
#4878=VERTEX_POINT('',#16247);
#4879=VERTEX_POINT('',#16249);
#4880=VERTEX_POINT('',#16251);
#4881=VERTEX_POINT('',#16253);
#4882=VERTEX_POINT('',#16255);
#4883=VERTEX_POINT('',#16257);
#4884=VERTEX_POINT('',#16259);
#4885=VERTEX_POINT('',#16261);
#4886=VERTEX_POINT('',#16263);
#4887=VERTEX_POINT('',#16265);
#4888=VERTEX_POINT('',#16267);
#4889=VERTEX_POINT('',#16269);
#4890=VERTEX_POINT('',#16271);
#4891=VERTEX_POINT('',#16273);
#4892=VERTEX_POINT('',#16275);
#4893=VERTEX_POINT('',#16277);
#4894=VERTEX_POINT('',#16279);
#4895=VERTEX_POINT('',#16281);
#4896=VERTEX_POINT('',#16283);
#4897=VERTEX_POINT('',#16285);
#4898=VERTEX_POINT('',#16287);
#4899=VERTEX_POINT('',#16289);
#4900=VERTEX_POINT('',#16291);
#4901=VERTEX_POINT('',#16293);
#4902=VERTEX_POINT('',#16295);
#4903=VERTEX_POINT('',#16297);
#4904=VERTEX_POINT('',#16299);
#4905=VERTEX_POINT('',#16301);
#4906=VERTEX_POINT('',#16303);
#4907=VERTEX_POINT('',#16305);
#4908=VERTEX_POINT('',#16307);
#4909=VERTEX_POINT('',#16309);
#4910=VERTEX_POINT('',#16311);
#4911=VERTEX_POINT('',#16313);
#4912=VERTEX_POINT('',#16315);
#4913=VERTEX_POINT('',#16317);
#4914=VERTEX_POINT('',#16319);
#4915=VERTEX_POINT('',#16321);
#4916=VERTEX_POINT('',#16323);
#4917=VERTEX_POINT('',#16325);
#4918=VERTEX_POINT('',#16327);
#4919=VERTEX_POINT('',#16329);
#4920=VERTEX_POINT('',#16331);
#4921=VERTEX_POINT('',#16333);
#4922=VERTEX_POINT('',#16335);
#4923=VERTEX_POINT('',#16337);
#4924=VERTEX_POINT('',#16339);
#4925=VERTEX_POINT('',#16341);
#4926=VERTEX_POINT('',#16343);
#4927=VERTEX_POINT('',#16345);
#4928=VERTEX_POINT('',#16347);
#4929=VERTEX_POINT('',#16349);
#4930=VERTEX_POINT('',#16351);
#4931=VERTEX_POINT('',#16353);
#4932=VERTEX_POINT('',#16355);
#4933=VERTEX_POINT('',#16357);
#4934=VERTEX_POINT('',#16359);
#4935=VERTEX_POINT('',#16361);
#4936=VERTEX_POINT('',#16363);
#4937=VERTEX_POINT('',#16365);
#4938=VERTEX_POINT('',#16367);
#4939=VERTEX_POINT('',#16369);
#4940=VERTEX_POINT('',#16371);
#4941=VERTEX_POINT('',#16373);
#4942=VERTEX_POINT('',#16375);
#4943=VERTEX_POINT('',#16377);
#4944=VERTEX_POINT('',#16379);
#4945=VERTEX_POINT('',#16381);
#4946=VERTEX_POINT('',#16383);
#4947=VERTEX_POINT('',#16385);
#4948=VERTEX_POINT('',#16387);
#4949=VERTEX_POINT('',#16389);
#4950=VERTEX_POINT('',#16391);
#4951=VERTEX_POINT('',#16393);
#4952=VERTEX_POINT('',#16395);
#4953=VERTEX_POINT('',#16397);
#4954=VERTEX_POINT('',#16399);
#4955=VERTEX_POINT('',#16401);
#4956=VERTEX_POINT('',#16403);
#4957=VERTEX_POINT('',#16405);
#4958=VERTEX_POINT('',#16407);
#4959=VERTEX_POINT('',#16409);
#4960=VERTEX_POINT('',#16411);
#4961=VERTEX_POINT('',#16413);
#4962=VERTEX_POINT('',#16415);
#4963=VERTEX_POINT('',#16417);
#4964=VERTEX_POINT('',#16419);
#4965=VERTEX_POINT('',#16421);
#4966=VERTEX_POINT('',#16423);
#4967=VERTEX_POINT('',#16425);
#4968=VERTEX_POINT('',#16427);
#4969=VERTEX_POINT('',#16429);
#4970=VERTEX_POINT('',#16431);
#4971=VERTEX_POINT('',#16433);
#4972=VERTEX_POINT('',#16435);
#4973=VERTEX_POINT('',#16437);
#4974=VERTEX_POINT('',#16439);
#4975=VERTEX_POINT('',#16441);
#4976=VERTEX_POINT('',#16443);
#4977=VERTEX_POINT('',#16445);
#4978=VERTEX_POINT('',#16447);
#4979=VERTEX_POINT('',#16449);
#4980=VERTEX_POINT('',#16451);
#4981=VERTEX_POINT('',#16453);
#4982=VERTEX_POINT('',#16455);
#4983=VERTEX_POINT('',#16457);
#4984=VERTEX_POINT('',#16459);
#4985=VERTEX_POINT('',#16461);
#4986=VERTEX_POINT('',#16463);
#4987=VERTEX_POINT('',#16465);
#4988=VERTEX_POINT('',#16467);
#4989=VERTEX_POINT('',#16469);
#4990=VERTEX_POINT('',#16471);
#4991=VERTEX_POINT('',#16473);
#4992=VERTEX_POINT('',#16475);
#4993=VERTEX_POINT('',#16477);
#4994=VERTEX_POINT('',#16479);
#4995=VERTEX_POINT('',#16481);
#4996=VERTEX_POINT('',#16483);
#4997=VERTEX_POINT('',#16485);
#4998=VERTEX_POINT('',#16487);
#4999=VERTEX_POINT('',#16489);
#5000=VERTEX_POINT('',#16491);
#5001=VERTEX_POINT('',#16493);
#5002=VERTEX_POINT('',#16495);
#5003=VERTEX_POINT('',#16497);
#5004=VERTEX_POINT('',#16499);
#5005=VERTEX_POINT('',#16501);
#5006=VERTEX_POINT('',#16503);
#5007=VERTEX_POINT('',#16505);
#5008=VERTEX_POINT('',#16507);
#5009=VERTEX_POINT('',#16509);
#5010=VERTEX_POINT('',#16511);
#5011=VERTEX_POINT('',#16513);
#5012=VERTEX_POINT('',#16515);
#5013=VERTEX_POINT('',#16517);
#5014=VERTEX_POINT('',#16519);
#5015=VERTEX_POINT('',#16521);
#5016=VERTEX_POINT('',#16523);
#5017=VERTEX_POINT('',#16525);
#5018=VERTEX_POINT('',#16527);
#5019=VERTEX_POINT('',#16529);
#5020=VERTEX_POINT('',#16531);
#5021=VERTEX_POINT('',#16533);
#5022=VERTEX_POINT('',#16535);
#5023=VERTEX_POINT('',#16537);
#5024=VERTEX_POINT('',#16539);
#5025=VERTEX_POINT('',#16541);
#5026=VERTEX_POINT('',#16543);
#5027=VERTEX_POINT('',#16545);
#5028=VERTEX_POINT('',#16547);
#5029=VERTEX_POINT('',#16549);
#5030=VERTEX_POINT('',#16551);
#5031=VERTEX_POINT('',#16553);
#5032=VERTEX_POINT('',#16555);
#5033=VERTEX_POINT('',#16557);
#5034=VERTEX_POINT('',#16559);
#5035=VERTEX_POINT('',#16561);
#5036=VERTEX_POINT('',#16563);
#5037=VERTEX_POINT('',#16565);
#5038=VERTEX_POINT('',#16567);
#5039=VERTEX_POINT('',#16569);
#5040=VERTEX_POINT('',#16571);
#5041=VERTEX_POINT('',#16573);
#5042=VERTEX_POINT('',#16575);
#5043=VERTEX_POINT('',#16577);
#5044=VERTEX_POINT('',#16579);
#5045=VERTEX_POINT('',#16581);
#5046=VERTEX_POINT('',#16583);
#5047=VERTEX_POINT('',#16585);
#5048=VERTEX_POINT('',#16587);
#5049=VERTEX_POINT('',#16589);
#5050=VERTEX_POINT('',#16591);
#5051=VERTEX_POINT('',#16593);
#5052=VERTEX_POINT('',#16595);
#5053=VERTEX_POINT('',#16597);
#5054=VERTEX_POINT('',#16599);
#5055=VERTEX_POINT('',#16601);
#5056=VERTEX_POINT('',#16603);
#5057=VERTEX_POINT('',#16605);
#5058=VERTEX_POINT('',#16607);
#5059=VERTEX_POINT('',#16609);
#5060=VERTEX_POINT('',#16611);
#5061=VERTEX_POINT('',#16613);
#5062=VERTEX_POINT('',#16615);
#5063=VERTEX_POINT('',#16617);
#5064=VERTEX_POINT('',#16619);
#5065=VERTEX_POINT('',#16621);
#5066=VERTEX_POINT('',#16623);
#5067=VERTEX_POINT('',#16625);
#5068=VERTEX_POINT('',#16627);
#5069=VERTEX_POINT('',#16629);
#5070=VERTEX_POINT('',#16631);
#5071=VERTEX_POINT('',#16633);
#5072=VERTEX_POINT('',#16635);
#5073=VERTEX_POINT('',#16637);
#5074=VERTEX_POINT('',#16639);
#5075=VERTEX_POINT('',#16641);
#5076=VERTEX_POINT('',#16643);
#5077=VERTEX_POINT('',#16645);
#5078=VERTEX_POINT('',#16647);
#5079=VERTEX_POINT('',#16649);
#5080=VERTEX_POINT('',#16651);
#5081=VERTEX_POINT('',#16653);
#5082=VERTEX_POINT('',#16655);
#5083=VERTEX_POINT('',#16657);
#5084=VERTEX_POINT('',#16659);
#5085=VERTEX_POINT('',#16661);
#5086=VERTEX_POINT('',#16663);
#5087=VERTEX_POINT('',#16665);
#5088=VERTEX_POINT('',#16667);
#5089=VERTEX_POINT('',#16669);
#5090=VERTEX_POINT('',#16671);
#5091=VERTEX_POINT('',#16673);
#5092=VERTEX_POINT('',#16675);
#5093=VERTEX_POINT('',#16677);
#5094=VERTEX_POINT('',#16679);
#5095=VERTEX_POINT('',#16681);
#5096=VERTEX_POINT('',#16683);
#5097=VERTEX_POINT('',#16685);
#5098=VERTEX_POINT('',#16687);
#5099=VERTEX_POINT('',#16689);
#5100=VERTEX_POINT('',#16691);
#5101=VERTEX_POINT('',#16693);
#5102=VERTEX_POINT('',#16695);
#5103=VERTEX_POINT('',#16699);
#5104=VERTEX_POINT('',#16703);
#5105=VERTEX_POINT('',#16705);
#5106=VERTEX_POINT('',#16709);
#5107=VERTEX_POINT('',#16711);
#5108=VERTEX_POINT('',#16719);
#5109=VERTEX_POINT('',#16721);
#5110=VERTEX_POINT('',#16725);
#5111=VERTEX_POINT('',#16727);
#5112=VERTEX_POINT('',#16735);
#5113=VERTEX_POINT('',#16737);
#5114=VERTEX_POINT('',#16741);
#5115=VERTEX_POINT('',#16743);
#5116=VERTEX_POINT('',#16751);
#5117=VERTEX_POINT('',#16753);
#5118=VERTEX_POINT('',#16757);
#5119=VERTEX_POINT('',#16759);
#5120=VERTEX_POINT('',#16767);
#5121=VERTEX_POINT('',#16769);
#5122=VERTEX_POINT('',#16773);
#5123=VERTEX_POINT('',#16775);
#5124=VERTEX_POINT('',#16783);
#5125=VERTEX_POINT('',#16785);
#5126=VERTEX_POINT('',#16789);
#5127=VERTEX_POINT('',#16791);
#5128=VERTEX_POINT('',#16799);
#5129=VERTEX_POINT('',#16801);
#5130=VERTEX_POINT('',#16805);
#5131=VERTEX_POINT('',#16807);
#5132=VERTEX_POINT('',#16815);
#5133=VERTEX_POINT('',#16817);
#5134=VERTEX_POINT('',#16821);
#5135=VERTEX_POINT('',#16823);
#5136=VERTEX_POINT('',#16831);
#5137=VERTEX_POINT('',#16833);
#5138=VERTEX_POINT('',#16837);
#5139=VERTEX_POINT('',#16839);
#5140=VERTEX_POINT('',#16847);
#5141=VERTEX_POINT('',#16849);
#5142=VERTEX_POINT('',#16853);
#5143=VERTEX_POINT('',#16855);
#5144=VERTEX_POINT('',#16863);
#5145=VERTEX_POINT('',#16865);
#5146=VERTEX_POINT('',#16869);
#5147=VERTEX_POINT('',#16871);
#5148=VERTEX_POINT('',#16879);
#5149=VERTEX_POINT('',#16881);
#5150=VERTEX_POINT('',#16885);
#5151=VERTEX_POINT('',#16887);
#5152=VERTEX_POINT('',#16895);
#5153=VERTEX_POINT('',#16897);
#5154=VERTEX_POINT('',#16901);
#5155=VERTEX_POINT('',#16903);
#5156=VERTEX_POINT('',#16911);
#5157=VERTEX_POINT('',#16913);
#5158=VERTEX_POINT('',#16917);
#5159=VERTEX_POINT('',#16919);
#5160=VERTEX_POINT('',#16927);
#5161=VERTEX_POINT('',#16929);
#5162=VERTEX_POINT('',#16933);
#5163=VERTEX_POINT('',#16935);
#5164=VERTEX_POINT('',#16943);
#5165=VERTEX_POINT('',#16945);
#5166=VERTEX_POINT('',#16949);
#5167=VERTEX_POINT('',#16951);
#5168=VERTEX_POINT('',#16959);
#5169=VERTEX_POINT('',#16961);
#5170=VERTEX_POINT('',#16965);
#5171=VERTEX_POINT('',#16967);
#5172=VERTEX_POINT('',#16975);
#5173=VERTEX_POINT('',#16977);
#5174=VERTEX_POINT('',#16981);
#5175=VERTEX_POINT('',#16983);
#5176=VERTEX_POINT('',#16991);
#5177=VERTEX_POINT('',#16993);
#5178=VERTEX_POINT('',#16997);
#5179=VERTEX_POINT('',#16999);
#5180=VERTEX_POINT('',#17007);
#5181=VERTEX_POINT('',#17009);
#5182=VERTEX_POINT('',#17013);
#5183=VERTEX_POINT('',#17015);
#5184=VERTEX_POINT('',#17023);
#5185=VERTEX_POINT('',#17025);
#5186=VERTEX_POINT('',#17029);
#5187=VERTEX_POINT('',#17031);
#5188=VERTEX_POINT('',#17039);
#5189=VERTEX_POINT('',#17041);
#5190=VERTEX_POINT('',#17045);
#5191=VERTEX_POINT('',#17047);
#5192=VERTEX_POINT('',#17055);
#5193=VERTEX_POINT('',#17057);
#5194=VERTEX_POINT('',#17061);
#5195=VERTEX_POINT('',#17063);
#5196=VERTEX_POINT('',#17071);
#5197=VERTEX_POINT('',#17073);
#5198=VERTEX_POINT('',#17077);
#5199=VERTEX_POINT('',#17079);
#5200=VERTEX_POINT('',#17087);
#5201=VERTEX_POINT('',#17089);
#5202=VERTEX_POINT('',#17093);
#5203=VERTEX_POINT('',#17095);
#5204=VERTEX_POINT('',#17103);
#5205=VERTEX_POINT('',#17105);
#5206=VERTEX_POINT('',#17109);
#5207=VERTEX_POINT('',#17111);
#5208=VERTEX_POINT('',#17119);
#5209=VERTEX_POINT('',#17121);
#5210=VERTEX_POINT('',#17125);
#5211=VERTEX_POINT('',#17127);
#5212=VERTEX_POINT('',#17135);
#5213=VERTEX_POINT('',#17137);
#5214=VERTEX_POINT('',#17141);
#5215=VERTEX_POINT('',#17143);
#5216=VERTEX_POINT('',#17151);
#5217=VERTEX_POINT('',#17153);
#5218=VERTEX_POINT('',#17157);
#5219=VERTEX_POINT('',#17159);
#5220=VERTEX_POINT('',#17167);
#5221=VERTEX_POINT('',#17169);
#5222=VERTEX_POINT('',#17173);
#5223=VERTEX_POINT('',#17175);
#5224=VERTEX_POINT('',#17183);
#5225=VERTEX_POINT('',#17185);
#5226=VERTEX_POINT('',#17189);
#5227=VERTEX_POINT('',#17191);
#5228=VERTEX_POINT('',#17199);
#5229=VERTEX_POINT('',#17201);
#5230=VERTEX_POINT('',#17205);
#5231=VERTEX_POINT('',#17207);
#5232=VERTEX_POINT('',#17215);
#5233=VERTEX_POINT('',#17217);
#5234=VERTEX_POINT('',#17221);
#5235=VERTEX_POINT('',#17223);
#5236=VERTEX_POINT('',#17231);
#5237=VERTEX_POINT('',#17233);
#5238=VERTEX_POINT('',#17237);
#5239=VERTEX_POINT('',#17239);
#5240=VERTEX_POINT('',#17247);
#5241=VERTEX_POINT('',#17249);
#5242=VERTEX_POINT('',#17253);
#5243=VERTEX_POINT('',#17255);
#5244=VERTEX_POINT('',#17263);
#5245=VERTEX_POINT('',#17265);
#5246=VERTEX_POINT('',#17269);
#5247=VERTEX_POINT('',#17271);
#5248=VERTEX_POINT('',#17279);
#5249=VERTEX_POINT('',#17281);
#5250=VERTEX_POINT('',#17285);
#5251=VERTEX_POINT('',#17287);
#5252=VERTEX_POINT('',#17295);
#5253=VERTEX_POINT('',#17297);
#5254=VERTEX_POINT('',#17301);
#5255=VERTEX_POINT('',#17303);
#5256=VERTEX_POINT('',#17311);
#5257=VERTEX_POINT('',#17313);
#5258=VERTEX_POINT('',#17317);
#5259=VERTEX_POINT('',#17319);
#5260=VERTEX_POINT('',#17327);
#5261=VERTEX_POINT('',#17329);
#5262=VERTEX_POINT('',#17333);
#5263=VERTEX_POINT('',#17335);
#5264=VERTEX_POINT('',#17343);
#5265=VERTEX_POINT('',#17345);
#5266=VERTEX_POINT('',#17349);
#5267=VERTEX_POINT('',#17351);
#5268=VERTEX_POINT('',#17359);
#5269=VERTEX_POINT('',#17361);
#5270=VERTEX_POINT('',#17365);
#5271=VERTEX_POINT('',#17367);
#5272=VERTEX_POINT('',#17375);
#5273=VERTEX_POINT('',#17377);
#5274=VERTEX_POINT('',#17381);
#5275=VERTEX_POINT('',#17383);
#5276=VERTEX_POINT('',#17391);
#5277=VERTEX_POINT('',#17393);
#5278=VERTEX_POINT('',#17397);
#5279=VERTEX_POINT('',#17399);
#5280=VERTEX_POINT('',#17407);
#5281=VERTEX_POINT('',#17409);
#5282=VERTEX_POINT('',#17413);
#5283=VERTEX_POINT('',#17415);
#5284=VERTEX_POINT('',#17423);
#5285=VERTEX_POINT('',#17425);
#5286=VERTEX_POINT('',#17429);
#5287=VERTEX_POINT('',#17431);
#5288=VERTEX_POINT('',#17439);
#5289=VERTEX_POINT('',#17441);
#5290=VERTEX_POINT('',#17445);
#5291=VERTEX_POINT('',#17447);
#5292=VERTEX_POINT('',#17455);
#5293=VERTEX_POINT('',#17457);
#5294=VERTEX_POINT('',#17461);
#5295=VERTEX_POINT('',#17463);
#5296=VERTEX_POINT('',#17471);
#5297=VERTEX_POINT('',#17473);
#5298=VERTEX_POINT('',#17477);
#5299=VERTEX_POINT('',#17479);
#5300=VERTEX_POINT('',#17487);
#5301=VERTEX_POINT('',#17489);
#5302=VERTEX_POINT('',#17493);
#5303=VERTEX_POINT('',#17495);
#5304=VERTEX_POINT('',#17503);
#5305=VERTEX_POINT('',#17505);
#5306=VERTEX_POINT('',#17509);
#5307=VERTEX_POINT('',#17511);
#5308=VERTEX_POINT('',#17519);
#5309=VERTEX_POINT('',#17521);
#5310=VERTEX_POINT('',#17525);
#5311=VERTEX_POINT('',#17527);
#5312=VERTEX_POINT('',#17535);
#5313=VERTEX_POINT('',#17537);
#5314=VERTEX_POINT('',#17541);
#5315=VERTEX_POINT('',#17543);
#5316=VERTEX_POINT('',#17551);
#5317=VERTEX_POINT('',#17553);
#5318=VERTEX_POINT('',#17557);
#5319=VERTEX_POINT('',#17559);
#5320=VERTEX_POINT('',#17567);
#5321=VERTEX_POINT('',#17569);
#5322=VERTEX_POINT('',#17573);
#5323=VERTEX_POINT('',#17575);
#5324=VERTEX_POINT('',#17583);
#5325=VERTEX_POINT('',#17585);
#5326=VERTEX_POINT('',#17589);
#5327=VERTEX_POINT('',#17591);
#5328=VERTEX_POINT('',#17599);
#5329=VERTEX_POINT('',#17601);
#5330=VERTEX_POINT('',#17605);
#5331=VERTEX_POINT('',#17607);
#5332=VERTEX_POINT('',#17615);
#5333=VERTEX_POINT('',#17617);
#5334=VERTEX_POINT('',#17621);
#5335=VERTEX_POINT('',#17623);
#5336=VERTEX_POINT('',#17631);
#5337=VERTEX_POINT('',#17635);
#5338=VERTEX_POINT('',#17637);
#5339=VERTEX_POINT('',#17646);
#5340=VERTEX_POINT('',#17648);
#5341=VERTEX_POINT('',#17652);
#5342=VERTEX_POINT('',#17653);
#5343=VERTEX_POINT('',#17655);
#5344=VERTEX_POINT('',#17657);
#5345=VERTEX_POINT('',#17661);
#5346=VERTEX_POINT('',#17662);
#5347=VERTEX_POINT('',#17664);
#5348=VERTEX_POINT('',#17666);
#5349=VERTEX_POINT('',#17673);
#5350=VERTEX_POINT('',#17675);
#5351=VERTEX_POINT('',#17677);
#5352=VERTEX_POINT('',#17679);
#5353=VERTEX_POINT('',#17681);
#5354=VERTEX_POINT('',#17683);
#5355=VERTEX_POINT('',#17685);
#5356=VERTEX_POINT('',#17687);
#5357=VERTEX_POINT('',#17689);
#5358=VERTEX_POINT('',#17691);
#5359=VERTEX_POINT('',#17693);
#5360=VERTEX_POINT('',#17695);
#5361=VERTEX_POINT('',#17697);
#5362=VERTEX_POINT('',#17699);
#5363=VERTEX_POINT('',#17701);
#5364=VERTEX_POINT('',#17703);
#5365=VERTEX_POINT('',#17705);
#5366=VERTEX_POINT('',#17707);
#5367=VERTEX_POINT('',#17709);
#5368=VERTEX_POINT('',#17711);
#5369=VERTEX_POINT('',#17713);
#5370=VERTEX_POINT('',#17715);
#5371=VERTEX_POINT('',#17717);
#5372=VERTEX_POINT('',#17719);
#5373=VERTEX_POINT('',#17721);
#5374=VERTEX_POINT('',#17723);
#5375=VERTEX_POINT('',#17725);
#5376=VERTEX_POINT('',#17727);
#5377=VERTEX_POINT('',#17729);
#5378=VERTEX_POINT('',#17731);
#5379=VERTEX_POINT('',#17733);
#5380=VERTEX_POINT('',#17735);
#5381=VERTEX_POINT('',#17737);
#5382=VERTEX_POINT('',#17739);
#5383=VERTEX_POINT('',#17741);
#5384=VERTEX_POINT('',#17743);
#5385=VERTEX_POINT('',#17745);
#5386=VERTEX_POINT('',#17747);
#5387=VERTEX_POINT('',#17749);
#5388=VERTEX_POINT('',#17751);
#5389=VERTEX_POINT('',#17753);
#5390=VERTEX_POINT('',#17755);
#5391=VERTEX_POINT('',#17757);
#5392=VERTEX_POINT('',#17759);
#5393=VERTEX_POINT('',#17763);
#5394=VERTEX_POINT('',#17767);
#5395=VERTEX_POINT('',#17769);
#5396=VERTEX_POINT('',#17773);
#5397=VERTEX_POINT('',#17775);
#5398=VERTEX_POINT('',#17783);
#5399=VERTEX_POINT('',#17785);
#5400=VERTEX_POINT('',#17789);
#5401=VERTEX_POINT('',#17791);
#5402=VERTEX_POINT('',#17799);
#5403=VERTEX_POINT('',#17801);
#5404=VERTEX_POINT('',#17805);
#5405=VERTEX_POINT('',#17807);
#5406=VERTEX_POINT('',#17815);
#5407=VERTEX_POINT('',#17817);
#5408=VERTEX_POINT('',#17821);
#5409=VERTEX_POINT('',#17823);
#5410=VERTEX_POINT('',#17831);
#5411=VERTEX_POINT('',#17833);
#5412=VERTEX_POINT('',#17837);
#5413=VERTEX_POINT('',#17839);
#5414=VERTEX_POINT('',#17847);
#5415=VERTEX_POINT('',#17849);
#5416=VERTEX_POINT('',#17853);
#5417=VERTEX_POINT('',#17855);
#5418=VERTEX_POINT('',#17863);
#5419=VERTEX_POINT('',#17865);
#5420=VERTEX_POINT('',#17869);
#5421=VERTEX_POINT('',#17871);
#5422=VERTEX_POINT('',#17879);
#5423=VERTEX_POINT('',#17881);
#5424=VERTEX_POINT('',#17885);
#5425=VERTEX_POINT('',#17887);
#5426=VERTEX_POINT('',#17895);
#5427=VERTEX_POINT('',#17897);
#5428=VERTEX_POINT('',#17901);
#5429=VERTEX_POINT('',#17903);
#5430=VERTEX_POINT('',#17911);
#5431=VERTEX_POINT('',#17913);
#5432=VERTEX_POINT('',#17917);
#5433=VERTEX_POINT('',#17919);
#5434=VERTEX_POINT('',#17927);
#5435=VERTEX_POINT('',#17931);
#5436=VERTEX_POINT('',#17933);
#5437=EDGE_CURVE('',#4441,#4441,#4087,.T.);
#5438=EDGE_CURVE('',#4441,#4442,#1841,.T.);
#5439=EDGE_CURVE('',#4442,#4442,#4088,.T.);
#5440=EDGE_CURVE('',#4443,#4444,#1842,.T.);
#5441=EDGE_CURVE('',#4445,#4443,#4089,.T.);
#5442=EDGE_CURVE('',#4444,#4445,#4090,.T.);
#5443=EDGE_CURVE('',#4446,#4446,#4091,.T.);
#5444=EDGE_CURVE('',#4446,#4445,#1843,.T.);
#5445=EDGE_CURVE('',#4447,#4443,#1844,.T.);
#5446=EDGE_CURVE('',#4448,#4447,#4092,.T.);
#5447=EDGE_CURVE('',#4444,#4448,#1845,.T.);
#5448=EDGE_CURVE('',#4449,#4448,#1846,.T.);
#5449=EDGE_CURVE('',#4450,#4449,#1847,.T.);
#5450=EDGE_CURVE('',#4451,#4450,#1848,.T.);
#5451=EDGE_CURVE('',#4451,#4452,#1849,.T.);
#5452=EDGE_CURVE('',#4447,#4452,#1850,.T.);
#5453=EDGE_CURVE('',#4453,#4454,#1851,.T.);
#5454=EDGE_CURVE('',#4455,#4453,#4093,.T.);
#5455=EDGE_CURVE('',#4454,#4455,#4094,.T.);
#5456=EDGE_CURVE('',#4456,#4456,#4095,.T.);
#5457=EDGE_CURVE('',#4456,#4455,#1852,.T.);
#5458=EDGE_CURVE('',#4457,#4453,#1853,.T.);
#5459=EDGE_CURVE('',#4458,#4457,#4096,.T.);
#5460=EDGE_CURVE('',#4454,#4458,#1854,.T.);
#5461=EDGE_CURVE('',#4459,#4458,#1855,.T.);
#5462=EDGE_CURVE('',#4460,#4459,#1856,.T.);
#5463=EDGE_CURVE('',#4461,#4460,#1857,.T.);
#5464=EDGE_CURVE('',#4461,#4462,#1858,.T.);
#5465=EDGE_CURVE('',#4457,#4462,#1859,.T.);
#5466=EDGE_CURVE('',#4463,#4463,#4097,.T.);
#5467=EDGE_CURVE('',#4463,#4464,#1860,.T.);
#5468=EDGE_CURVE('',#4464,#4465,#4098,.T.);
#5469=EDGE_CURVE('',#4466,#4465,#1861,.T.);
#5470=EDGE_CURVE('',#4467,#4466,#4099,.T.);
#5471=EDGE_CURVE('',#4468,#4467,#1862,.T.);
#5472=EDGE_CURVE('',#4468,#4464,#4100,.T.);
#5473=EDGE_CURVE('',#4465,#4468,#4101,.T.);
#5474=EDGE_CURVE('',#4469,#4470,#4102,.T.);
#5475=EDGE_CURVE('',#4470,#4471,#1863,.T.);
#5476=EDGE_CURVE('',#4471,#4472,#1864,.T.);
#5477=EDGE_CURVE('',#4472,#4473,#1865,.T.);
#5478=EDGE_CURVE('',#4473,#4474,#4103,.T.);
#5479=EDGE_CURVE('',#4474,#4475,#1866,.T.);
#5480=EDGE_CURVE('',#4475,#4476,#1867,.T.);
#5481=EDGE_CURVE('',#4476,#4477,#1868,.T.);
#5482=EDGE_CURVE('',#4477,#4478,#4104,.T.);
#5483=EDGE_CURVE('',#4478,#4479,#1869,.T.);
#5484=EDGE_CURVE('',#4479,#4480,#1870,.T.);
#5485=EDGE_CURVE('',#4480,#4481,#1871,.T.);
#5486=EDGE_CURVE('',#4481,#4482,#4105,.T.);
#5487=EDGE_CURVE('',#4482,#4483,#1872,.T.);
#5488=EDGE_CURVE('',#4483,#4484,#1873,.T.);
#5489=EDGE_CURVE('',#4484,#4469,#1874,.T.);
#5490=EDGE_CURVE('',#4452,#4459,#1875,.T.);
#5491=EDGE_CURVE('',#4462,#4485,#1876,.T.);
#5492=EDGE_CURVE('',#4485,#4486,#1877,.T.);
#5493=EDGE_CURVE('',#4486,#4487,#4106,.T.);
#5494=EDGE_CURVE('',#4487,#4488,#4107,.T.);
#5495=EDGE_CURVE('',#4488,#4489,#4108,.T.);
#5496=EDGE_CURVE('',#4489,#4490,#1878,.T.);
#5497=EDGE_CURVE('',#4490,#4491,#4109,.T.);
#5498=EDGE_CURVE('',#4491,#4492,#1879,.T.);
#5499=EDGE_CURVE('',#4492,#4493,#4110,.T.);
#5500=EDGE_CURVE('',#4493,#4494,#1880,.T.);
#5501=EDGE_CURVE('',#4494,#4495,#1881,.T.);
#5502=EDGE_CURVE('',#4495,#4496,#1882,.T.);
#5503=EDGE_CURVE('',#4496,#4497,#4111,.T.);
#5504=EDGE_CURVE('',#4497,#4498,#1883,.T.);
#5505=EDGE_CURVE('',#4498,#4499,#4112,.T.);
#5506=EDGE_CURVE('',#4499,#4500,#1884,.T.);
#5507=EDGE_CURVE('',#4500,#4501,#1885,.T.);
#5508=EDGE_CURVE('',#4501,#4502,#1886,.T.);
#5509=EDGE_CURVE('',#4502,#4503,#4113,.T.);
#5510=EDGE_CURVE('',#4503,#4504,#1887,.T.);
#5511=EDGE_CURVE('',#4504,#4505,#4114,.T.);
#5512=EDGE_CURVE('',#4505,#4506,#1888,.T.);
#5513=EDGE_CURVE('',#4506,#4507,#1889,.T.);
#5514=EDGE_CURVE('',#4507,#4508,#1890,.T.);
#5515=EDGE_CURVE('',#4508,#4509,#4115,.T.);
#5516=EDGE_CURVE('',#4509,#4510,#1891,.T.);
#5517=EDGE_CURVE('',#4510,#4511,#4116,.T.);
#5518=EDGE_CURVE('',#4511,#4512,#1892,.T.);
#5519=EDGE_CURVE('',#4512,#4467,#4117,.T.);
#5520=EDGE_CURVE('',#4466,#4513,#4118,.T.);
#5521=EDGE_CURVE('',#4513,#4514,#1893,.T.);
#5522=EDGE_CURVE('',#4514,#4449,#1894,.T.);
#5523=EDGE_CURVE('',#4515,#4515,#4119,.T.);
#5524=EDGE_CURVE('',#4516,#4516,#4120,.T.);
#5525=EDGE_CURVE('',#4517,#4517,#4121,.T.);
#5526=EDGE_CURVE('',#4518,#4518,#4122,.T.);
#5527=EDGE_CURVE('',#4519,#4520,#4123,.T.);
#5528=EDGE_CURVE('',#4521,#4519,#4124,.T.);
#5529=EDGE_CURVE('',#4520,#4521,#4125,.T.);
#5530=EDGE_CURVE('',#4522,#4522,#4126,.T.);
#5531=EDGE_CURVE('',#4522,#4521,#1895,.T.);
#5532=EDGE_CURVE('',#4488,#4519,#1896,.T.);
#5533=EDGE_CURVE('',#4520,#4487,#1897,.T.);
#5534=EDGE_CURVE('',#4523,#4523,#4127,.T.);
#5535=EDGE_CURVE('',#4523,#4524,#1898,.T.);
#5536=EDGE_CURVE('',#4524,#4525,#4128,.T.);
#5537=EDGE_CURVE('',#4525,#4526,#1899,.T.);
#5538=EDGE_CURVE('',#4527,#4526,#4129,.T.);
#5539=EDGE_CURVE('',#4497,#4527,#4130,.T.);
#5540=EDGE_CURVE('',#4496,#4528,#1900,.T.);
#5541=EDGE_CURVE('',#4528,#4529,#4131,.T.);
#5542=EDGE_CURVE('',#4529,#4493,#1901,.T.);
#5543=EDGE_CURVE('',#4489,#4492,#4132,.T.);
#5544=EDGE_CURVE('',#4486,#4530,#1902,.T.);
#5545=EDGE_CURVE('',#4530,#4531,#4133,.T.);
#5546=EDGE_CURVE('',#4531,#4513,#1903,.T.);
#5547=EDGE_CURVE('',#4509,#4512,#4134,.T.);
#5548=EDGE_CURVE('',#4508,#4532,#1904,.T.);
#5549=EDGE_CURVE('',#4532,#4533,#4135,.T.);
#5550=EDGE_CURVE('',#4533,#4505,#1905,.T.);
#5551=EDGE_CURVE('',#4534,#4504,#4136,.T.);
#5552=EDGE_CURVE('',#4535,#4534,#4137,.T.);
#5553=EDGE_CURVE('',#4535,#4536,#1906,.T.);
#5554=EDGE_CURVE('',#4536,#4524,#4138,.T.);
#5555=EDGE_CURVE('',#4537,#4537,#4139,.T.);
#5556=EDGE_CURVE('',#4537,#4538,#1907,.T.);
#5557=EDGE_CURVE('',#4538,#4538,#4140,.T.);
#5558=EDGE_CURVE('',#4539,#4539,#4141,.T.);
#5559=EDGE_CURVE('',#4539,#4540,#1908,.T.);
#5560=EDGE_CURVE('',#4540,#4540,#4142,.T.);
#5561=EDGE_CURVE('',#4541,#4541,#4143,.T.);
#5562=EDGE_CURVE('',#4541,#4542,#1909,.T.);
#5563=EDGE_CURVE('',#4542,#4542,#4144,.T.);
#5564=EDGE_CURVE('',#4543,#4543,#4145,.T.);
#5565=EDGE_CURVE('',#4543,#4544,#1910,.T.);
#5566=EDGE_CURVE('',#4544,#4544,#4146,.T.);
#5567=EDGE_CURVE('',#4545,#4545,#4147,.T.);
#5568=EDGE_CURVE('',#4545,#4546,#1911,.T.);
#5569=EDGE_CURVE('',#4546,#4546,#4148,.T.);
#5570=EDGE_CURVE('',#4547,#4547,#4149,.T.);
#5571=EDGE_CURVE('',#4547,#4548,#1912,.T.);
#5572=EDGE_CURVE('',#4548,#4548,#4150,.T.);
#5573=EDGE_CURVE('',#4549,#4550,#1913,.T.);
#5574=EDGE_CURVE('',#4550,#4551,#1914,.T.);
#5575=EDGE_CURVE('',#4551,#4552,#1915,.T.);
#5576=EDGE_CURVE('',#4552,#4549,#1916,.T.);
#5577=EDGE_CURVE('',#4551,#4501,#1917,.T.);
#5578=EDGE_CURVE('',#4552,#4500,#1918,.T.);
#5579=EDGE_CURVE('',#4549,#4553,#1919,.T.);
#5580=EDGE_CURVE('',#4554,#4553,#1920,.T.);
#5581=EDGE_CURVE('',#4550,#4554,#1921,.T.);
#5582=EDGE_CURVE('',#4553,#4527,#1922,.T.);
#5583=EDGE_CURVE('',#4526,#4555,#1923,.T.);
#5584=EDGE_CURVE('',#4555,#4556,#1924,.T.);
#5585=EDGE_CURVE('',#4556,#4535,#1925,.T.);
#5586=EDGE_CURVE('',#4534,#4554,#1926,.T.);
#5587=EDGE_CURVE('',#4557,#4557,#4151,.T.);
#5588=EDGE_CURVE('',#4557,#4558,#1927,.T.);
#5589=EDGE_CURVE('',#4558,#4558,#4152,.T.);
#5590=EDGE_CURVE('',#4559,#4559,#4153,.T.);
#5591=EDGE_CURVE('',#4559,#4560,#1928,.T.);
#5592=EDGE_CURVE('',#4560,#4560,#4154,.T.);
#5593=EDGE_CURVE('',#4561,#4514,#1929,.T.);
#5594=EDGE_CURVE('',#4562,#4561,#1930,.T.);
#5595=EDGE_CURVE('',#4485,#4562,#1931,.T.);
#5596=EDGE_CURVE('',#4450,#4461,#1932,.T.);
#5597=EDGE_CURVE('',#4460,#4451,#1933,.T.);
#5598=EDGE_CURVE('',#4561,#4531,#1934,.T.);
#5599=EDGE_CURVE('',#4528,#4563,#1935,.T.);
#5600=EDGE_CURVE('',#4563,#4564,#1936,.T.);
#5601=EDGE_CURVE('',#4564,#4529,#1937,.T.);
#5602=EDGE_CURVE('',#4563,#4495,#1938,.T.);
#5603=EDGE_CURVE('',#4564,#4494,#1939,.T.);
#5604=EDGE_CURVE('',#4536,#4565,#1940,.T.);
#5605=EDGE_CURVE('',#4565,#4566,#1941,.T.);
#5606=EDGE_CURVE('',#4566,#4525,#1942,.T.);
#5607=EDGE_CURVE('',#4566,#4555,#1943,.T.);
#5608=EDGE_CURVE('',#4565,#4556,#1944,.T.);
#5609=EDGE_CURVE('',#4567,#4567,#4155,.T.);
#5610=EDGE_CURVE('',#4567,#4568,#1945,.T.);
#5611=EDGE_CURVE('',#4568,#4568,#4156,.T.);
#5612=EDGE_CURVE('',#4532,#4569,#1946,.T.);
#5613=EDGE_CURVE('',#4569,#4570,#1947,.T.);
#5614=EDGE_CURVE('',#4570,#4533,#1948,.T.);
#5615=EDGE_CURVE('',#4570,#4506,#1949,.T.);
#5616=EDGE_CURVE('',#4569,#4507,#1950,.T.);
#5617=EDGE_CURVE('',#4530,#4562,#1951,.T.);
#5618=EDGE_CURVE('',#4504,#4571,#1952,.T.);
#5619=EDGE_CURVE('',#4571,#4534,#1953,.T.);
#5620=EDGE_CURVE('',#4572,#4497,#1954,.T.);
#5621=EDGE_CURVE('',#4527,#4572,#1955,.T.);
#5622=EDGE_CURVE('',#4573,#4489,#1956,.T.);
#5623=EDGE_CURVE('',#4492,#4573,#1957,.T.);
#5624=EDGE_CURVE('',#4512,#4574,#1958,.T.);
#5625=EDGE_CURVE('',#4574,#4509,#1959,.T.);
#5626=EDGE_CURVE('',#4575,#4575,#4157,.T.);
#5627=EDGE_CURVE('',#4575,#4576,#1960,.T.);
#5628=EDGE_CURVE('',#4576,#4576,#4158,.T.);
#5629=EDGE_CURVE('',#4577,#4577,#4159,.T.);
#5630=EDGE_CURVE('',#4577,#4578,#1961,.T.);
#5631=EDGE_CURVE('',#4578,#4578,#4160,.T.);
#5632=EDGE_CURVE('',#4579,#4579,#4161,.T.);
#5633=EDGE_CURVE('',#4579,#4515,#1962,.T.);
#5634=EDGE_CURVE('',#4580,#4580,#4162,.T.);
#5635=EDGE_CURVE('',#4580,#4516,#1963,.T.);
#5636=EDGE_CURVE('',#4581,#4581,#4163,.T.);
#5637=EDGE_CURVE('',#4581,#4517,#1964,.T.);
#5638=EDGE_CURVE('',#4582,#4582,#4164,.T.);
#5639=EDGE_CURVE('',#4582,#4518,#1965,.T.);
#5640=EDGE_CURVE('',#4583,#4474,#1966,.T.);
#5641=EDGE_CURVE('',#4584,#4583,#1967,.T.);
#5642=EDGE_CURVE('',#4475,#4584,#1968,.T.);
#5643=EDGE_CURVE('',#4585,#4572,#1969,.T.);
#5644=EDGE_CURVE('',#4586,#4585,#1970,.T.);
#5645=EDGE_CURVE('',#4498,#4586,#1971,.T.);
#5646=EDGE_CURVE('',#4469,#4587,#1972,.T.);
#5647=EDGE_CURVE('',#4484,#4588,#1973,.T.);
#5648=EDGE_CURVE('',#4587,#4588,#1974,.T.);
#5649=EDGE_CURVE('',#4477,#4589,#1975,.T.);
#5650=EDGE_CURVE('',#4476,#4590,#1976,.T.);
#5651=EDGE_CURVE('',#4589,#4590,#1977,.T.);
#5652=EDGE_CURVE('',#4591,#4482,#1978,.T.);
#5653=EDGE_CURVE('',#4592,#4591,#1979,.T.);
#5654=EDGE_CURVE('',#4483,#4592,#1980,.T.);
#5655=EDGE_CURVE('',#4573,#4593,#1981,.T.);
#5656=EDGE_CURVE('',#4594,#4491,#1982,.T.);
#5657=EDGE_CURVE('',#4593,#4594,#1983,.T.);
#5658=EDGE_CURVE('',#4595,#4574,#1984,.T.);
#5659=EDGE_CURVE('',#4596,#4595,#1985,.T.);
#5660=EDGE_CURVE('',#4510,#4596,#1986,.T.);
#5661=EDGE_CURVE('',#4590,#4584,#1987,.T.);
#5662=EDGE_CURVE('',#4571,#4597,#1988,.T.);
#5663=EDGE_CURVE('',#4598,#4503,#1989,.T.);
#5664=EDGE_CURVE('',#4597,#4598,#1990,.T.);
#5665=EDGE_CURVE('',#4588,#4592,#1991,.T.);
#5666=EDGE_CURVE('',#4599,#4597,#1992,.T.);
#5667=EDGE_CURVE('',#4502,#4599,#1993,.T.);
#5668=EDGE_CURVE('',#4600,#4499,#1994,.T.);
#5669=EDGE_CURVE('',#4585,#4600,#1995,.T.);
#5670=EDGE_CURVE('',#4601,#4593,#1996,.T.);
#5671=EDGE_CURVE('',#4490,#4601,#1997,.T.);
#5672=EDGE_CURVE('',#4598,#4599,#4165,.T.);
#5673=EDGE_CURVE('',#4602,#4596,#4166,.T.);
#5674=EDGE_CURVE('',#4602,#4511,#1998,.T.);
#5675=EDGE_CURVE('',#4603,#4587,#4167,.T.);
#5676=EDGE_CURVE('',#4603,#4470,#1999,.T.);
#5677=EDGE_CURVE('',#4594,#4601,#4168,.T.);
#5678=EDGE_CURVE('',#4600,#4586,#4169,.T.);
#5679=EDGE_CURVE('',#4604,#4589,#4170,.T.);
#5680=EDGE_CURVE('',#4604,#4478,#2000,.T.);
#5681=EDGE_CURVE('',#4591,#4605,#4171,.T.);
#5682=EDGE_CURVE('',#4605,#4606,#2001,.T.);
#5683=EDGE_CURVE('',#4606,#4607,#2002,.T.);
#5684=EDGE_CURVE('',#4607,#4604,#2003,.T.);
#5685=EDGE_CURVE('',#4583,#4608,#4172,.T.);
#5686=EDGE_CURVE('',#4608,#4609,#2004,.T.);
#5687=EDGE_CURVE('',#4609,#4610,#2005,.T.);
#5688=EDGE_CURVE('',#4610,#4603,#2006,.T.);
#5689=EDGE_CURVE('',#4595,#4602,#2007,.T.);
#5690=EDGE_CURVE('',#4471,#4610,#2008,.T.);
#5691=EDGE_CURVE('',#4481,#4605,#2009,.T.);
#5692=EDGE_CURVE('',#4480,#4606,#2010,.T.);
#5693=EDGE_CURVE('',#4479,#4607,#2011,.T.);
#5694=EDGE_CURVE('',#4473,#4608,#2012,.T.);
#5695=EDGE_CURVE('',#4472,#4609,#2013,.T.);
#5696=EDGE_CURVE('',#4611,#4611,#4173,.T.);
#5697=EDGE_CURVE('',#4611,#4612,#2014,.T.);
#5698=EDGE_CURVE('',#4612,#4612,#4174,.T.);
#5699=EDGE_CURVE('',#4613,#4613,#4175,.T.);
#5700=EDGE_CURVE('',#4614,#4615,#2015,.T.);
#5701=EDGE_CURVE('',#4615,#4616,#2016,.T.);
#5702=EDGE_CURVE('',#4616,#4617,#2017,.T.);
#5703=EDGE_CURVE('',#4617,#4614,#2018,.T.);
#5704=EDGE_CURVE('',#4618,#4619,#2019,.T.);
#5705=EDGE_CURVE('',#4619,#4620,#2020,.T.);
#5706=EDGE_CURVE('',#4620,#4621,#2021,.T.);
#5707=EDGE_CURVE('',#4621,#4618,#2022,.T.);
#5708=EDGE_CURVE('',#4622,#4620,#2023,.T.);
#5709=EDGE_CURVE('',#4616,#4619,#2024,.T.);
#5710=EDGE_CURVE('',#4622,#4615,#2025,.T.);
#5711=EDGE_CURVE('',#4623,#4621,#2026,.T.);
#5712=EDGE_CURVE('',#4623,#4622,#2027,.T.);
#5713=EDGE_CURVE('',#4617,#4618,#2028,.T.);
#5714=EDGE_CURVE('',#4614,#4623,#2029,.T.);
#5715=EDGE_CURVE('',#4615,#4624,#2030,.T.);
#5716=EDGE_CURVE('',#4624,#4625,#2031,.T.);
#5717=EDGE_CURVE('',#4625,#4626,#4176,.T.);
#5718=EDGE_CURVE('',#4626,#4627,#2032,.T.);
#5719=EDGE_CURVE('',#4627,#4628,#2033,.T.);
#5720=EDGE_CURVE('',#4628,#4629,#2034,.T.);
#5721=EDGE_CURVE('',#4629,#4630,#4177,.T.);
#5722=EDGE_CURVE('',#4630,#4631,#2035,.T.);
#5723=EDGE_CURVE('',#4631,#4632,#2036,.T.);
#5724=EDGE_CURVE('',#4632,#4633,#2037,.T.);
#5725=EDGE_CURVE('',#4633,#4634,#4178,.T.);
#5726=EDGE_CURVE('',#4634,#4635,#2038,.T.);
#5727=EDGE_CURVE('',#4635,#4636,#2039,.T.);
#5728=EDGE_CURVE('',#4636,#4637,#2040,.T.);
#5729=EDGE_CURVE('',#4637,#4638,#4179,.T.);
#5730=EDGE_CURVE('',#4638,#4639,#2041,.T.);
#5731=EDGE_CURVE('',#4639,#4614,#2042,.T.);
#5732=EDGE_CURVE('',#4640,#4640,#4180,.T.);
#5733=EDGE_CURVE('',#4641,#4641,#4181,.T.);
#5734=EDGE_CURVE('',#4642,#4642,#4182,.T.);
#5735=EDGE_CURVE('',#4643,#4643,#4183,.T.);
#5736=EDGE_CURVE('',#4644,#4644,#4184,.T.);
#5737=EDGE_CURVE('',#4645,#4645,#4185,.T.);
#5738=EDGE_CURVE('',#4646,#4646,#4186,.T.);
#5739=EDGE_CURVE('',#4647,#4647,#4187,.T.);
#5740=EDGE_CURVE('',#4648,#4648,#4188,.T.);
#5741=EDGE_CURVE('',#4649,#4649,#4189,.T.);
#5742=EDGE_CURVE('',#4650,#4650,#4190,.T.);
#5743=EDGE_CURVE('',#4651,#4651,#4191,.T.);
#5744=EDGE_CURVE('',#4640,#4652,#2043,.T.);
#5745=EDGE_CURVE('',#4652,#4652,#4192,.T.);
#5746=EDGE_CURVE('',#4651,#4653,#2044,.T.);
#5747=EDGE_CURVE('',#4653,#4653,#4193,.T.);
#5748=EDGE_CURVE('',#4641,#4654,#2045,.T.);
#5749=EDGE_CURVE('',#4654,#4654,#4194,.T.);
#5750=EDGE_CURVE('',#4650,#4655,#2046,.T.);
#5751=EDGE_CURVE('',#4655,#4655,#4195,.T.);
#5752=EDGE_CURVE('',#4642,#4656,#2047,.T.);
#5753=EDGE_CURVE('',#4656,#4656,#4196,.T.);
#5754=EDGE_CURVE('',#4649,#4657,#2048,.T.);
#5755=EDGE_CURVE('',#4657,#4657,#4197,.T.);
#5756=EDGE_CURVE('',#4629,#4658,#2049,.T.);
#5757=EDGE_CURVE('',#4659,#4628,#2050,.T.);
#5758=EDGE_CURVE('',#4658,#4659,#2051,.T.);
#5759=EDGE_CURVE('',#4660,#4626,#2052,.T.);
#5760=EDGE_CURVE('',#4661,#4660,#2053,.T.);
#5761=EDGE_CURVE('',#4661,#4627,#2054,.T.);
#5762=EDGE_CURVE('',#4659,#4661,#2055,.T.);
#5763=EDGE_CURVE('',#4660,#4662,#4198,.T.);
#5764=EDGE_CURVE('',#4662,#4663,#2056,.T.);
#5765=EDGE_CURVE('',#4663,#4664,#2057,.T.);
#5766=EDGE_CURVE('',#4664,#4665,#2058,.T.);
#5767=EDGE_CURVE('',#4665,#4666,#4199,.T.);
#5768=EDGE_CURVE('',#4666,#4667,#2059,.T.);
#5769=EDGE_CURVE('',#4667,#4668,#2060,.T.);
#5770=EDGE_CURVE('',#4668,#4669,#2061,.T.);
#5771=EDGE_CURVE('',#4669,#4670,#4200,.T.);
#5772=EDGE_CURVE('',#4670,#4671,#2062,.T.);
#5773=EDGE_CURVE('',#4671,#4672,#2063,.T.);
#5774=EDGE_CURVE('',#4672,#4673,#2064,.T.);
#5775=EDGE_CURVE('',#4673,#4658,#4201,.T.);
#5776=EDGE_CURVE('',#4674,#4674,#4202,.T.);
#5777=EDGE_CURVE('',#4675,#4675,#4203,.T.);
#5778=EDGE_CURVE('',#4676,#4676,#4204,.T.);
#5779=EDGE_CURVE('',#4677,#4677,#4205,.T.);
#5780=EDGE_CURVE('',#4678,#4678,#4206,.T.);
#5781=EDGE_CURVE('',#4679,#4679,#4207,.T.);
#5782=EDGE_CURVE('',#4680,#4680,#4208,.T.);
#5783=EDGE_CURVE('',#4625,#4662,#2065,.T.);
#5784=EDGE_CURVE('',#4648,#4680,#2066,.T.);
#5785=EDGE_CURVE('',#4647,#4679,#2067,.T.);
#5786=EDGE_CURVE('',#4633,#4670,#2068,.T.);
#5787=EDGE_CURVE('',#4671,#4632,#2069,.T.);
#5788=EDGE_CURVE('',#4673,#4630,#2070,.T.);
#5789=EDGE_CURVE('',#4672,#4631,#2071,.T.);
#5790=EDGE_CURVE('',#4646,#4674,#2072,.T.);
#5791=EDGE_CURVE('',#4645,#4675,#2073,.T.);
#5792=EDGE_CURVE('',#4637,#4666,#2074,.T.);
#5793=EDGE_CURVE('',#4667,#4636,#2075,.T.);
#5794=EDGE_CURVE('',#4669,#4634,#2076,.T.);
#5795=EDGE_CURVE('',#4668,#4635,#2077,.T.);
#5796=EDGE_CURVE('',#4613,#4678,#2078,.T.);
#5797=EDGE_CURVE('',#4644,#4677,#2079,.T.);
#5798=EDGE_CURVE('',#4663,#4624,#2080,.T.);
#5799=EDGE_CURVE('',#4665,#4638,#2081,.T.);
#5800=EDGE_CURVE('',#4664,#4639,#2082,.T.);
#5801=EDGE_CURVE('',#4643,#4676,#2083,.T.);
#5802=EDGE_CURVE('',#4681,#4681,#4209,.T.);
#5803=EDGE_CURVE('',#4681,#4682,#2084,.T.);
#5804=EDGE_CURVE('',#4682,#4682,#4210,.T.);
#5805=EDGE_CURVE('',#4683,#4684,#2085,.T.);
#5806=EDGE_CURVE('',#4685,#4683,#2086,.T.);
#5807=EDGE_CURVE('',#4686,#4685,#2087,.T.);
#5808=EDGE_CURVE('',#4686,#4684,#2088,.T.);
#5809=EDGE_CURVE('',#4687,#4688,#2089,.T.);
#5810=EDGE_CURVE('',#4688,#4686,#2090,.T.);
#5811=EDGE_CURVE('',#4685,#4687,#2091,.T.);
#5812=EDGE_CURVE('',#4689,#4690,#2092,.T.);
#5813=EDGE_CURVE('',#4690,#4691,#2093,.T.);
#5814=EDGE_CURVE('',#4691,#4692,#2094,.T.);
#5815=EDGE_CURVE('',#4692,#4689,#2095,.T.);
#5816=EDGE_CURVE('',#4693,#4683,#2096,.T.);
#5817=EDGE_CURVE('',#4693,#4690,#2097,.T.);
#5818=EDGE_CURVE('',#4687,#4689,#2098,.T.);
#5819=EDGE_CURVE('',#4684,#4694,#2099,.T.);
#5820=EDGE_CURVE('',#4694,#4693,#2100,.T.);
#5821=EDGE_CURVE('',#4694,#4691,#2101,.T.);
#5822=EDGE_CURVE('',#4688,#4692,#2102,.T.);
#5823=EDGE_CURVE('',#4695,#4696,#2103,.T.);
#5824=EDGE_CURVE('',#4697,#4696,#2104,.T.);
#5825=EDGE_CURVE('',#4698,#4697,#2105,.T.);
#5826=EDGE_CURVE('',#4695,#4698,#2106,.T.);
#5827=EDGE_CURVE('',#4699,#4697,#2107,.T.);
#5828=EDGE_CURVE('',#4700,#4699,#2108,.T.);
#5829=EDGE_CURVE('',#4701,#4700,#2109,.T.);
#5830=EDGE_CURVE('',#4702,#4701,#2110,.T.);
#5831=EDGE_CURVE('',#4698,#4702,#2111,.T.);
#5832=EDGE_CURVE('',#4703,#4703,#4211,.T.);
#5833=EDGE_CURVE('',#4704,#4699,#2112,.T.);
#5834=EDGE_CURVE('',#4705,#4704,#2113,.T.);
#5835=EDGE_CURVE('',#4700,#4705,#2114,.T.);
#5836=EDGE_CURVE('',#4706,#4701,#2115,.T.);
#5837=EDGE_CURVE('',#4705,#4706,#2116,.T.);
#5838=EDGE_CURVE('',#4696,#4704,#2117,.T.);
#5839=EDGE_CURVE('',#4707,#4695,#2118,.T.);
#5840=EDGE_CURVE('',#4707,#4706,#2119,.T.);
#5841=EDGE_CURVE('',#4708,#4708,#4212,.T.);
#5842=EDGE_CURVE('',#4702,#4707,#2120,.T.);
#5843=EDGE_CURVE('',#4708,#4703,#2121,.T.);
#5844=EDGE_CURVE('',#4709,#4709,#4213,.T.);
#5845=EDGE_CURVE('',#4709,#4710,#2122,.T.);
#5846=EDGE_CURVE('',#4710,#4710,#4214,.T.);
#5847=EDGE_CURVE('',#4711,#4711,#4215,.T.);
#5848=EDGE_CURVE('',#4711,#4712,#2123,.T.);
#5849=EDGE_CURVE('',#4712,#4712,#4216,.T.);
#5850=EDGE_CURVE('',#4713,#4714,#2124,.T.);
#5851=EDGE_CURVE('',#4714,#4715,#2125,.T.);
#5852=EDGE_CURVE('',#4715,#4716,#2126,.T.);
#5853=EDGE_CURVE('',#4716,#4713,#2127,.T.);
#5854=EDGE_CURVE('',#4717,#4718,#2128,.T.);
#5855=EDGE_CURVE('',#4718,#4719,#2129,.T.);
#5856=EDGE_CURVE('',#4719,#4720,#2130,.T.);
#5857=EDGE_CURVE('',#4720,#4717,#2131,.T.);
#5858=EDGE_CURVE('',#4716,#4719,#2132,.T.);
#5859=EDGE_CURVE('',#4713,#4718,#2133,.T.);
#5860=EDGE_CURVE('',#4715,#4720,#2134,.T.);
#5861=EDGE_CURVE('',#4714,#4717,#2135,.T.);
#5862=EDGE_CURVE('',#4721,#4722,#2136,.T.);
#5863=EDGE_CURVE('',#4723,#4721,#2137,.T.);
#5864=EDGE_CURVE('',#4724,#4723,#2138,.T.);
#5865=EDGE_CURVE('',#4725,#4724,#2139,.T.);
#5866=EDGE_CURVE('',#4725,#4726,#2140,.T.);
#5867=EDGE_CURVE('',#4727,#4726,#2141,.T.);
#5868=EDGE_CURVE('',#4728,#4727,#2142,.T.);
#5869=EDGE_CURVE('',#4722,#4728,#2143,.T.);
#5870=EDGE_CURVE('',#4729,#4724,#2144,.T.);
#5871=EDGE_CURVE('',#4729,#4730,#2145,.T.);
#5872=EDGE_CURVE('',#4730,#4725,#2146,.T.);
#5873=EDGE_CURVE('',#4722,#4731,#2147,.T.);
#5874=EDGE_CURVE('',#4728,#4732,#2148,.T.);
#5875=EDGE_CURVE('',#4732,#4731,#2149,.T.);
#5876=EDGE_CURVE('',#4726,#4733,#2150,.T.);
#5877=EDGE_CURVE('',#4733,#4734,#2151,.T.);
#5878=EDGE_CURVE('',#4734,#4727,#2152,.T.);
#5879=EDGE_CURVE('',#4730,#4733,#2153,.T.);
#5880=EDGE_CURVE('',#4732,#4734,#2154,.T.);
#5881=EDGE_CURVE('',#4735,#4731,#2155,.T.);
#5882=EDGE_CURVE('',#4736,#4735,#2156,.T.);
#5883=EDGE_CURVE('',#4736,#4737,#2157,.T.);
#5884=EDGE_CURVE('',#4738,#4737,#2158,.T.);
#5885=EDGE_CURVE('',#4739,#4738,#2159,.T.);
#5886=EDGE_CURVE('',#4740,#4739,#2160,.T.);
#5887=EDGE_CURVE('',#4740,#4741,#2161,.T.);
#5888=EDGE_CURVE('',#4721,#4741,#2162,.T.);
#5889=EDGE_CURVE('',#4742,#4742,#4217,.T.);
#5890=EDGE_CURVE('',#4743,#4729,#2163,.T.);
#5891=EDGE_CURVE('',#4735,#4743,#2164,.T.);
#5892=EDGE_CURVE('',#4744,#4744,#4218,.T.);
#5893=EDGE_CURVE('',#4744,#4742,#2165,.T.);
#5894=EDGE_CURVE('',#4745,#4740,#4219,.T.);
#5895=EDGE_CURVE('',#4745,#4746,#2166,.T.);
#5896=EDGE_CURVE('',#4741,#4746,#2167,.T.);
#5897=EDGE_CURVE('',#4737,#4747,#4220,.T.);
#5898=EDGE_CURVE('',#4748,#4736,#2168,.T.);
#5899=EDGE_CURVE('',#4748,#4749,#2169,.T.);
#5900=EDGE_CURVE('',#4747,#4749,#4221,.T.);
#5901=EDGE_CURVE('',#4743,#4748,#2170,.T.);
#5902=EDGE_CURVE('',#4746,#4723,#2171,.T.);
#5903=EDGE_CURVE('',#4750,#4745,#2172,.T.);
#5904=EDGE_CURVE('',#4751,#4750,#2173,.T.);
#5905=EDGE_CURVE('',#4749,#4751,#2174,.T.);
#5906=EDGE_CURVE('',#4738,#4739,#4222,.T.);
#5907=EDGE_CURVE('',#4750,#4751,#4223,.T.);
#5908=EDGE_CURVE('',#4752,#4752,#4224,.T.);
#5909=EDGE_CURVE('',#4752,#4747,#2175,.T.);
#5910=EDGE_CURVE('',#4753,#4753,#4225,.T.);
#5911=EDGE_CURVE('',#4754,#4754,#4226,.T.);
#5912=EDGE_CURVE('',#4754,#4753,#2176,.T.);
#5913=EDGE_CURVE('',#4755,#4755,#4227,.T.);
#5914=EDGE_CURVE('',#4755,#4756,#2177,.T.);
#5915=EDGE_CURVE('',#4756,#4756,#4228,.T.);
#5916=EDGE_CURVE('',#4757,#4757,#4229,.T.);
#5917=EDGE_CURVE('',#4757,#4758,#2178,.T.);
#5918=EDGE_CURVE('',#4758,#4758,#4230,.T.);
#5919=EDGE_CURVE('',#4759,#4759,#4231,.T.);
#5920=EDGE_CURVE('',#4759,#4760,#2179,.T.);
#5921=EDGE_CURVE('',#4760,#4760,#4232,.T.);
#5922=EDGE_CURVE('',#4761,#4761,#4233,.T.);
#5923=EDGE_CURVE('',#4761,#4762,#2180,.T.);
#5924=EDGE_CURVE('',#4762,#4762,#4234,.T.);
#5925=EDGE_CURVE('',#4763,#4763,#4235,.T.);
#5926=EDGE_CURVE('',#4763,#4764,#2181,.T.);
#5927=EDGE_CURVE('',#4764,#4764,#4236,.T.);
#5928=EDGE_CURVE('',#4765,#4765,#4237,.T.);
#5929=EDGE_CURVE('',#4765,#4766,#2182,.T.);
#5930=EDGE_CURVE('',#4766,#4766,#4238,.T.);
#5931=EDGE_CURVE('',#4767,#4767,#4239,.T.);
#5932=EDGE_CURVE('',#4767,#4768,#2183,.T.);
#5933=EDGE_CURVE('',#4768,#4768,#4240,.T.);
#5934=EDGE_CURVE('',#4769,#4769,#4241,.T.);
#5935=EDGE_CURVE('',#4769,#4770,#2184,.T.);
#5936=EDGE_CURVE('',#4770,#4770,#4242,.T.);
#5937=EDGE_CURVE('',#4771,#4771,#4243,.T.);
#5938=EDGE_CURVE('',#4771,#4772,#2185,.T.);
#5939=EDGE_CURVE('',#4772,#4772,#4244,.T.);
#5940=EDGE_CURVE('',#4773,#4773,#4245,.T.);
#5941=EDGE_CURVE('',#4773,#4774,#2186,.T.);
#5942=EDGE_CURVE('',#4774,#4774,#4246,.T.);
#5943=EDGE_CURVE('',#4775,#4775,#4247,.T.);
#5944=EDGE_CURVE('',#4775,#4776,#2187,.T.);
#5945=EDGE_CURVE('',#4776,#4776,#4248,.T.);
#5946=EDGE_CURVE('',#4777,#4777,#4249,.T.);
#5947=EDGE_CURVE('',#4777,#4778,#2188,.T.);
#5948=EDGE_CURVE('',#4778,#4778,#4250,.T.);
#5949=EDGE_CURVE('',#4779,#4779,#4251,.T.);
#5950=EDGE_CURVE('',#4779,#4780,#2189,.T.);
#5951=EDGE_CURVE('',#4780,#4780,#4252,.T.);
#5952=EDGE_CURVE('',#4781,#4781,#4253,.T.);
#5953=EDGE_CURVE('',#4781,#4782,#2190,.T.);
#5954=EDGE_CURVE('',#4782,#4782,#4254,.T.);
#5955=EDGE_CURVE('',#4783,#4783,#4255,.T.);
#5956=EDGE_CURVE('',#4783,#4784,#2191,.T.);
#5957=EDGE_CURVE('',#4784,#4784,#4256,.T.);
#5958=EDGE_CURVE('',#4785,#4785,#4257,.T.);
#5959=EDGE_CURVE('',#4785,#4786,#2192,.T.);
#5960=EDGE_CURVE('',#4786,#4786,#4258,.T.);
#5961=EDGE_CURVE('',#4787,#4787,#4259,.T.);
#5962=EDGE_CURVE('',#4787,#4788,#2193,.T.);
#5963=EDGE_CURVE('',#4788,#4788,#4260,.T.);
#5964=EDGE_CURVE('',#4789,#4789,#4261,.T.);
#5965=EDGE_CURVE('',#4789,#4790,#2194,.T.);
#5966=EDGE_CURVE('',#4790,#4790,#4262,.T.);
#5967=EDGE_CURVE('',#4791,#4792,#2195,.T.);
#5968=EDGE_CURVE('',#4792,#4793,#2196,.T.);
#5969=EDGE_CURVE('',#4793,#4794,#2197,.T.);
#5970=EDGE_CURVE('',#4794,#4791,#2198,.T.);
#5971=EDGE_CURVE('',#4795,#4796,#2199,.T.);
#5972=EDGE_CURVE('',#4796,#4797,#2200,.T.);
#5973=EDGE_CURVE('',#4797,#4798,#2201,.T.);
#5974=EDGE_CURVE('',#4798,#4795,#2202,.T.);
#5975=EDGE_CURVE('',#4794,#4797,#2203,.T.);
#5976=EDGE_CURVE('',#4791,#4796,#2204,.T.);
#5977=EDGE_CURVE('',#4793,#4798,#2205,.T.);
#5978=EDGE_CURVE('',#4792,#4795,#2206,.T.);
#5979=EDGE_CURVE('',#4799,#4800,#63,.T.);
#5980=EDGE_CURVE('',#4801,#4799,#64,.T.);
#5981=EDGE_CURVE('',#4800,#4801,#65,.T.);
#5982=EDGE_CURVE('',#4800,#4802,#2207,.T.);
#5983=EDGE_CURVE('',#4803,#4802,#66,.T.);
#5984=EDGE_CURVE('',#4804,#4803,#67,.T.);
#5985=EDGE_CURVE('',#4802,#4804,#68,.T.);
#5986=EDGE_CURVE('',#4805,#4806,#69,.T.);
#5987=EDGE_CURVE('',#4806,#4805,#70,.T.);
#5988=EDGE_CURVE('',#4806,#4807,#2208,.T.);
#5989=EDGE_CURVE('',#4808,#4807,#71,.T.);
#5990=EDGE_CURVE('',#4807,#4808,#72,.T.);
#5991=EDGE_CURVE('',#4809,#4810,#73,.T.);
#5992=EDGE_CURVE('',#4811,#4809,#74,.T.);
#5993=EDGE_CURVE('',#4810,#4811,#75,.T.);
#5994=EDGE_CURVE('',#4810,#4812,#2209,.T.);
#5995=EDGE_CURVE('',#4813,#4812,#76,.T.);
#5996=EDGE_CURVE('',#4814,#4813,#77,.T.);
#5997=EDGE_CURVE('',#4812,#4814,#78,.T.);
#5998=EDGE_CURVE('',#4815,#4816,#79,.T.);
#5999=EDGE_CURVE('',#4816,#4815,#80,.T.);
#6000=EDGE_CURVE('',#4816,#4817,#2210,.T.);
#6001=EDGE_CURVE('',#4818,#4817,#81,.T.);
#6002=EDGE_CURVE('',#4817,#4818,#82,.T.);
#6003=EDGE_CURVE('',#4819,#4819,#4263,.T.);
#6004=EDGE_CURVE('',#4819,#4803,#2211,.T.);
#6005=EDGE_CURVE('',#4802,#4820,#2212,.T.);
#6006=EDGE_CURVE('',#4820,#4820,#4264,.T.);
#6007=EDGE_CURVE('',#4821,#4821,#4265,.T.);
#6008=EDGE_CURVE('',#4822,#4822,#4266,.T.);
#6009=EDGE_CURVE('',#4822,#4813,#2213,.T.);
#6010=EDGE_CURVE('',#4812,#4821,#2214,.T.);
#6011=EDGE_CURVE('',#4823,#4823,#4267,.T.);
#6012=EDGE_CURVE('',#4823,#4800,#2215,.T.);
#6013=EDGE_CURVE('',#4801,#4810,#2216,.T.);
#6014=EDGE_CURVE('',#4811,#4824,#2217,.T.);
#6015=EDGE_CURVE('',#4824,#4824,#4268,.T.);
#6016=EDGE_CURVE('',#4825,#4825,#4269,.T.);
#6017=EDGE_CURVE('',#4825,#4826,#2218,.T.);
#6018=EDGE_CURVE('',#4826,#4826,#4270,.T.);
#6019=EDGE_CURVE('',#4827,#4827,#4271,.T.);
#6020=EDGE_CURVE('',#4827,#4828,#2219,.T.);
#6021=EDGE_CURVE('',#4828,#4828,#4272,.T.);
#6022=EDGE_CURVE('',#4829,#4829,#4273,.T.);
#6023=EDGE_CURVE('',#4829,#4830,#2220,.T.);
#6024=EDGE_CURVE('',#4830,#4830,#4274,.T.);
#6025=EDGE_CURVE('',#4831,#4831,#4275,.T.);
#6026=EDGE_CURVE('',#4831,#4832,#2221,.T.);
#6027=EDGE_CURVE('',#4832,#4832,#4276,.T.);
#6028=EDGE_CURVE('',#4833,#4833,#4277,.T.);
#6029=EDGE_CURVE('',#4833,#4834,#2222,.T.);
#6030=EDGE_CURVE('',#4834,#4834,#4278,.T.);
#6031=EDGE_CURVE('',#4835,#4835,#4279,.T.);
#6032=EDGE_CURVE('',#4835,#4836,#2223,.T.);
#6033=EDGE_CURVE('',#4836,#4836,#4280,.T.);
#6034=EDGE_CURVE('',#4837,#4837,#4281,.T.);
#6035=EDGE_CURVE('',#4837,#4838,#2224,.T.);
#6036=EDGE_CURVE('',#4838,#4838,#4282,.T.);
#6037=EDGE_CURVE('',#4839,#4839,#4283,.T.);
#6038=EDGE_CURVE('',#4839,#4840,#2225,.T.);
#6039=EDGE_CURVE('',#4840,#4840,#4284,.T.);
#6040=EDGE_CURVE('',#4841,#4842,#2226,.T.);
#6041=EDGE_CURVE('',#4842,#4843,#2227,.T.);
#6042=EDGE_CURVE('',#4843,#4844,#2228,.T.);
#6043=EDGE_CURVE('',#4844,#4841,#2229,.T.);
#6044=EDGE_CURVE('',#4845,#4846,#2230,.T.);
#6045=EDGE_CURVE('',#4846,#4847,#2231,.T.);
#6046=EDGE_CURVE('',#4847,#4848,#2232,.T.);
#6047=EDGE_CURVE('',#4848,#4845,#2233,.T.);
#6048=EDGE_CURVE('',#4844,#4847,#2234,.T.);
#6049=EDGE_CURVE('',#4841,#4846,#2235,.T.);
#6050=EDGE_CURVE('',#4843,#4848,#2236,.T.);
#6051=EDGE_CURVE('',#4842,#4845,#2237,.T.);
#6052=EDGE_CURVE('',#4849,#4849,#4285,.T.);
#6053=EDGE_CURVE('',#4849,#4850,#2238,.T.);
#6054=EDGE_CURVE('',#4850,#4850,#4286,.T.);
#6055=EDGE_CURVE('',#4851,#4851,#4287,.T.);
#6056=EDGE_CURVE('',#4851,#4852,#2239,.T.);
#6057=EDGE_CURVE('',#4852,#4852,#4288,.T.);
#6058=EDGE_CURVE('',#4853,#4853,#4289,.T.);
#6059=EDGE_CURVE('',#4853,#4854,#2240,.T.);
#6060=EDGE_CURVE('',#4854,#4854,#4290,.T.);
#6061=EDGE_CURVE('',#4855,#4855,#4291,.T.);
#6062=EDGE_CURVE('',#4855,#4856,#2241,.T.);
#6063=EDGE_CURVE('',#4856,#4856,#4292,.T.);
#6064=EDGE_CURVE('',#4857,#4857,#4293,.T.);
#6065=EDGE_CURVE('',#4857,#4858,#2242,.T.);
#6066=EDGE_CURVE('',#4858,#4858,#4294,.T.);
#6067=EDGE_CURVE('',#4859,#4860,#2243,.T.);
#6068=EDGE_CURVE('',#4861,#4859,#2244,.T.);
#6069=EDGE_CURVE('',#4862,#4861,#2245,.T.);
#6070=EDGE_CURVE('',#4860,#4862,#2246,.T.);
#6071=EDGE_CURVE('',#4863,#4864,#2247,.T.);
#6072=EDGE_CURVE('',#4865,#4863,#2248,.T.);
#6073=EDGE_CURVE('',#4865,#4866,#2249,.T.);
#6074=EDGE_CURVE('',#4864,#4866,#2250,.T.);
#6075=EDGE_CURVE('',#4866,#4861,#2251,.T.);
#6076=EDGE_CURVE('',#4862,#4865,#2252,.T.);
#6077=EDGE_CURVE('',#4863,#4867,#4295,.T.);
#6078=EDGE_CURVE('',#4867,#4868,#2253,.T.);
#6079=EDGE_CURVE('',#4868,#4869,#2254,.T.);
#6080=EDGE_CURVE('',#4869,#4870,#2255,.T.);
#6081=EDGE_CURVE('',#4870,#4871,#4296,.T.);
#6082=EDGE_CURVE('',#4871,#4872,#2256,.T.);
#6083=EDGE_CURVE('',#4872,#4873,#2257,.T.);
#6084=EDGE_CURVE('',#4873,#4874,#2258,.T.);
#6085=EDGE_CURVE('',#4874,#4875,#4297,.T.);
#6086=EDGE_CURVE('',#4875,#4876,#2259,.T.);
#6087=EDGE_CURVE('',#4876,#4877,#2260,.T.);
#6088=EDGE_CURVE('',#4877,#4878,#2261,.T.);
#6089=EDGE_CURVE('',#4878,#4879,#4298,.T.);
#6090=EDGE_CURVE('',#4879,#4880,#2262,.T.);
#6091=EDGE_CURVE('',#4880,#4881,#2263,.T.);
#6092=EDGE_CURVE('',#4881,#4882,#2264,.T.);
#6093=EDGE_CURVE('',#4882,#4883,#4299,.T.);
#6094=EDGE_CURVE('',#4883,#4884,#2265,.T.);
#6095=EDGE_CURVE('',#4884,#4885,#2266,.T.);
#6096=EDGE_CURVE('',#4885,#4886,#2267,.T.);
#6097=EDGE_CURVE('',#4886,#4887,#4300,.T.);
#6098=EDGE_CURVE('',#4887,#4888,#2268,.T.);
#6099=EDGE_CURVE('',#4888,#4889,#2269,.T.);
#6100=EDGE_CURVE('',#4889,#4890,#2270,.T.);
#6101=EDGE_CURVE('',#4890,#4891,#4301,.T.);
#6102=EDGE_CURVE('',#4891,#4892,#2271,.T.);
#6103=EDGE_CURVE('',#4892,#4893,#2272,.T.);
#6104=EDGE_CURVE('',#4893,#4894,#2273,.T.);
#6105=EDGE_CURVE('',#4894,#4895,#4302,.T.);
#6106=EDGE_CURVE('',#4895,#4896,#2274,.T.);
#6107=EDGE_CURVE('',#4896,#4897,#2275,.T.);
#6108=EDGE_CURVE('',#4897,#4898,#2276,.T.);
#6109=EDGE_CURVE('',#4898,#4899,#4303,.T.);
#6110=EDGE_CURVE('',#4899,#4900,#2277,.T.);
#6111=EDGE_CURVE('',#4900,#4901,#2278,.T.);
#6112=EDGE_CURVE('',#4901,#4902,#2279,.T.);
#6113=EDGE_CURVE('',#4902,#4903,#4304,.T.);
#6114=EDGE_CURVE('',#4903,#4904,#2280,.T.);
#6115=EDGE_CURVE('',#4904,#4905,#2281,.T.);
#6116=EDGE_CURVE('',#4905,#4906,#2282,.T.);
#6117=EDGE_CURVE('',#4906,#4907,#4305,.T.);
#6118=EDGE_CURVE('',#4907,#4908,#2283,.T.);
#6119=EDGE_CURVE('',#4908,#4909,#2284,.T.);
#6120=EDGE_CURVE('',#4909,#4910,#2285,.T.);
#6121=EDGE_CURVE('',#4910,#4911,#4306,.T.);
#6122=EDGE_CURVE('',#4911,#4912,#2286,.T.);
#6123=EDGE_CURVE('',#4912,#4913,#2287,.T.);
#6124=EDGE_CURVE('',#4913,#4914,#2288,.T.);
#6125=EDGE_CURVE('',#4914,#4915,#4307,.T.);
#6126=EDGE_CURVE('',#4915,#4916,#2289,.T.);
#6127=EDGE_CURVE('',#4916,#4917,#2290,.T.);
#6128=EDGE_CURVE('',#4917,#4918,#2291,.T.);
#6129=EDGE_CURVE('',#4918,#4919,#4308,.T.);
#6130=EDGE_CURVE('',#4919,#4920,#2292,.T.);
#6131=EDGE_CURVE('',#4920,#4921,#2293,.T.);
#6132=EDGE_CURVE('',#4921,#4922,#2294,.T.);
#6133=EDGE_CURVE('',#4922,#4923,#4309,.T.);
#6134=EDGE_CURVE('',#4923,#4924,#2295,.T.);
#6135=EDGE_CURVE('',#4924,#4925,#2296,.T.);
#6136=EDGE_CURVE('',#4925,#4926,#2297,.T.);
#6137=EDGE_CURVE('',#4926,#4927,#4310,.T.);
#6138=EDGE_CURVE('',#4927,#4928,#2298,.T.);
#6139=EDGE_CURVE('',#4928,#4929,#2299,.T.);
#6140=EDGE_CURVE('',#4929,#4930,#2300,.T.);
#6141=EDGE_CURVE('',#4930,#4931,#4311,.T.);
#6142=EDGE_CURVE('',#4931,#4932,#2301,.T.);
#6143=EDGE_CURVE('',#4932,#4933,#2302,.T.);
#6144=EDGE_CURVE('',#4933,#4934,#2303,.T.);
#6145=EDGE_CURVE('',#4934,#4935,#4312,.T.);
#6146=EDGE_CURVE('',#4935,#4936,#2304,.T.);
#6147=EDGE_CURVE('',#4936,#4937,#2305,.T.);
#6148=EDGE_CURVE('',#4937,#4938,#2306,.T.);
#6149=EDGE_CURVE('',#4938,#4939,#4313,.T.);
#6150=EDGE_CURVE('',#4939,#4940,#2307,.T.);
#6151=EDGE_CURVE('',#4940,#4941,#2308,.T.);
#6152=EDGE_CURVE('',#4941,#4942,#2309,.T.);
#6153=EDGE_CURVE('',#4942,#4943,#4314,.T.);
#6154=EDGE_CURVE('',#4943,#4944,#2310,.T.);
#6155=EDGE_CURVE('',#4944,#4945,#2311,.T.);
#6156=EDGE_CURVE('',#4945,#4946,#2312,.T.);
#6157=EDGE_CURVE('',#4946,#4947,#4315,.T.);
#6158=EDGE_CURVE('',#4947,#4948,#2313,.T.);
#6159=EDGE_CURVE('',#4948,#4949,#2314,.T.);
#6160=EDGE_CURVE('',#4949,#4950,#2315,.T.);
#6161=EDGE_CURVE('',#4950,#4951,#4316,.T.);
#6162=EDGE_CURVE('',#4951,#4952,#2316,.T.);
#6163=EDGE_CURVE('',#4952,#4953,#2317,.T.);
#6164=EDGE_CURVE('',#4953,#4954,#2318,.T.);
#6165=EDGE_CURVE('',#4954,#4955,#4317,.T.);
#6166=EDGE_CURVE('',#4955,#4956,#2319,.T.);
#6167=EDGE_CURVE('',#4956,#4957,#2320,.T.);
#6168=EDGE_CURVE('',#4957,#4958,#2321,.T.);
#6169=EDGE_CURVE('',#4958,#4959,#4318,.T.);
#6170=EDGE_CURVE('',#4959,#4960,#2322,.T.);
#6171=EDGE_CURVE('',#4960,#4961,#2323,.T.);
#6172=EDGE_CURVE('',#4961,#4962,#2324,.T.);
#6173=EDGE_CURVE('',#4962,#4963,#4319,.T.);
#6174=EDGE_CURVE('',#4963,#4964,#2325,.T.);
#6175=EDGE_CURVE('',#4964,#4965,#2326,.T.);
#6176=EDGE_CURVE('',#4965,#4966,#2327,.T.);
#6177=EDGE_CURVE('',#4966,#4967,#4320,.T.);
#6178=EDGE_CURVE('',#4967,#4968,#2328,.T.);
#6179=EDGE_CURVE('',#4968,#4969,#2329,.T.);
#6180=EDGE_CURVE('',#4969,#4970,#2330,.T.);
#6181=EDGE_CURVE('',#4970,#4971,#4321,.T.);
#6182=EDGE_CURVE('',#4971,#4972,#2331,.T.);
#6183=EDGE_CURVE('',#4972,#4973,#2332,.T.);
#6184=EDGE_CURVE('',#4973,#4974,#2333,.T.);
#6185=EDGE_CURVE('',#4974,#4975,#4322,.T.);
#6186=EDGE_CURVE('',#4975,#4976,#2334,.T.);
#6187=EDGE_CURVE('',#4976,#4977,#2335,.T.);
#6188=EDGE_CURVE('',#4977,#4978,#2336,.T.);
#6189=EDGE_CURVE('',#4978,#4979,#4323,.T.);
#6190=EDGE_CURVE('',#4979,#4980,#2337,.T.);
#6191=EDGE_CURVE('',#4980,#4981,#2338,.T.);
#6192=EDGE_CURVE('',#4981,#4982,#2339,.T.);
#6193=EDGE_CURVE('',#4982,#4983,#4324,.T.);
#6194=EDGE_CURVE('',#4983,#4984,#2340,.T.);
#6195=EDGE_CURVE('',#4984,#4985,#2341,.T.);
#6196=EDGE_CURVE('',#4985,#4986,#2342,.T.);
#6197=EDGE_CURVE('',#4986,#4987,#4325,.T.);
#6198=EDGE_CURVE('',#4987,#4988,#2343,.T.);
#6199=EDGE_CURVE('',#4988,#4989,#2344,.T.);
#6200=EDGE_CURVE('',#4989,#4990,#2345,.T.);
#6201=EDGE_CURVE('',#4990,#4991,#4326,.T.);
#6202=EDGE_CURVE('',#4991,#4992,#2346,.T.);
#6203=EDGE_CURVE('',#4992,#4993,#2347,.T.);
#6204=EDGE_CURVE('',#4993,#4994,#2348,.T.);
#6205=EDGE_CURVE('',#4994,#4995,#4327,.T.);
#6206=EDGE_CURVE('',#4995,#4996,#2349,.T.);
#6207=EDGE_CURVE('',#4996,#4997,#2350,.T.);
#6208=EDGE_CURVE('',#4997,#4998,#2351,.T.);
#6209=EDGE_CURVE('',#4998,#4999,#4328,.T.);
#6210=EDGE_CURVE('',#4999,#5000,#2352,.T.);
#6211=EDGE_CURVE('',#5000,#5001,#2353,.T.);
#6212=EDGE_CURVE('',#5001,#5002,#2354,.T.);
#6213=EDGE_CURVE('',#5002,#5003,#4329,.T.);
#6214=EDGE_CURVE('',#5003,#5004,#2355,.T.);
#6215=EDGE_CURVE('',#5004,#5005,#2356,.T.);
#6216=EDGE_CURVE('',#5005,#5006,#2357,.T.);
#6217=EDGE_CURVE('',#5006,#5007,#4330,.T.);
#6218=EDGE_CURVE('',#5007,#5008,#2358,.T.);
#6219=EDGE_CURVE('',#5008,#5009,#2359,.T.);
#6220=EDGE_CURVE('',#5009,#5010,#2360,.T.);
#6221=EDGE_CURVE('',#5010,#5011,#4331,.T.);
#6222=EDGE_CURVE('',#5011,#5012,#2361,.T.);
#6223=EDGE_CURVE('',#5012,#5013,#2362,.T.);
#6224=EDGE_CURVE('',#5013,#5014,#2363,.T.);
#6225=EDGE_CURVE('',#5014,#5015,#4332,.T.);
#6226=EDGE_CURVE('',#5015,#5016,#2364,.T.);
#6227=EDGE_CURVE('',#5016,#5017,#2365,.T.);
#6228=EDGE_CURVE('',#5017,#5018,#2366,.T.);
#6229=EDGE_CURVE('',#5018,#5019,#4333,.T.);
#6230=EDGE_CURVE('',#5019,#5020,#2367,.T.);
#6231=EDGE_CURVE('',#5020,#5021,#2368,.T.);
#6232=EDGE_CURVE('',#5021,#5022,#2369,.T.);
#6233=EDGE_CURVE('',#5022,#5023,#4334,.T.);
#6234=EDGE_CURVE('',#5023,#5024,#2370,.T.);
#6235=EDGE_CURVE('',#5024,#5025,#2371,.T.);
#6236=EDGE_CURVE('',#5025,#5026,#2372,.T.);
#6237=EDGE_CURVE('',#5026,#5027,#4335,.T.);
#6238=EDGE_CURVE('',#5027,#5028,#2373,.T.);
#6239=EDGE_CURVE('',#5028,#5029,#2374,.T.);
#6240=EDGE_CURVE('',#5029,#5030,#2375,.T.);
#6241=EDGE_CURVE('',#5030,#5031,#4336,.T.);
#6242=EDGE_CURVE('',#5031,#5032,#2376,.T.);
#6243=EDGE_CURVE('',#5032,#5033,#2377,.T.);
#6244=EDGE_CURVE('',#5033,#5034,#2378,.T.);
#6245=EDGE_CURVE('',#5034,#5035,#4337,.T.);
#6246=EDGE_CURVE('',#5035,#5036,#2379,.T.);
#6247=EDGE_CURVE('',#5036,#5037,#2380,.T.);
#6248=EDGE_CURVE('',#5037,#5038,#2381,.T.);
#6249=EDGE_CURVE('',#5038,#5039,#4338,.T.);
#6250=EDGE_CURVE('',#5039,#5040,#2382,.T.);
#6251=EDGE_CURVE('',#5040,#5041,#2383,.T.);
#6252=EDGE_CURVE('',#5041,#5042,#2384,.T.);
#6253=EDGE_CURVE('',#5042,#5043,#4339,.T.);
#6254=EDGE_CURVE('',#5043,#5044,#2385,.T.);
#6255=EDGE_CURVE('',#5044,#5045,#2386,.T.);
#6256=EDGE_CURVE('',#5045,#5046,#2387,.T.);
#6257=EDGE_CURVE('',#5046,#5047,#4340,.T.);
#6258=EDGE_CURVE('',#5047,#5048,#2388,.T.);
#6259=EDGE_CURVE('',#5048,#5049,#2389,.T.);
#6260=EDGE_CURVE('',#5049,#5050,#2390,.T.);
#6261=EDGE_CURVE('',#5050,#5051,#4341,.T.);
#6262=EDGE_CURVE('',#5051,#5052,#2391,.T.);
#6263=EDGE_CURVE('',#5052,#5053,#2392,.T.);
#6264=EDGE_CURVE('',#5053,#5054,#2393,.T.);
#6265=EDGE_CURVE('',#5054,#5055,#4342,.T.);
#6266=EDGE_CURVE('',#5055,#5056,#2394,.T.);
#6267=EDGE_CURVE('',#5056,#5057,#2395,.T.);
#6268=EDGE_CURVE('',#5057,#5058,#2396,.T.);
#6269=EDGE_CURVE('',#5058,#5059,#4343,.T.);
#6270=EDGE_CURVE('',#5059,#5060,#2397,.T.);
#6271=EDGE_CURVE('',#5060,#5061,#2398,.T.);
#6272=EDGE_CURVE('',#5061,#5062,#2399,.T.);
#6273=EDGE_CURVE('',#5062,#5063,#4344,.T.);
#6274=EDGE_CURVE('',#5063,#5064,#2400,.T.);
#6275=EDGE_CURVE('',#5064,#5065,#2401,.T.);
#6276=EDGE_CURVE('',#5065,#5066,#2402,.T.);
#6277=EDGE_CURVE('',#5066,#5067,#4345,.T.);
#6278=EDGE_CURVE('',#5067,#5068,#2403,.T.);
#6279=EDGE_CURVE('',#5068,#5069,#2404,.T.);
#6280=EDGE_CURVE('',#5069,#5070,#2405,.T.);
#6281=EDGE_CURVE('',#5070,#5071,#4346,.T.);
#6282=EDGE_CURVE('',#5071,#5072,#2406,.T.);
#6283=EDGE_CURVE('',#5072,#5073,#2407,.T.);
#6284=EDGE_CURVE('',#5073,#5074,#2408,.T.);
#6285=EDGE_CURVE('',#5074,#5075,#4347,.T.);
#6286=EDGE_CURVE('',#5075,#5076,#2409,.T.);
#6287=EDGE_CURVE('',#5076,#5077,#2410,.T.);
#6288=EDGE_CURVE('',#5077,#5078,#2411,.T.);
#6289=EDGE_CURVE('',#5078,#5079,#4348,.T.);
#6290=EDGE_CURVE('',#5079,#5080,#2412,.T.);
#6291=EDGE_CURVE('',#5080,#5081,#2413,.T.);
#6292=EDGE_CURVE('',#5081,#5082,#2414,.T.);
#6293=EDGE_CURVE('',#5082,#5083,#4349,.T.);
#6294=EDGE_CURVE('',#5083,#5084,#2415,.T.);
#6295=EDGE_CURVE('',#5084,#5085,#2416,.T.);
#6296=EDGE_CURVE('',#5085,#5086,#2417,.T.);
#6297=EDGE_CURVE('',#5086,#5087,#4350,.T.);
#6298=EDGE_CURVE('',#5087,#5088,#2418,.T.);
#6299=EDGE_CURVE('',#5088,#5089,#2419,.T.);
#6300=EDGE_CURVE('',#5089,#5090,#2420,.T.);
#6301=EDGE_CURVE('',#5090,#5091,#4351,.T.);
#6302=EDGE_CURVE('',#5091,#5092,#2421,.T.);
#6303=EDGE_CURVE('',#5092,#5093,#2422,.T.);
#6304=EDGE_CURVE('',#5093,#5094,#2423,.T.);
#6305=EDGE_CURVE('',#5094,#5095,#4352,.T.);
#6306=EDGE_CURVE('',#5095,#5096,#2424,.T.);
#6307=EDGE_CURVE('',#5096,#5097,#2425,.T.);
#6308=EDGE_CURVE('',#5097,#5098,#2426,.T.);
#6309=EDGE_CURVE('',#5098,#5099,#4353,.T.);
#6310=EDGE_CURVE('',#5099,#5100,#2427,.T.);
#6311=EDGE_CURVE('',#5100,#5101,#2428,.T.);
#6312=EDGE_CURVE('',#5101,#5102,#2429,.T.);
#6313=EDGE_CURVE('',#5102,#4860,#4354,.T.);
#6314=EDGE_CURVE('',#5103,#4864,#4355,.T.);
#6315=EDGE_CURVE('',#5103,#4867,#2430,.T.);
#6316=EDGE_CURVE('',#5104,#5099,#2431,.T.);
#6317=EDGE_CURVE('',#5105,#5104,#2432,.T.);
#6318=EDGE_CURVE('',#5100,#5105,#2433,.T.);
#6319=EDGE_CURVE('',#5102,#5106,#2434,.T.);
#6320=EDGE_CURVE('',#5101,#5107,#2435,.T.);
#6321=EDGE_CURVE('',#5106,#5107,#2436,.T.);
#6322=EDGE_CURVE('',#5107,#5105,#2437,.T.);
#6323=EDGE_CURVE('',#4859,#5106,#4356,.T.);
#6324=EDGE_CURVE('',#5108,#5095,#2438,.T.);
#6325=EDGE_CURVE('',#5109,#5108,#2439,.T.);
#6326=EDGE_CURVE('',#5096,#5109,#2440,.T.);
#6327=EDGE_CURVE('',#5098,#5110,#2441,.T.);
#6328=EDGE_CURVE('',#5097,#5111,#2442,.T.);
#6329=EDGE_CURVE('',#5110,#5111,#2443,.T.);
#6330=EDGE_CURVE('',#5111,#5109,#2444,.T.);
#6331=EDGE_CURVE('',#5104,#5110,#4357,.T.);
#6332=EDGE_CURVE('',#5112,#5091,#2445,.T.);
#6333=EDGE_CURVE('',#5113,#5112,#2446,.T.);
#6334=EDGE_CURVE('',#5092,#5113,#2447,.T.);
#6335=EDGE_CURVE('',#5094,#5114,#2448,.T.);
#6336=EDGE_CURVE('',#5093,#5115,#2449,.T.);
#6337=EDGE_CURVE('',#5114,#5115,#2450,.T.);
#6338=EDGE_CURVE('',#5115,#5113,#2451,.T.);
#6339=EDGE_CURVE('',#5108,#5114,#4358,.T.);
#6340=EDGE_CURVE('',#5116,#5087,#2452,.T.);
#6341=EDGE_CURVE('',#5117,#5116,#2453,.T.);
#6342=EDGE_CURVE('',#5088,#5117,#2454,.T.);
#6343=EDGE_CURVE('',#5090,#5118,#2455,.T.);
#6344=EDGE_CURVE('',#5089,#5119,#2456,.T.);
#6345=EDGE_CURVE('',#5118,#5119,#2457,.T.);
#6346=EDGE_CURVE('',#5119,#5117,#2458,.T.);
#6347=EDGE_CURVE('',#5112,#5118,#4359,.T.);
#6348=EDGE_CURVE('',#5120,#5083,#2459,.T.);
#6349=EDGE_CURVE('',#5121,#5120,#2460,.T.);
#6350=EDGE_CURVE('',#5084,#5121,#2461,.T.);
#6351=EDGE_CURVE('',#5086,#5122,#2462,.T.);
#6352=EDGE_CURVE('',#5085,#5123,#2463,.T.);
#6353=EDGE_CURVE('',#5122,#5123,#2464,.T.);
#6354=EDGE_CURVE('',#5123,#5121,#2465,.T.);
#6355=EDGE_CURVE('',#5116,#5122,#4360,.T.);
#6356=EDGE_CURVE('',#5124,#5079,#2466,.T.);
#6357=EDGE_CURVE('',#5125,#5124,#2467,.T.);
#6358=EDGE_CURVE('',#5080,#5125,#2468,.T.);
#6359=EDGE_CURVE('',#5082,#5126,#2469,.T.);
#6360=EDGE_CURVE('',#5081,#5127,#2470,.T.);
#6361=EDGE_CURVE('',#5126,#5127,#2471,.T.);
#6362=EDGE_CURVE('',#5127,#5125,#2472,.T.);
#6363=EDGE_CURVE('',#5120,#5126,#4361,.T.);
#6364=EDGE_CURVE('',#5128,#5075,#2473,.T.);
#6365=EDGE_CURVE('',#5129,#5128,#2474,.T.);
#6366=EDGE_CURVE('',#5076,#5129,#2475,.T.);
#6367=EDGE_CURVE('',#5078,#5130,#2476,.T.);
#6368=EDGE_CURVE('',#5077,#5131,#2477,.T.);
#6369=EDGE_CURVE('',#5130,#5131,#2478,.T.);
#6370=EDGE_CURVE('',#5131,#5129,#2479,.T.);
#6371=EDGE_CURVE('',#5124,#5130,#4362,.T.);
#6372=EDGE_CURVE('',#5132,#5071,#2480,.T.);
#6373=EDGE_CURVE('',#5133,#5132,#2481,.T.);
#6374=EDGE_CURVE('',#5072,#5133,#2482,.T.);
#6375=EDGE_CURVE('',#5074,#5134,#2483,.T.);
#6376=EDGE_CURVE('',#5073,#5135,#2484,.T.);
#6377=EDGE_CURVE('',#5134,#5135,#2485,.T.);
#6378=EDGE_CURVE('',#5135,#5133,#2486,.T.);
#6379=EDGE_CURVE('',#5128,#5134,#4363,.T.);
#6380=EDGE_CURVE('',#5136,#5067,#2487,.T.);
#6381=EDGE_CURVE('',#5137,#5136,#2488,.T.);
#6382=EDGE_CURVE('',#5068,#5137,#2489,.T.);
#6383=EDGE_CURVE('',#5070,#5138,#2490,.T.);
#6384=EDGE_CURVE('',#5069,#5139,#2491,.T.);
#6385=EDGE_CURVE('',#5138,#5139,#2492,.T.);
#6386=EDGE_CURVE('',#5139,#5137,#2493,.T.);
#6387=EDGE_CURVE('',#5132,#5138,#4364,.T.);
#6388=EDGE_CURVE('',#5140,#5063,#2494,.T.);
#6389=EDGE_CURVE('',#5141,#5140,#2495,.T.);
#6390=EDGE_CURVE('',#5064,#5141,#2496,.T.);
#6391=EDGE_CURVE('',#5066,#5142,#2497,.T.);
#6392=EDGE_CURVE('',#5065,#5143,#2498,.T.);
#6393=EDGE_CURVE('',#5142,#5143,#2499,.T.);
#6394=EDGE_CURVE('',#5143,#5141,#2500,.T.);
#6395=EDGE_CURVE('',#5136,#5142,#4365,.T.);
#6396=EDGE_CURVE('',#5144,#5059,#2501,.T.);
#6397=EDGE_CURVE('',#5145,#5144,#2502,.T.);
#6398=EDGE_CURVE('',#5060,#5145,#2503,.T.);
#6399=EDGE_CURVE('',#5062,#5146,#2504,.T.);
#6400=EDGE_CURVE('',#5061,#5147,#2505,.T.);
#6401=EDGE_CURVE('',#5146,#5147,#2506,.T.);
#6402=EDGE_CURVE('',#5147,#5145,#2507,.T.);
#6403=EDGE_CURVE('',#5140,#5146,#4366,.T.);
#6404=EDGE_CURVE('',#5148,#5055,#2508,.T.);
#6405=EDGE_CURVE('',#5149,#5148,#2509,.T.);
#6406=EDGE_CURVE('',#5056,#5149,#2510,.T.);
#6407=EDGE_CURVE('',#5058,#5150,#2511,.T.);
#6408=EDGE_CURVE('',#5057,#5151,#2512,.T.);
#6409=EDGE_CURVE('',#5150,#5151,#2513,.T.);
#6410=EDGE_CURVE('',#5151,#5149,#2514,.T.);
#6411=EDGE_CURVE('',#5144,#5150,#4367,.T.);
#6412=EDGE_CURVE('',#5152,#5051,#2515,.T.);
#6413=EDGE_CURVE('',#5153,#5152,#2516,.T.);
#6414=EDGE_CURVE('',#5052,#5153,#2517,.T.);
#6415=EDGE_CURVE('',#5054,#5154,#2518,.T.);
#6416=EDGE_CURVE('',#5053,#5155,#2519,.T.);
#6417=EDGE_CURVE('',#5154,#5155,#2520,.T.);
#6418=EDGE_CURVE('',#5155,#5153,#2521,.T.);
#6419=EDGE_CURVE('',#5148,#5154,#4368,.T.);
#6420=EDGE_CURVE('',#5156,#5047,#2522,.T.);
#6421=EDGE_CURVE('',#5157,#5156,#2523,.T.);
#6422=EDGE_CURVE('',#5048,#5157,#2524,.T.);
#6423=EDGE_CURVE('',#5050,#5158,#2525,.T.);
#6424=EDGE_CURVE('',#5049,#5159,#2526,.T.);
#6425=EDGE_CURVE('',#5158,#5159,#2527,.T.);
#6426=EDGE_CURVE('',#5159,#5157,#2528,.T.);
#6427=EDGE_CURVE('',#5152,#5158,#4369,.T.);
#6428=EDGE_CURVE('',#5160,#5043,#2529,.T.);
#6429=EDGE_CURVE('',#5161,#5160,#2530,.T.);
#6430=EDGE_CURVE('',#5044,#5161,#2531,.T.);
#6431=EDGE_CURVE('',#5046,#5162,#2532,.T.);
#6432=EDGE_CURVE('',#5045,#5163,#2533,.T.);
#6433=EDGE_CURVE('',#5162,#5163,#2534,.T.);
#6434=EDGE_CURVE('',#5163,#5161,#2535,.T.);
#6435=EDGE_CURVE('',#5156,#5162,#4370,.T.);
#6436=EDGE_CURVE('',#5164,#5039,#2536,.T.);
#6437=EDGE_CURVE('',#5165,#5164,#2537,.T.);
#6438=EDGE_CURVE('',#5040,#5165,#2538,.T.);
#6439=EDGE_CURVE('',#5042,#5166,#2539,.T.);
#6440=EDGE_CURVE('',#5041,#5167,#2540,.T.);
#6441=EDGE_CURVE('',#5166,#5167,#2541,.T.);
#6442=EDGE_CURVE('',#5167,#5165,#2542,.T.);
#6443=EDGE_CURVE('',#5160,#5166,#4371,.T.);
#6444=EDGE_CURVE('',#5168,#5035,#2543,.T.);
#6445=EDGE_CURVE('',#5169,#5168,#2544,.T.);
#6446=EDGE_CURVE('',#5036,#5169,#2545,.T.);
#6447=EDGE_CURVE('',#5038,#5170,#2546,.T.);
#6448=EDGE_CURVE('',#5037,#5171,#2547,.T.);
#6449=EDGE_CURVE('',#5170,#5171,#2548,.T.);
#6450=EDGE_CURVE('',#5171,#5169,#2549,.T.);
#6451=EDGE_CURVE('',#5164,#5170,#4372,.T.);
#6452=EDGE_CURVE('',#5172,#5031,#2550,.T.);
#6453=EDGE_CURVE('',#5173,#5172,#2551,.T.);
#6454=EDGE_CURVE('',#5032,#5173,#2552,.T.);
#6455=EDGE_CURVE('',#5034,#5174,#2553,.T.);
#6456=EDGE_CURVE('',#5033,#5175,#2554,.T.);
#6457=EDGE_CURVE('',#5174,#5175,#2555,.T.);
#6458=EDGE_CURVE('',#5175,#5173,#2556,.T.);
#6459=EDGE_CURVE('',#5168,#5174,#4373,.T.);
#6460=EDGE_CURVE('',#5176,#5027,#2557,.T.);
#6461=EDGE_CURVE('',#5177,#5176,#2558,.T.);
#6462=EDGE_CURVE('',#5028,#5177,#2559,.T.);
#6463=EDGE_CURVE('',#5030,#5178,#2560,.T.);
#6464=EDGE_CURVE('',#5029,#5179,#2561,.T.);
#6465=EDGE_CURVE('',#5178,#5179,#2562,.T.);
#6466=EDGE_CURVE('',#5179,#5177,#2563,.T.);
#6467=EDGE_CURVE('',#5172,#5178,#4374,.T.);
#6468=EDGE_CURVE('',#5180,#5023,#2564,.T.);
#6469=EDGE_CURVE('',#5181,#5180,#2565,.T.);
#6470=EDGE_CURVE('',#5024,#5181,#2566,.T.);
#6471=EDGE_CURVE('',#5026,#5182,#2567,.T.);
#6472=EDGE_CURVE('',#5025,#5183,#2568,.T.);
#6473=EDGE_CURVE('',#5182,#5183,#2569,.T.);
#6474=EDGE_CURVE('',#5183,#5181,#2570,.T.);
#6475=EDGE_CURVE('',#5176,#5182,#4375,.T.);
#6476=EDGE_CURVE('',#5184,#5019,#2571,.T.);
#6477=EDGE_CURVE('',#5185,#5184,#2572,.T.);
#6478=EDGE_CURVE('',#5020,#5185,#2573,.T.);
#6479=EDGE_CURVE('',#5022,#5186,#2574,.T.);
#6480=EDGE_CURVE('',#5021,#5187,#2575,.T.);
#6481=EDGE_CURVE('',#5186,#5187,#2576,.T.);
#6482=EDGE_CURVE('',#5187,#5185,#2577,.T.);
#6483=EDGE_CURVE('',#5180,#5186,#4376,.T.);
#6484=EDGE_CURVE('',#5188,#5015,#2578,.T.);
#6485=EDGE_CURVE('',#5189,#5188,#2579,.T.);
#6486=EDGE_CURVE('',#5016,#5189,#2580,.T.);
#6487=EDGE_CURVE('',#5018,#5190,#2581,.T.);
#6488=EDGE_CURVE('',#5017,#5191,#2582,.T.);
#6489=EDGE_CURVE('',#5190,#5191,#2583,.T.);
#6490=EDGE_CURVE('',#5191,#5189,#2584,.T.);
#6491=EDGE_CURVE('',#5184,#5190,#4377,.T.);
#6492=EDGE_CURVE('',#5192,#5011,#2585,.T.);
#6493=EDGE_CURVE('',#5193,#5192,#2586,.T.);
#6494=EDGE_CURVE('',#5012,#5193,#2587,.T.);
#6495=EDGE_CURVE('',#5014,#5194,#2588,.T.);
#6496=EDGE_CURVE('',#5013,#5195,#2589,.T.);
#6497=EDGE_CURVE('',#5194,#5195,#2590,.T.);
#6498=EDGE_CURVE('',#5195,#5193,#2591,.T.);
#6499=EDGE_CURVE('',#5188,#5194,#4378,.T.);
#6500=EDGE_CURVE('',#5196,#5007,#2592,.T.);
#6501=EDGE_CURVE('',#5197,#5196,#2593,.T.);
#6502=EDGE_CURVE('',#5008,#5197,#2594,.T.);
#6503=EDGE_CURVE('',#5010,#5198,#2595,.T.);
#6504=EDGE_CURVE('',#5009,#5199,#2596,.T.);
#6505=EDGE_CURVE('',#5198,#5199,#2597,.T.);
#6506=EDGE_CURVE('',#5199,#5197,#2598,.T.);
#6507=EDGE_CURVE('',#5192,#5198,#4379,.T.);
#6508=EDGE_CURVE('',#5200,#5003,#2599,.T.);
#6509=EDGE_CURVE('',#5201,#5200,#2600,.T.);
#6510=EDGE_CURVE('',#5004,#5201,#2601,.T.);
#6511=EDGE_CURVE('',#5006,#5202,#2602,.T.);
#6512=EDGE_CURVE('',#5005,#5203,#2603,.T.);
#6513=EDGE_CURVE('',#5202,#5203,#2604,.T.);
#6514=EDGE_CURVE('',#5203,#5201,#2605,.T.);
#6515=EDGE_CURVE('',#5196,#5202,#4380,.T.);
#6516=EDGE_CURVE('',#5204,#4999,#2606,.T.);
#6517=EDGE_CURVE('',#5205,#5204,#2607,.T.);
#6518=EDGE_CURVE('',#5000,#5205,#2608,.T.);
#6519=EDGE_CURVE('',#5002,#5206,#2609,.T.);
#6520=EDGE_CURVE('',#5001,#5207,#2610,.T.);
#6521=EDGE_CURVE('',#5206,#5207,#2611,.T.);
#6522=EDGE_CURVE('',#5207,#5205,#2612,.T.);
#6523=EDGE_CURVE('',#5200,#5206,#4381,.T.);
#6524=EDGE_CURVE('',#5208,#4995,#2613,.T.);
#6525=EDGE_CURVE('',#5209,#5208,#2614,.T.);
#6526=EDGE_CURVE('',#4996,#5209,#2615,.T.);
#6527=EDGE_CURVE('',#4998,#5210,#2616,.T.);
#6528=EDGE_CURVE('',#4997,#5211,#2617,.T.);
#6529=EDGE_CURVE('',#5210,#5211,#2618,.T.);
#6530=EDGE_CURVE('',#5211,#5209,#2619,.T.);
#6531=EDGE_CURVE('',#5204,#5210,#4382,.T.);
#6532=EDGE_CURVE('',#5212,#4991,#2620,.T.);
#6533=EDGE_CURVE('',#5213,#5212,#2621,.T.);
#6534=EDGE_CURVE('',#4992,#5213,#2622,.T.);
#6535=EDGE_CURVE('',#4994,#5214,#2623,.T.);
#6536=EDGE_CURVE('',#4993,#5215,#2624,.T.);
#6537=EDGE_CURVE('',#5214,#5215,#2625,.T.);
#6538=EDGE_CURVE('',#5215,#5213,#2626,.T.);
#6539=EDGE_CURVE('',#5208,#5214,#4383,.T.);
#6540=EDGE_CURVE('',#5216,#4987,#2627,.T.);
#6541=EDGE_CURVE('',#5217,#5216,#2628,.T.);
#6542=EDGE_CURVE('',#4988,#5217,#2629,.T.);
#6543=EDGE_CURVE('',#4990,#5218,#2630,.T.);
#6544=EDGE_CURVE('',#4989,#5219,#2631,.T.);
#6545=EDGE_CURVE('',#5218,#5219,#2632,.T.);
#6546=EDGE_CURVE('',#5219,#5217,#2633,.T.);
#6547=EDGE_CURVE('',#5212,#5218,#4384,.T.);
#6548=EDGE_CURVE('',#5220,#4983,#2634,.T.);
#6549=EDGE_CURVE('',#5221,#5220,#2635,.T.);
#6550=EDGE_CURVE('',#4984,#5221,#2636,.T.);
#6551=EDGE_CURVE('',#4986,#5222,#2637,.T.);
#6552=EDGE_CURVE('',#4985,#5223,#2638,.T.);
#6553=EDGE_CURVE('',#5222,#5223,#2639,.T.);
#6554=EDGE_CURVE('',#5223,#5221,#2640,.T.);
#6555=EDGE_CURVE('',#5216,#5222,#4385,.T.);
#6556=EDGE_CURVE('',#5224,#4979,#2641,.T.);
#6557=EDGE_CURVE('',#5225,#5224,#2642,.T.);
#6558=EDGE_CURVE('',#4980,#5225,#2643,.T.);
#6559=EDGE_CURVE('',#4982,#5226,#2644,.T.);
#6560=EDGE_CURVE('',#4981,#5227,#2645,.T.);
#6561=EDGE_CURVE('',#5226,#5227,#2646,.T.);
#6562=EDGE_CURVE('',#5227,#5225,#2647,.T.);
#6563=EDGE_CURVE('',#5220,#5226,#4386,.T.);
#6564=EDGE_CURVE('',#5228,#4975,#2648,.T.);
#6565=EDGE_CURVE('',#5229,#5228,#2649,.T.);
#6566=EDGE_CURVE('',#4976,#5229,#2650,.T.);
#6567=EDGE_CURVE('',#4978,#5230,#2651,.T.);
#6568=EDGE_CURVE('',#4977,#5231,#2652,.T.);
#6569=EDGE_CURVE('',#5230,#5231,#2653,.T.);
#6570=EDGE_CURVE('',#5231,#5229,#2654,.T.);
#6571=EDGE_CURVE('',#5224,#5230,#4387,.T.);
#6572=EDGE_CURVE('',#5232,#4971,#2655,.T.);
#6573=EDGE_CURVE('',#5233,#5232,#2656,.T.);
#6574=EDGE_CURVE('',#4972,#5233,#2657,.T.);
#6575=EDGE_CURVE('',#4974,#5234,#2658,.T.);
#6576=EDGE_CURVE('',#4973,#5235,#2659,.T.);
#6577=EDGE_CURVE('',#5234,#5235,#2660,.T.);
#6578=EDGE_CURVE('',#5235,#5233,#2661,.T.);
#6579=EDGE_CURVE('',#5228,#5234,#4388,.T.);
#6580=EDGE_CURVE('',#5236,#4967,#2662,.T.);
#6581=EDGE_CURVE('',#5237,#5236,#2663,.T.);
#6582=EDGE_CURVE('',#4968,#5237,#2664,.T.);
#6583=EDGE_CURVE('',#4970,#5238,#2665,.T.);
#6584=EDGE_CURVE('',#4969,#5239,#2666,.T.);
#6585=EDGE_CURVE('',#5238,#5239,#2667,.T.);
#6586=EDGE_CURVE('',#5239,#5237,#2668,.T.);
#6587=EDGE_CURVE('',#5232,#5238,#4389,.T.);
#6588=EDGE_CURVE('',#5240,#4963,#2669,.T.);
#6589=EDGE_CURVE('',#5241,#5240,#2670,.T.);
#6590=EDGE_CURVE('',#4964,#5241,#2671,.T.);
#6591=EDGE_CURVE('',#4966,#5242,#2672,.T.);
#6592=EDGE_CURVE('',#4965,#5243,#2673,.T.);
#6593=EDGE_CURVE('',#5242,#5243,#2674,.T.);
#6594=EDGE_CURVE('',#5243,#5241,#2675,.T.);
#6595=EDGE_CURVE('',#5236,#5242,#4390,.T.);
#6596=EDGE_CURVE('',#5244,#4959,#2676,.T.);
#6597=EDGE_CURVE('',#5245,#5244,#2677,.T.);
#6598=EDGE_CURVE('',#4960,#5245,#2678,.T.);
#6599=EDGE_CURVE('',#4962,#5246,#2679,.T.);
#6600=EDGE_CURVE('',#4961,#5247,#2680,.T.);
#6601=EDGE_CURVE('',#5246,#5247,#2681,.T.);
#6602=EDGE_CURVE('',#5247,#5245,#2682,.T.);
#6603=EDGE_CURVE('',#5240,#5246,#4391,.T.);
#6604=EDGE_CURVE('',#5248,#4955,#2683,.T.);
#6605=EDGE_CURVE('',#5249,#5248,#2684,.T.);
#6606=EDGE_CURVE('',#4956,#5249,#2685,.T.);
#6607=EDGE_CURVE('',#4958,#5250,#2686,.T.);
#6608=EDGE_CURVE('',#4957,#5251,#2687,.T.);
#6609=EDGE_CURVE('',#5250,#5251,#2688,.T.);
#6610=EDGE_CURVE('',#5251,#5249,#2689,.T.);
#6611=EDGE_CURVE('',#5244,#5250,#4392,.T.);
#6612=EDGE_CURVE('',#5252,#4951,#2690,.T.);
#6613=EDGE_CURVE('',#5253,#5252,#2691,.T.);
#6614=EDGE_CURVE('',#4952,#5253,#2692,.T.);
#6615=EDGE_CURVE('',#4954,#5254,#2693,.T.);
#6616=EDGE_CURVE('',#4953,#5255,#2694,.T.);
#6617=EDGE_CURVE('',#5254,#5255,#2695,.T.);
#6618=EDGE_CURVE('',#5255,#5253,#2696,.T.);
#6619=EDGE_CURVE('',#5248,#5254,#4393,.T.);
#6620=EDGE_CURVE('',#5256,#4947,#2697,.T.);
#6621=EDGE_CURVE('',#5257,#5256,#2698,.T.);
#6622=EDGE_CURVE('',#4948,#5257,#2699,.T.);
#6623=EDGE_CURVE('',#4950,#5258,#2700,.T.);
#6624=EDGE_CURVE('',#4949,#5259,#2701,.T.);
#6625=EDGE_CURVE('',#5258,#5259,#2702,.T.);
#6626=EDGE_CURVE('',#5259,#5257,#2703,.T.);
#6627=EDGE_CURVE('',#5252,#5258,#4394,.T.);
#6628=EDGE_CURVE('',#5260,#4943,#2704,.T.);
#6629=EDGE_CURVE('',#5261,#5260,#2705,.T.);
#6630=EDGE_CURVE('',#4944,#5261,#2706,.T.);
#6631=EDGE_CURVE('',#4946,#5262,#2707,.T.);
#6632=EDGE_CURVE('',#4945,#5263,#2708,.T.);
#6633=EDGE_CURVE('',#5262,#5263,#2709,.T.);
#6634=EDGE_CURVE('',#5263,#5261,#2710,.T.);
#6635=EDGE_CURVE('',#5256,#5262,#4395,.T.);
#6636=EDGE_CURVE('',#5264,#4939,#2711,.T.);
#6637=EDGE_CURVE('',#5265,#5264,#2712,.T.);
#6638=EDGE_CURVE('',#4940,#5265,#2713,.T.);
#6639=EDGE_CURVE('',#4942,#5266,#2714,.T.);
#6640=EDGE_CURVE('',#4941,#5267,#2715,.T.);
#6641=EDGE_CURVE('',#5266,#5267,#2716,.T.);
#6642=EDGE_CURVE('',#5267,#5265,#2717,.T.);
#6643=EDGE_CURVE('',#5260,#5266,#4396,.T.);
#6644=EDGE_CURVE('',#5268,#4935,#2718,.T.);
#6645=EDGE_CURVE('',#5269,#5268,#2719,.T.);
#6646=EDGE_CURVE('',#4936,#5269,#2720,.T.);
#6647=EDGE_CURVE('',#4938,#5270,#2721,.T.);
#6648=EDGE_CURVE('',#4937,#5271,#2722,.T.);
#6649=EDGE_CURVE('',#5270,#5271,#2723,.T.);
#6650=EDGE_CURVE('',#5271,#5269,#2724,.T.);
#6651=EDGE_CURVE('',#5264,#5270,#4397,.T.);
#6652=EDGE_CURVE('',#5272,#4931,#2725,.T.);
#6653=EDGE_CURVE('',#5273,#5272,#2726,.T.);
#6654=EDGE_CURVE('',#4932,#5273,#2727,.T.);
#6655=EDGE_CURVE('',#4934,#5274,#2728,.T.);
#6656=EDGE_CURVE('',#4933,#5275,#2729,.T.);
#6657=EDGE_CURVE('',#5274,#5275,#2730,.T.);
#6658=EDGE_CURVE('',#5275,#5273,#2731,.T.);
#6659=EDGE_CURVE('',#5268,#5274,#4398,.T.);
#6660=EDGE_CURVE('',#5276,#4927,#2732,.T.);
#6661=EDGE_CURVE('',#5277,#5276,#2733,.T.);
#6662=EDGE_CURVE('',#4928,#5277,#2734,.T.);
#6663=EDGE_CURVE('',#4930,#5278,#2735,.T.);
#6664=EDGE_CURVE('',#4929,#5279,#2736,.T.);
#6665=EDGE_CURVE('',#5278,#5279,#2737,.T.);
#6666=EDGE_CURVE('',#5279,#5277,#2738,.T.);
#6667=EDGE_CURVE('',#5272,#5278,#4399,.T.);
#6668=EDGE_CURVE('',#5280,#4923,#2739,.T.);
#6669=EDGE_CURVE('',#5281,#5280,#2740,.T.);
#6670=EDGE_CURVE('',#4924,#5281,#2741,.T.);
#6671=EDGE_CURVE('',#4926,#5282,#2742,.T.);
#6672=EDGE_CURVE('',#4925,#5283,#2743,.T.);
#6673=EDGE_CURVE('',#5282,#5283,#2744,.T.);
#6674=EDGE_CURVE('',#5283,#5281,#2745,.T.);
#6675=EDGE_CURVE('',#5276,#5282,#4400,.T.);
#6676=EDGE_CURVE('',#5284,#4919,#2746,.T.);
#6677=EDGE_CURVE('',#5285,#5284,#2747,.T.);
#6678=EDGE_CURVE('',#4920,#5285,#2748,.T.);
#6679=EDGE_CURVE('',#4922,#5286,#2749,.T.);
#6680=EDGE_CURVE('',#4921,#5287,#2750,.T.);
#6681=EDGE_CURVE('',#5286,#5287,#2751,.T.);
#6682=EDGE_CURVE('',#5287,#5285,#2752,.T.);
#6683=EDGE_CURVE('',#5280,#5286,#4401,.T.);
#6684=EDGE_CURVE('',#5288,#4915,#2753,.T.);
#6685=EDGE_CURVE('',#5289,#5288,#2754,.T.);
#6686=EDGE_CURVE('',#4916,#5289,#2755,.T.);
#6687=EDGE_CURVE('',#4918,#5290,#2756,.T.);
#6688=EDGE_CURVE('',#4917,#5291,#2757,.T.);
#6689=EDGE_CURVE('',#5290,#5291,#2758,.T.);
#6690=EDGE_CURVE('',#5291,#5289,#2759,.T.);
#6691=EDGE_CURVE('',#5284,#5290,#4402,.T.);
#6692=EDGE_CURVE('',#5292,#4911,#2760,.T.);
#6693=EDGE_CURVE('',#5293,#5292,#2761,.T.);
#6694=EDGE_CURVE('',#4912,#5293,#2762,.T.);
#6695=EDGE_CURVE('',#4914,#5294,#2763,.T.);
#6696=EDGE_CURVE('',#4913,#5295,#2764,.T.);
#6697=EDGE_CURVE('',#5294,#5295,#2765,.T.);
#6698=EDGE_CURVE('',#5295,#5293,#2766,.T.);
#6699=EDGE_CURVE('',#5288,#5294,#4403,.T.);
#6700=EDGE_CURVE('',#5296,#4907,#2767,.T.);
#6701=EDGE_CURVE('',#5297,#5296,#2768,.T.);
#6702=EDGE_CURVE('',#4908,#5297,#2769,.T.);
#6703=EDGE_CURVE('',#4910,#5298,#2770,.T.);
#6704=EDGE_CURVE('',#4909,#5299,#2771,.T.);
#6705=EDGE_CURVE('',#5298,#5299,#2772,.T.);
#6706=EDGE_CURVE('',#5299,#5297,#2773,.T.);
#6707=EDGE_CURVE('',#5292,#5298,#4404,.T.);
#6708=EDGE_CURVE('',#5300,#4903,#2774,.T.);
#6709=EDGE_CURVE('',#5301,#5300,#2775,.T.);
#6710=EDGE_CURVE('',#4904,#5301,#2776,.T.);
#6711=EDGE_CURVE('',#4906,#5302,#2777,.T.);
#6712=EDGE_CURVE('',#4905,#5303,#2778,.T.);
#6713=EDGE_CURVE('',#5302,#5303,#2779,.T.);
#6714=EDGE_CURVE('',#5303,#5301,#2780,.T.);
#6715=EDGE_CURVE('',#5296,#5302,#4405,.T.);
#6716=EDGE_CURVE('',#5304,#4899,#2781,.T.);
#6717=EDGE_CURVE('',#5305,#5304,#2782,.T.);
#6718=EDGE_CURVE('',#4900,#5305,#2783,.T.);
#6719=EDGE_CURVE('',#4902,#5306,#2784,.T.);
#6720=EDGE_CURVE('',#4901,#5307,#2785,.T.);
#6721=EDGE_CURVE('',#5306,#5307,#2786,.T.);
#6722=EDGE_CURVE('',#5307,#5305,#2787,.T.);
#6723=EDGE_CURVE('',#5300,#5306,#4406,.T.);
#6724=EDGE_CURVE('',#5308,#4895,#2788,.T.);
#6725=EDGE_CURVE('',#5309,#5308,#2789,.T.);
#6726=EDGE_CURVE('',#4896,#5309,#2790,.T.);
#6727=EDGE_CURVE('',#4898,#5310,#2791,.T.);
#6728=EDGE_CURVE('',#4897,#5311,#2792,.T.);
#6729=EDGE_CURVE('',#5310,#5311,#2793,.T.);
#6730=EDGE_CURVE('',#5311,#5309,#2794,.T.);
#6731=EDGE_CURVE('',#5304,#5310,#4407,.T.);
#6732=EDGE_CURVE('',#5312,#4891,#2795,.T.);
#6733=EDGE_CURVE('',#5313,#5312,#2796,.T.);
#6734=EDGE_CURVE('',#4892,#5313,#2797,.T.);
#6735=EDGE_CURVE('',#4894,#5314,#2798,.T.);
#6736=EDGE_CURVE('',#4893,#5315,#2799,.T.);
#6737=EDGE_CURVE('',#5314,#5315,#2800,.T.);
#6738=EDGE_CURVE('',#5315,#5313,#2801,.T.);
#6739=EDGE_CURVE('',#5308,#5314,#4408,.T.);
#6740=EDGE_CURVE('',#5316,#4887,#2802,.T.);
#6741=EDGE_CURVE('',#5317,#5316,#2803,.T.);
#6742=EDGE_CURVE('',#4888,#5317,#2804,.T.);
#6743=EDGE_CURVE('',#4890,#5318,#2805,.T.);
#6744=EDGE_CURVE('',#4889,#5319,#2806,.T.);
#6745=EDGE_CURVE('',#5318,#5319,#2807,.T.);
#6746=EDGE_CURVE('',#5319,#5317,#2808,.T.);
#6747=EDGE_CURVE('',#5312,#5318,#4409,.T.);
#6748=EDGE_CURVE('',#5320,#4883,#2809,.T.);
#6749=EDGE_CURVE('',#5321,#5320,#2810,.T.);
#6750=EDGE_CURVE('',#4884,#5321,#2811,.T.);
#6751=EDGE_CURVE('',#4886,#5322,#2812,.T.);
#6752=EDGE_CURVE('',#4885,#5323,#2813,.T.);
#6753=EDGE_CURVE('',#5322,#5323,#2814,.T.);
#6754=EDGE_CURVE('',#5323,#5321,#2815,.T.);
#6755=EDGE_CURVE('',#5316,#5322,#4410,.T.);
#6756=EDGE_CURVE('',#5324,#4879,#2816,.T.);
#6757=EDGE_CURVE('',#5325,#5324,#2817,.T.);
#6758=EDGE_CURVE('',#4880,#5325,#2818,.T.);
#6759=EDGE_CURVE('',#4882,#5326,#2819,.T.);
#6760=EDGE_CURVE('',#4881,#5327,#2820,.T.);
#6761=EDGE_CURVE('',#5326,#5327,#2821,.T.);
#6762=EDGE_CURVE('',#5327,#5325,#2822,.T.);
#6763=EDGE_CURVE('',#5320,#5326,#4411,.T.);
#6764=EDGE_CURVE('',#5328,#4875,#2823,.T.);
#6765=EDGE_CURVE('',#5329,#5328,#2824,.T.);
#6766=EDGE_CURVE('',#4876,#5329,#2825,.T.);
#6767=EDGE_CURVE('',#4878,#5330,#2826,.T.);
#6768=EDGE_CURVE('',#4877,#5331,#2827,.T.);
#6769=EDGE_CURVE('',#5330,#5331,#2828,.T.);
#6770=EDGE_CURVE('',#5331,#5329,#2829,.T.);
#6771=EDGE_CURVE('',#5324,#5330,#4412,.T.);
#6772=EDGE_CURVE('',#5332,#4871,#2830,.T.);
#6773=EDGE_CURVE('',#5333,#5332,#2831,.T.);
#6774=EDGE_CURVE('',#4872,#5333,#2832,.T.);
#6775=EDGE_CURVE('',#4874,#5334,#2833,.T.);
#6776=EDGE_CURVE('',#4873,#5335,#2834,.T.);
#6777=EDGE_CURVE('',#5334,#5335,#2835,.T.);
#6778=EDGE_CURVE('',#5335,#5333,#2836,.T.);
#6779=EDGE_CURVE('',#5328,#5334,#4413,.T.);
#6780=EDGE_CURVE('',#5336,#5103,#2837,.T.);
#6781=EDGE_CURVE('',#4868,#5336,#2838,.T.);
#6782=EDGE_CURVE('',#4870,#5337,#2839,.T.);
#6783=EDGE_CURVE('',#4869,#5338,#2840,.T.);
#6784=EDGE_CURVE('',#5337,#5338,#2841,.T.);
#6785=EDGE_CURVE('',#5338,#5336,#2842,.T.);
#6786=EDGE_CURVE('',#5332,#5337,#4414,.T.);
#6787=EDGE_CURVE('',#5339,#5339,#4415,.T.);
#6788=EDGE_CURVE('',#5339,#5340,#2843,.T.);
#6789=EDGE_CURVE('',#5340,#5340,#4416,.T.);
#6790=EDGE_CURVE('',#5341,#5342,#2844,.T.);
#6791=EDGE_CURVE('',#5343,#5341,#2845,.T.);
#6792=EDGE_CURVE('',#5344,#5343,#2846,.T.);
#6793=EDGE_CURVE('',#5342,#5344,#2847,.T.);
#6794=EDGE_CURVE('',#5345,#5346,#2848,.T.);
#6795=EDGE_CURVE('',#5347,#5345,#2849,.T.);
#6796=EDGE_CURVE('',#5347,#5348,#2850,.T.);
#6797=EDGE_CURVE('',#5346,#5348,#2851,.T.);
#6798=EDGE_CURVE('',#5348,#5343,#2852,.T.);
#6799=EDGE_CURVE('',#5344,#5347,#2853,.T.);
#6800=EDGE_CURVE('',#5345,#5349,#4417,.T.);
#6801=EDGE_CURVE('',#5349,#5350,#2854,.T.);
#6802=EDGE_CURVE('',#5350,#5351,#2855,.T.);
#6803=EDGE_CURVE('',#5351,#5352,#2856,.T.);
#6804=EDGE_CURVE('',#5352,#5353,#4418,.T.);
#6805=EDGE_CURVE('',#5353,#5354,#2857,.T.);
#6806=EDGE_CURVE('',#5354,#5355,#2858,.T.);
#6807=EDGE_CURVE('',#5355,#5356,#2859,.T.);
#6808=EDGE_CURVE('',#5356,#5357,#4419,.T.);
#6809=EDGE_CURVE('',#5357,#5358,#2860,.T.);
#6810=EDGE_CURVE('',#5358,#5359,#2861,.T.);
#6811=EDGE_CURVE('',#5359,#5360,#2862,.T.);
#6812=EDGE_CURVE('',#5360,#5361,#4420,.T.);
#6813=EDGE_CURVE('',#5361,#5362,#2863,.T.);
#6814=EDGE_CURVE('',#5362,#5363,#2864,.T.);
#6815=EDGE_CURVE('',#5363,#5364,#2865,.T.);
#6816=EDGE_CURVE('',#5364,#5365,#4421,.T.);
#6817=EDGE_CURVE('',#5365,#5366,#2866,.T.);
#6818=EDGE_CURVE('',#5366,#5367,#2867,.T.);
#6819=EDGE_CURVE('',#5367,#5368,#2868,.T.);
#6820=EDGE_CURVE('',#5368,#5369,#4422,.T.);
#6821=EDGE_CURVE('',#5369,#5370,#2869,.T.);
#6822=EDGE_CURVE('',#5370,#5371,#2870,.T.);
#6823=EDGE_CURVE('',#5371,#5372,#2871,.T.);
#6824=EDGE_CURVE('',#5372,#5373,#4423,.T.);
#6825=EDGE_CURVE('',#5373,#5374,#2872,.T.);
#6826=EDGE_CURVE('',#5374,#5375,#2873,.T.);
#6827=EDGE_CURVE('',#5375,#5376,#2874,.T.);
#6828=EDGE_CURVE('',#5376,#5377,#4424,.T.);
#6829=EDGE_CURVE('',#5377,#5378,#2875,.T.);
#6830=EDGE_CURVE('',#5378,#5379,#2876,.T.);
#6831=EDGE_CURVE('',#5379,#5380,#2877,.T.);
#6832=EDGE_CURVE('',#5380,#5381,#4425,.T.);
#6833=EDGE_CURVE('',#5381,#5382,#2878,.T.);
#6834=EDGE_CURVE('',#5382,#5383,#2879,.T.);
#6835=EDGE_CURVE('',#5383,#5384,#2880,.T.);
#6836=EDGE_CURVE('',#5384,#5385,#4426,.T.);
#6837=EDGE_CURVE('',#5385,#5386,#2881,.T.);
#6838=EDGE_CURVE('',#5386,#5387,#2882,.T.);
#6839=EDGE_CURVE('',#5387,#5388,#2883,.T.);
#6840=EDGE_CURVE('',#5388,#5389,#4427,.T.);
#6841=EDGE_CURVE('',#5389,#5390,#2884,.T.);
#6842=EDGE_CURVE('',#5390,#5391,#2885,.T.);
#6843=EDGE_CURVE('',#5391,#5392,#2886,.T.);
#6844=EDGE_CURVE('',#5392,#5342,#4428,.T.);
#6845=EDGE_CURVE('',#5393,#5346,#4429,.T.);
#6846=EDGE_CURVE('',#5393,#5349,#2887,.T.);
#6847=EDGE_CURVE('',#5394,#5389,#2888,.T.);
#6848=EDGE_CURVE('',#5395,#5394,#2889,.T.);
#6849=EDGE_CURVE('',#5390,#5395,#2890,.T.);
#6850=EDGE_CURVE('',#5392,#5396,#2891,.T.);
#6851=EDGE_CURVE('',#5391,#5397,#2892,.T.);
#6852=EDGE_CURVE('',#5396,#5397,#2893,.T.);
#6853=EDGE_CURVE('',#5397,#5395,#2894,.T.);
#6854=EDGE_CURVE('',#5341,#5396,#4430,.T.);
#6855=EDGE_CURVE('',#5398,#5385,#2895,.T.);
#6856=EDGE_CURVE('',#5399,#5398,#2896,.T.);
#6857=EDGE_CURVE('',#5386,#5399,#2897,.T.);
#6858=EDGE_CURVE('',#5388,#5400,#2898,.T.);
#6859=EDGE_CURVE('',#5387,#5401,#2899,.T.);
#6860=EDGE_CURVE('',#5400,#5401,#2900,.T.);
#6861=EDGE_CURVE('',#5401,#5399,#2901,.T.);
#6862=EDGE_CURVE('',#5394,#5400,#4431,.T.);
#6863=EDGE_CURVE('',#5402,#5381,#2902,.T.);
#6864=EDGE_CURVE('',#5403,#5402,#2903,.T.);
#6865=EDGE_CURVE('',#5382,#5403,#2904,.T.);
#6866=EDGE_CURVE('',#5384,#5404,#2905,.T.);
#6867=EDGE_CURVE('',#5383,#5405,#2906,.T.);
#6868=EDGE_CURVE('',#5404,#5405,#2907,.T.);
#6869=EDGE_CURVE('',#5405,#5403,#2908,.T.);
#6870=EDGE_CURVE('',#5398,#5404,#4432,.T.);
#6871=EDGE_CURVE('',#5406,#5377,#2909,.T.);
#6872=EDGE_CURVE('',#5407,#5406,#2910,.T.);
#6873=EDGE_CURVE('',#5378,#5407,#2911,.T.);
#6874=EDGE_CURVE('',#5380,#5408,#2912,.T.);
#6875=EDGE_CURVE('',#5379,#5409,#2913,.T.);
#6876=EDGE_CURVE('',#5408,#5409,#2914,.T.);
#6877=EDGE_CURVE('',#5409,#5407,#2915,.T.);
#6878=EDGE_CURVE('',#5402,#5408,#4433,.T.);
#6879=EDGE_CURVE('',#5410,#5373,#2916,.T.);
#6880=EDGE_CURVE('',#5411,#5410,#2917,.T.);
#6881=EDGE_CURVE('',#5374,#5411,#2918,.T.);
#6882=EDGE_CURVE('',#5376,#5412,#2919,.T.);
#6883=EDGE_CURVE('',#5375,#5413,#2920,.T.);
#6884=EDGE_CURVE('',#5412,#5413,#2921,.T.);
#6885=EDGE_CURVE('',#5413,#5411,#2922,.T.);
#6886=EDGE_CURVE('',#5406,#5412,#4434,.T.);
#6887=EDGE_CURVE('',#5414,#5369,#2923,.T.);
#6888=EDGE_CURVE('',#5415,#5414,#2924,.T.);
#6889=EDGE_CURVE('',#5370,#5415,#2925,.T.);
#6890=EDGE_CURVE('',#5372,#5416,#2926,.T.);
#6891=EDGE_CURVE('',#5371,#5417,#2927,.T.);
#6892=EDGE_CURVE('',#5416,#5417,#2928,.T.);
#6893=EDGE_CURVE('',#5417,#5415,#2929,.T.);
#6894=EDGE_CURVE('',#5410,#5416,#4435,.T.);
#6895=EDGE_CURVE('',#5418,#5365,#2930,.T.);
#6896=EDGE_CURVE('',#5419,#5418,#2931,.T.);
#6897=EDGE_CURVE('',#5366,#5419,#2932,.T.);
#6898=EDGE_CURVE('',#5368,#5420,#2933,.T.);
#6899=EDGE_CURVE('',#5367,#5421,#2934,.T.);
#6900=EDGE_CURVE('',#5420,#5421,#2935,.T.);
#6901=EDGE_CURVE('',#5421,#5419,#2936,.T.);
#6902=EDGE_CURVE('',#5414,#5420,#4436,.T.);
#6903=EDGE_CURVE('',#5422,#5361,#2937,.T.);
#6904=EDGE_CURVE('',#5423,#5422,#2938,.T.);
#6905=EDGE_CURVE('',#5362,#5423,#2939,.T.);
#6906=EDGE_CURVE('',#5364,#5424,#2940,.T.);
#6907=EDGE_CURVE('',#5363,#5425,#2941,.T.);
#6908=EDGE_CURVE('',#5424,#5425,#2942,.T.);
#6909=EDGE_CURVE('',#5425,#5423,#2943,.T.);
#6910=EDGE_CURVE('',#5418,#5424,#4437,.T.);
#6911=EDGE_CURVE('',#5426,#5357,#2944,.T.);
#6912=EDGE_CURVE('',#5427,#5426,#2945,.T.);
#6913=EDGE_CURVE('',#5358,#5427,#2946,.T.);
#6914=EDGE_CURVE('',#5360,#5428,#2947,.T.);
#6915=EDGE_CURVE('',#5359,#5429,#2948,.T.);
#6916=EDGE_CURVE('',#5428,#5429,#2949,.T.);
#6917=EDGE_CURVE('',#5429,#5427,#2950,.T.);
#6918=EDGE_CURVE('',#5422,#5428,#4438,.T.);
#6919=EDGE_CURVE('',#5430,#5353,#2951,.T.);
#6920=EDGE_CURVE('',#5431,#5430,#2952,.T.);
#6921=EDGE_CURVE('',#5354,#5431,#2953,.T.);
#6922=EDGE_CURVE('',#5356,#5432,#2954,.T.);
#6923=EDGE_CURVE('',#5355,#5433,#2955,.T.);
#6924=EDGE_CURVE('',#5432,#5433,#2956,.T.);
#6925=EDGE_CURVE('',#5433,#5431,#2957,.T.);
#6926=EDGE_CURVE('',#5426,#5432,#4439,.T.);
#6927=EDGE_CURVE('',#5434,#5393,#2958,.T.);
#6928=EDGE_CURVE('',#5350,#5434,#2959,.T.);
#6929=EDGE_CURVE('',#5352,#5435,#2960,.T.);
#6930=EDGE_CURVE('',#5351,#5436,#2961,.T.);
#6931=EDGE_CURVE('',#5435,#5436,#2962,.T.);
#6932=EDGE_CURVE('',#5436,#5434,#2963,.T.);
#6933=EDGE_CURVE('',#5430,#5435,#4440,.T.);
#6934=ORIENTED_EDGE('',*,*,#5437,.T.);
#6935=ORIENTED_EDGE('',*,*,#5438,.T.);
#6936=ORIENTED_EDGE('',*,*,#5439,.T.);
#6937=ORIENTED_EDGE('',*,*,#5438,.F.);
#6938=ORIENTED_EDGE('',*,*,#5440,.F.);
#6939=ORIENTED_EDGE('',*,*,#5441,.F.);
#6940=ORIENTED_EDGE('',*,*,#5442,.F.);
#6941=ORIENTED_EDGE('',*,*,#5443,.F.);
#6942=ORIENTED_EDGE('',*,*,#5444,.T.);
#6943=ORIENTED_EDGE('',*,*,#5441,.T.);
#6944=ORIENTED_EDGE('',*,*,#5445,.F.);
#6945=ORIENTED_EDGE('',*,*,#5446,.F.);
#6946=ORIENTED_EDGE('',*,*,#5447,.F.);
#6947=ORIENTED_EDGE('',*,*,#5442,.T.);
#6948=ORIENTED_EDGE('',*,*,#5444,.F.);
#6949=ORIENTED_EDGE('',*,*,#5445,.T.);
#6950=ORIENTED_EDGE('',*,*,#5440,.T.);
#6951=ORIENTED_EDGE('',*,*,#5447,.T.);
#6952=ORIENTED_EDGE('',*,*,#5448,.F.);
#6953=ORIENTED_EDGE('',*,*,#5449,.F.);
#6954=ORIENTED_EDGE('',*,*,#5450,.F.);
#6955=ORIENTED_EDGE('',*,*,#5451,.T.);
#6956=ORIENTED_EDGE('',*,*,#5452,.F.);
#6957=ORIENTED_EDGE('',*,*,#5453,.F.);
#6958=ORIENTED_EDGE('',*,*,#5454,.F.);
#6959=ORIENTED_EDGE('',*,*,#5455,.F.);
#6960=ORIENTED_EDGE('',*,*,#5456,.F.);
#6961=ORIENTED_EDGE('',*,*,#5457,.T.);
#6962=ORIENTED_EDGE('',*,*,#5454,.T.);
#6963=ORIENTED_EDGE('',*,*,#5458,.F.);
#6964=ORIENTED_EDGE('',*,*,#5459,.F.);
#6965=ORIENTED_EDGE('',*,*,#5460,.F.);
#6966=ORIENTED_EDGE('',*,*,#5455,.T.);
#6967=ORIENTED_EDGE('',*,*,#5457,.F.);
#6968=ORIENTED_EDGE('',*,*,#5458,.T.);
#6969=ORIENTED_EDGE('',*,*,#5453,.T.);
#6970=ORIENTED_EDGE('',*,*,#5460,.T.);
#6971=ORIENTED_EDGE('',*,*,#5461,.F.);
#6972=ORIENTED_EDGE('',*,*,#5462,.F.);
#6973=ORIENTED_EDGE('',*,*,#5463,.F.);
#6974=ORIENTED_EDGE('',*,*,#5464,.T.);
#6975=ORIENTED_EDGE('',*,*,#5465,.F.);
#6976=ORIENTED_EDGE('',*,*,#5466,.F.);
#6977=ORIENTED_EDGE('',*,*,#5467,.T.);
#6978=ORIENTED_EDGE('',*,*,#5468,.T.);
#6979=ORIENTED_EDGE('',*,*,#5469,.F.);
#6980=ORIENTED_EDGE('',*,*,#5470,.F.);
#6981=ORIENTED_EDGE('',*,*,#5471,.F.);
#6982=ORIENTED_EDGE('',*,*,#5472,.T.);
#6983=ORIENTED_EDGE('',*,*,#5467,.F.);
#6984=ORIENTED_EDGE('',*,*,#5473,.F.);
#6985=ORIENTED_EDGE('',*,*,#5468,.F.);
#6986=ORIENTED_EDGE('',*,*,#5472,.F.);
#6987=ORIENTED_EDGE('',*,*,#5474,.T.);
#6988=ORIENTED_EDGE('',*,*,#5475,.T.);
#6989=ORIENTED_EDGE('',*,*,#5476,.T.);
#6990=ORIENTED_EDGE('',*,*,#5477,.T.);
#6991=ORIENTED_EDGE('',*,*,#5478,.T.);
#6992=ORIENTED_EDGE('',*,*,#5479,.T.);
#6993=ORIENTED_EDGE('',*,*,#5480,.T.);
#6994=ORIENTED_EDGE('',*,*,#5481,.T.);
#6995=ORIENTED_EDGE('',*,*,#5482,.T.);
#6996=ORIENTED_EDGE('',*,*,#5483,.T.);
#6997=ORIENTED_EDGE('',*,*,#5484,.T.);
#6998=ORIENTED_EDGE('',*,*,#5485,.T.);
#6999=ORIENTED_EDGE('',*,*,#5486,.T.);
#7000=ORIENTED_EDGE('',*,*,#5487,.T.);
#7001=ORIENTED_EDGE('',*,*,#5488,.T.);
#7002=ORIENTED_EDGE('',*,*,#5489,.T.);
#7003=ORIENTED_EDGE('',*,*,#5446,.T.);
#7004=ORIENTED_EDGE('',*,*,#5452,.T.);
#7005=ORIENTED_EDGE('',*,*,#5490,.T.);
#7006=ORIENTED_EDGE('',*,*,#5461,.T.);
#7007=ORIENTED_EDGE('',*,*,#5459,.T.);
#7008=ORIENTED_EDGE('',*,*,#5465,.T.);
#7009=ORIENTED_EDGE('',*,*,#5491,.T.);
#7010=ORIENTED_EDGE('',*,*,#5492,.T.);
#7011=ORIENTED_EDGE('',*,*,#5493,.T.);
#7012=ORIENTED_EDGE('',*,*,#5494,.T.);
#7013=ORIENTED_EDGE('',*,*,#5495,.T.);
#7014=ORIENTED_EDGE('',*,*,#5496,.T.);
#7015=ORIENTED_EDGE('',*,*,#5497,.T.);
#7016=ORIENTED_EDGE('',*,*,#5498,.T.);
#7017=ORIENTED_EDGE('',*,*,#5499,.T.);
#7018=ORIENTED_EDGE('',*,*,#5500,.T.);
#7019=ORIENTED_EDGE('',*,*,#5501,.T.);
#7020=ORIENTED_EDGE('',*,*,#5502,.T.);
#7021=ORIENTED_EDGE('',*,*,#5503,.T.);
#7022=ORIENTED_EDGE('',*,*,#5504,.T.);
#7023=ORIENTED_EDGE('',*,*,#5505,.T.);
#7024=ORIENTED_EDGE('',*,*,#5506,.T.);
#7025=ORIENTED_EDGE('',*,*,#5507,.T.);
#7026=ORIENTED_EDGE('',*,*,#5508,.T.);
#7027=ORIENTED_EDGE('',*,*,#5509,.T.);
#7028=ORIENTED_EDGE('',*,*,#5510,.T.);
#7029=ORIENTED_EDGE('',*,*,#5511,.T.);
#7030=ORIENTED_EDGE('',*,*,#5512,.T.);
#7031=ORIENTED_EDGE('',*,*,#5513,.T.);
#7032=ORIENTED_EDGE('',*,*,#5514,.T.);
#7033=ORIENTED_EDGE('',*,*,#5515,.T.);
#7034=ORIENTED_EDGE('',*,*,#5516,.T.);
#7035=ORIENTED_EDGE('',*,*,#5517,.T.);
#7036=ORIENTED_EDGE('',*,*,#5518,.T.);
#7037=ORIENTED_EDGE('',*,*,#5519,.T.);
#7038=ORIENTED_EDGE('',*,*,#5470,.T.);
#7039=ORIENTED_EDGE('',*,*,#5520,.T.);
#7040=ORIENTED_EDGE('',*,*,#5521,.T.);
#7041=ORIENTED_EDGE('',*,*,#5522,.T.);
#7042=ORIENTED_EDGE('',*,*,#5448,.T.);
#7043=ORIENTED_EDGE('',*,*,#5523,.T.);
#7044=ORIENTED_EDGE('',*,*,#5524,.T.);
#7045=ORIENTED_EDGE('',*,*,#5525,.T.);
#7046=ORIENTED_EDGE('',*,*,#5526,.T.);
#7047=ORIENTED_EDGE('',*,*,#5527,.F.);
#7048=ORIENTED_EDGE('',*,*,#5528,.F.);
#7049=ORIENTED_EDGE('',*,*,#5529,.F.);
#7050=ORIENTED_EDGE('',*,*,#5530,.F.);
#7051=ORIENTED_EDGE('',*,*,#5531,.T.);
#7052=ORIENTED_EDGE('',*,*,#5528,.T.);
#7053=ORIENTED_EDGE('',*,*,#5532,.F.);
#7054=ORIENTED_EDGE('',*,*,#5494,.F.);
#7055=ORIENTED_EDGE('',*,*,#5533,.F.);
#7056=ORIENTED_EDGE('',*,*,#5529,.T.);
#7057=ORIENTED_EDGE('',*,*,#5531,.F.);
#7058=ORIENTED_EDGE('',*,*,#5534,.F.);
#7059=ORIENTED_EDGE('',*,*,#5535,.T.);
#7060=ORIENTED_EDGE('',*,*,#5536,.T.);
#7061=ORIENTED_EDGE('',*,*,#5537,.T.);
#7062=ORIENTED_EDGE('',*,*,#5538,.F.);
#7063=ORIENTED_EDGE('',*,*,#5539,.F.);
#7064=ORIENTED_EDGE('',*,*,#5503,.F.);
#7065=ORIENTED_EDGE('',*,*,#5540,.T.);
#7066=ORIENTED_EDGE('',*,*,#5541,.T.);
#7067=ORIENTED_EDGE('',*,*,#5542,.T.);
#7068=ORIENTED_EDGE('',*,*,#5499,.F.);
#7069=ORIENTED_EDGE('',*,*,#5543,.F.);
#7070=ORIENTED_EDGE('',*,*,#5495,.F.);
#7071=ORIENTED_EDGE('',*,*,#5532,.T.);
#7072=ORIENTED_EDGE('',*,*,#5527,.T.);
#7073=ORIENTED_EDGE('',*,*,#5533,.T.);
#7074=ORIENTED_EDGE('',*,*,#5493,.F.);
#7075=ORIENTED_EDGE('',*,*,#5544,.T.);
#7076=ORIENTED_EDGE('',*,*,#5545,.T.);
#7077=ORIENTED_EDGE('',*,*,#5546,.T.);
#7078=ORIENTED_EDGE('',*,*,#5520,.F.);
#7079=ORIENTED_EDGE('',*,*,#5469,.T.);
#7080=ORIENTED_EDGE('',*,*,#5473,.T.);
#7081=ORIENTED_EDGE('',*,*,#5471,.T.);
#7082=ORIENTED_EDGE('',*,*,#5519,.F.);
#7083=ORIENTED_EDGE('',*,*,#5547,.F.);
#7084=ORIENTED_EDGE('',*,*,#5515,.F.);
#7085=ORIENTED_EDGE('',*,*,#5548,.T.);
#7086=ORIENTED_EDGE('',*,*,#5549,.T.);
#7087=ORIENTED_EDGE('',*,*,#5550,.T.);
#7088=ORIENTED_EDGE('',*,*,#5511,.F.);
#7089=ORIENTED_EDGE('',*,*,#5551,.F.);
#7090=ORIENTED_EDGE('',*,*,#5552,.F.);
#7091=ORIENTED_EDGE('',*,*,#5553,.T.);
#7092=ORIENTED_EDGE('',*,*,#5554,.T.);
#7093=ORIENTED_EDGE('',*,*,#5535,.F.);
#7094=ORIENTED_EDGE('',*,*,#5555,.F.);
#7095=ORIENTED_EDGE('',*,*,#5556,.T.);
#7096=ORIENTED_EDGE('',*,*,#5557,.T.);
#7097=ORIENTED_EDGE('',*,*,#5556,.F.);
#7098=ORIENTED_EDGE('',*,*,#5557,.F.);
#7099=ORIENTED_EDGE('',*,*,#5558,.F.);
#7100=ORIENTED_EDGE('',*,*,#5559,.T.);
#7101=ORIENTED_EDGE('',*,*,#5560,.T.);
#7102=ORIENTED_EDGE('',*,*,#5559,.F.);
#7103=ORIENTED_EDGE('',*,*,#5560,.F.);
#7104=ORIENTED_EDGE('',*,*,#5561,.F.);
#7105=ORIENTED_EDGE('',*,*,#5562,.T.);
#7106=ORIENTED_EDGE('',*,*,#5563,.T.);
#7107=ORIENTED_EDGE('',*,*,#5562,.F.);
#7108=ORIENTED_EDGE('',*,*,#5563,.F.);
#7109=ORIENTED_EDGE('',*,*,#5564,.F.);
#7110=ORIENTED_EDGE('',*,*,#5565,.T.);
#7111=ORIENTED_EDGE('',*,*,#5566,.T.);
#7112=ORIENTED_EDGE('',*,*,#5565,.F.);
#7113=ORIENTED_EDGE('',*,*,#5566,.F.);
#7114=ORIENTED_EDGE('',*,*,#5567,.T.);
#7115=ORIENTED_EDGE('',*,*,#5568,.T.);
#7116=ORIENTED_EDGE('',*,*,#5569,.F.);
#7117=ORIENTED_EDGE('',*,*,#5568,.F.);
#7118=ORIENTED_EDGE('',*,*,#5567,.F.);
#7119=ORIENTED_EDGE('',*,*,#5570,.T.);
#7120=ORIENTED_EDGE('',*,*,#5571,.T.);
#7121=ORIENTED_EDGE('',*,*,#5572,.F.);
#7122=ORIENTED_EDGE('',*,*,#5571,.F.);
#7123=ORIENTED_EDGE('',*,*,#5570,.F.);
#7124=ORIENTED_EDGE('',*,*,#5573,.T.);
#7125=ORIENTED_EDGE('',*,*,#5574,.T.);
#7126=ORIENTED_EDGE('',*,*,#5575,.T.);
#7127=ORIENTED_EDGE('',*,*,#5576,.T.);
#7128=ORIENTED_EDGE('',*,*,#5569,.T.);
#7129=ORIENTED_EDGE('',*,*,#5572,.T.);
#7130=ORIENTED_EDGE('',*,*,#5577,.T.);
#7131=ORIENTED_EDGE('',*,*,#5507,.F.);
#7132=ORIENTED_EDGE('',*,*,#5578,.F.);
#7133=ORIENTED_EDGE('',*,*,#5575,.F.);
#7134=ORIENTED_EDGE('',*,*,#5579,.T.);
#7135=ORIENTED_EDGE('',*,*,#5580,.F.);
#7136=ORIENTED_EDGE('',*,*,#5581,.F.);
#7137=ORIENTED_EDGE('',*,*,#5573,.F.);
#7138=ORIENTED_EDGE('',*,*,#5580,.T.);
#7139=ORIENTED_EDGE('',*,*,#5582,.T.);
#7140=ORIENTED_EDGE('',*,*,#5538,.T.);
#7141=ORIENTED_EDGE('',*,*,#5583,.T.);
#7142=ORIENTED_EDGE('',*,*,#5584,.T.);
#7143=ORIENTED_EDGE('',*,*,#5585,.T.);
#7144=ORIENTED_EDGE('',*,*,#5552,.T.);
#7145=ORIENTED_EDGE('',*,*,#5586,.T.);
#7146=ORIENTED_EDGE('',*,*,#5587,.T.);
#7147=ORIENTED_EDGE('',*,*,#5588,.T.);
#7148=ORIENTED_EDGE('',*,*,#5589,.F.);
#7149=ORIENTED_EDGE('',*,*,#5588,.F.);
#7150=ORIENTED_EDGE('',*,*,#5587,.F.);
#7151=ORIENTED_EDGE('',*,*,#5590,.T.);
#7152=ORIENTED_EDGE('',*,*,#5591,.T.);
#7153=ORIENTED_EDGE('',*,*,#5592,.F.);
#7154=ORIENTED_EDGE('',*,*,#5591,.F.);
#7155=ORIENTED_EDGE('',*,*,#5590,.F.);
#7156=ORIENTED_EDGE('',*,*,#5593,.F.);
#7157=ORIENTED_EDGE('',*,*,#5594,.F.);
#7158=ORIENTED_EDGE('',*,*,#5595,.F.);
#7159=ORIENTED_EDGE('',*,*,#5491,.F.);
#7160=ORIENTED_EDGE('',*,*,#5464,.F.);
#7161=ORIENTED_EDGE('',*,*,#5596,.F.);
#7162=ORIENTED_EDGE('',*,*,#5449,.T.);
#7163=ORIENTED_EDGE('',*,*,#5522,.F.);
#7164=ORIENTED_EDGE('',*,*,#5597,.T.);
#7165=ORIENTED_EDGE('',*,*,#5450,.T.);
#7166=ORIENTED_EDGE('',*,*,#5596,.T.);
#7167=ORIENTED_EDGE('',*,*,#5463,.T.);
#7168=ORIENTED_EDGE('',*,*,#5589,.T.);
#7169=ORIENTED_EDGE('',*,*,#5592,.T.);
#7170=ORIENTED_EDGE('',*,*,#5462,.T.);
#7171=ORIENTED_EDGE('',*,*,#5490,.F.);
#7172=ORIENTED_EDGE('',*,*,#5451,.F.);
#7173=ORIENTED_EDGE('',*,*,#5597,.F.);
#7174=ORIENTED_EDGE('',*,*,#5593,.T.);
#7175=ORIENTED_EDGE('',*,*,#5521,.F.);
#7176=ORIENTED_EDGE('',*,*,#5546,.F.);
#7177=ORIENTED_EDGE('',*,*,#5598,.F.);
#7178=ORIENTED_EDGE('',*,*,#5541,.F.);
#7179=ORIENTED_EDGE('',*,*,#5599,.T.);
#7180=ORIENTED_EDGE('',*,*,#5600,.T.);
#7181=ORIENTED_EDGE('',*,*,#5601,.T.);
#7182=ORIENTED_EDGE('',*,*,#5540,.F.);
#7183=ORIENTED_EDGE('',*,*,#5502,.F.);
#7184=ORIENTED_EDGE('',*,*,#5602,.F.);
#7185=ORIENTED_EDGE('',*,*,#5599,.F.);
#7186=ORIENTED_EDGE('',*,*,#5542,.F.);
#7187=ORIENTED_EDGE('',*,*,#5601,.F.);
#7188=ORIENTED_EDGE('',*,*,#5603,.T.);
#7189=ORIENTED_EDGE('',*,*,#5500,.F.);
#7190=ORIENTED_EDGE('',*,*,#5602,.T.);
#7191=ORIENTED_EDGE('',*,*,#5501,.F.);
#7192=ORIENTED_EDGE('',*,*,#5603,.F.);
#7193=ORIENTED_EDGE('',*,*,#5600,.F.);
#7194=ORIENTED_EDGE('',*,*,#5554,.F.);
#7195=ORIENTED_EDGE('',*,*,#5604,.T.);
#7196=ORIENTED_EDGE('',*,*,#5605,.T.);
#7197=ORIENTED_EDGE('',*,*,#5606,.T.);
#7198=ORIENTED_EDGE('',*,*,#5536,.F.);
#7199=ORIENTED_EDGE('',*,*,#5537,.F.);
#7200=ORIENTED_EDGE('',*,*,#5606,.F.);
#7201=ORIENTED_EDGE('',*,*,#5607,.T.);
#7202=ORIENTED_EDGE('',*,*,#5583,.F.);
#7203=ORIENTED_EDGE('',*,*,#5553,.F.);
#7204=ORIENTED_EDGE('',*,*,#5585,.F.);
#7205=ORIENTED_EDGE('',*,*,#5608,.F.);
#7206=ORIENTED_EDGE('',*,*,#5604,.F.);
#7207=ORIENTED_EDGE('',*,*,#5608,.T.);
#7208=ORIENTED_EDGE('',*,*,#5584,.F.);
#7209=ORIENTED_EDGE('',*,*,#5607,.F.);
#7210=ORIENTED_EDGE('',*,*,#5605,.F.);
#7211=ORIENTED_EDGE('',*,*,#5609,.F.);
#7212=ORIENTED_EDGE('',*,*,#5610,.T.);
#7213=ORIENTED_EDGE('',*,*,#5611,.T.);
#7214=ORIENTED_EDGE('',*,*,#5610,.F.);
#7215=ORIENTED_EDGE('',*,*,#5549,.F.);
#7216=ORIENTED_EDGE('',*,*,#5612,.T.);
#7217=ORIENTED_EDGE('',*,*,#5613,.T.);
#7218=ORIENTED_EDGE('',*,*,#5614,.T.);
#7219=ORIENTED_EDGE('',*,*,#5550,.F.);
#7220=ORIENTED_EDGE('',*,*,#5614,.F.);
#7221=ORIENTED_EDGE('',*,*,#5615,.T.);
#7222=ORIENTED_EDGE('',*,*,#5512,.F.);
#7223=ORIENTED_EDGE('',*,*,#5548,.F.);
#7224=ORIENTED_EDGE('',*,*,#5514,.F.);
#7225=ORIENTED_EDGE('',*,*,#5616,.F.);
#7226=ORIENTED_EDGE('',*,*,#5612,.F.);
#7227=ORIENTED_EDGE('',*,*,#5616,.T.);
#7228=ORIENTED_EDGE('',*,*,#5513,.F.);
#7229=ORIENTED_EDGE('',*,*,#5615,.F.);
#7230=ORIENTED_EDGE('',*,*,#5613,.F.);
#7231=ORIENTED_EDGE('',*,*,#5595,.T.);
#7232=ORIENTED_EDGE('',*,*,#5617,.F.);
#7233=ORIENTED_EDGE('',*,*,#5544,.F.);
#7234=ORIENTED_EDGE('',*,*,#5492,.F.);
#7235=ORIENTED_EDGE('',*,*,#5594,.T.);
#7236=ORIENTED_EDGE('',*,*,#5598,.T.);
#7237=ORIENTED_EDGE('',*,*,#5545,.F.);
#7238=ORIENTED_EDGE('',*,*,#5617,.T.);
#7239=ORIENTED_EDGE('',*,*,#5618,.T.);
#7240=ORIENTED_EDGE('',*,*,#5619,.T.);
#7241=ORIENTED_EDGE('',*,*,#5551,.T.);
#7242=ORIENTED_EDGE('',*,*,#5620,.T.);
#7243=ORIENTED_EDGE('',*,*,#5539,.T.);
#7244=ORIENTED_EDGE('',*,*,#5621,.T.);
#7245=ORIENTED_EDGE('',*,*,#5622,.T.);
#7246=ORIENTED_EDGE('',*,*,#5543,.T.);
#7247=ORIENTED_EDGE('',*,*,#5623,.T.);
#7248=ORIENTED_EDGE('',*,*,#5624,.T.);
#7249=ORIENTED_EDGE('',*,*,#5625,.T.);
#7250=ORIENTED_EDGE('',*,*,#5547,.T.);
#7251=ORIENTED_EDGE('',*,*,#5626,.T.);
#7252=ORIENTED_EDGE('',*,*,#5627,.T.);
#7253=ORIENTED_EDGE('',*,*,#5628,.T.);
#7254=ORIENTED_EDGE('',*,*,#5627,.F.);
#7255=ORIENTED_EDGE('',*,*,#5626,.F.);
#7256=ORIENTED_EDGE('',*,*,#5439,.F.);
#7257=ORIENTED_EDGE('',*,*,#5628,.F.);
#7258=ORIENTED_EDGE('',*,*,#5629,.F.);
#7259=ORIENTED_EDGE('',*,*,#5629,.T.);
#7260=ORIENTED_EDGE('',*,*,#5630,.T.);
#7261=ORIENTED_EDGE('',*,*,#5631,.F.);
#7262=ORIENTED_EDGE('',*,*,#5630,.F.);
#7263=ORIENTED_EDGE('',*,*,#5534,.T.);
#7264=ORIENTED_EDGE('',*,*,#5631,.T.);
#7265=ORIENTED_EDGE('',*,*,#5632,.F.);
#7266=ORIENTED_EDGE('',*,*,#5633,.T.);
#7267=ORIENTED_EDGE('',*,*,#5523,.F.);
#7268=ORIENTED_EDGE('',*,*,#5633,.F.);
#7269=ORIENTED_EDGE('',*,*,#5634,.F.);
#7270=ORIENTED_EDGE('',*,*,#5635,.T.);
#7271=ORIENTED_EDGE('',*,*,#5524,.F.);
#7272=ORIENTED_EDGE('',*,*,#5635,.F.);
#7273=ORIENTED_EDGE('',*,*,#5636,.F.);
#7274=ORIENTED_EDGE('',*,*,#5637,.T.);
#7275=ORIENTED_EDGE('',*,*,#5525,.F.);
#7276=ORIENTED_EDGE('',*,*,#5637,.F.);
#7277=ORIENTED_EDGE('',*,*,#5638,.F.);
#7278=ORIENTED_EDGE('',*,*,#5639,.T.);
#7279=ORIENTED_EDGE('',*,*,#5526,.F.);
#7280=ORIENTED_EDGE('',*,*,#5639,.F.);
#7281=ORIENTED_EDGE('',*,*,#5640,.F.);
#7282=ORIENTED_EDGE('',*,*,#5641,.F.);
#7283=ORIENTED_EDGE('',*,*,#5642,.F.);
#7284=ORIENTED_EDGE('',*,*,#5479,.F.);
#7285=ORIENTED_EDGE('',*,*,#5643,.F.);
#7286=ORIENTED_EDGE('',*,*,#5644,.F.);
#7287=ORIENTED_EDGE('',*,*,#5645,.F.);
#7288=ORIENTED_EDGE('',*,*,#5504,.F.);
#7289=ORIENTED_EDGE('',*,*,#5620,.F.);
#7290=ORIENTED_EDGE('',*,*,#5646,.F.);
#7291=ORIENTED_EDGE('',*,*,#5489,.F.);
#7292=ORIENTED_EDGE('',*,*,#5647,.T.);
#7293=ORIENTED_EDGE('',*,*,#5648,.F.);
#7294=ORIENTED_EDGE('',*,*,#5649,.F.);
#7295=ORIENTED_EDGE('',*,*,#5481,.F.);
#7296=ORIENTED_EDGE('',*,*,#5650,.T.);
#7297=ORIENTED_EDGE('',*,*,#5651,.F.);
#7298=ORIENTED_EDGE('',*,*,#5652,.F.);
#7299=ORIENTED_EDGE('',*,*,#5653,.F.);
#7300=ORIENTED_EDGE('',*,*,#5654,.F.);
#7301=ORIENTED_EDGE('',*,*,#5487,.F.);
#7302=ORIENTED_EDGE('',*,*,#5655,.F.);
#7303=ORIENTED_EDGE('',*,*,#5623,.F.);
#7304=ORIENTED_EDGE('',*,*,#5498,.F.);
#7305=ORIENTED_EDGE('',*,*,#5656,.F.);
#7306=ORIENTED_EDGE('',*,*,#5657,.F.);
#7307=ORIENTED_EDGE('',*,*,#5658,.F.);
#7308=ORIENTED_EDGE('',*,*,#5659,.F.);
#7309=ORIENTED_EDGE('',*,*,#5660,.F.);
#7310=ORIENTED_EDGE('',*,*,#5516,.F.);
#7311=ORIENTED_EDGE('',*,*,#5625,.F.);
#7312=ORIENTED_EDGE('',*,*,#5480,.F.);
#7313=ORIENTED_EDGE('',*,*,#5642,.T.);
#7314=ORIENTED_EDGE('',*,*,#5661,.F.);
#7315=ORIENTED_EDGE('',*,*,#5650,.F.);
#7316=ORIENTED_EDGE('',*,*,#5662,.F.);
#7317=ORIENTED_EDGE('',*,*,#5618,.F.);
#7318=ORIENTED_EDGE('',*,*,#5510,.F.);
#7319=ORIENTED_EDGE('',*,*,#5663,.F.);
#7320=ORIENTED_EDGE('',*,*,#5664,.F.);
#7321=ORIENTED_EDGE('',*,*,#5488,.F.);
#7322=ORIENTED_EDGE('',*,*,#5654,.T.);
#7323=ORIENTED_EDGE('',*,*,#5665,.F.);
#7324=ORIENTED_EDGE('',*,*,#5647,.F.);
#7325=ORIENTED_EDGE('',*,*,#5662,.T.);
#7326=ORIENTED_EDGE('',*,*,#5666,.F.);
#7327=ORIENTED_EDGE('',*,*,#5667,.F.);
#7328=ORIENTED_EDGE('',*,*,#5508,.F.);
#7329=ORIENTED_EDGE('',*,*,#5577,.F.);
#7330=ORIENTED_EDGE('',*,*,#5574,.F.);
#7331=ORIENTED_EDGE('',*,*,#5581,.T.);
#7332=ORIENTED_EDGE('',*,*,#5586,.F.);
#7333=ORIENTED_EDGE('',*,*,#5619,.F.);
#7334=ORIENTED_EDGE('',*,*,#5643,.T.);
#7335=ORIENTED_EDGE('',*,*,#5621,.F.);
#7336=ORIENTED_EDGE('',*,*,#5582,.F.);
#7337=ORIENTED_EDGE('',*,*,#5579,.F.);
#7338=ORIENTED_EDGE('',*,*,#5576,.F.);
#7339=ORIENTED_EDGE('',*,*,#5578,.T.);
#7340=ORIENTED_EDGE('',*,*,#5506,.F.);
#7341=ORIENTED_EDGE('',*,*,#5668,.F.);
#7342=ORIENTED_EDGE('',*,*,#5669,.F.);
#7343=ORIENTED_EDGE('',*,*,#5655,.T.);
#7344=ORIENTED_EDGE('',*,*,#5670,.F.);
#7345=ORIENTED_EDGE('',*,*,#5671,.F.);
#7346=ORIENTED_EDGE('',*,*,#5496,.F.);
#7347=ORIENTED_EDGE('',*,*,#5622,.F.);
#7348=ORIENTED_EDGE('',*,*,#5663,.T.);
#7349=ORIENTED_EDGE('',*,*,#5509,.F.);
#7350=ORIENTED_EDGE('',*,*,#5667,.T.);
#7351=ORIENTED_EDGE('',*,*,#5672,.F.);
#7352=ORIENTED_EDGE('',*,*,#5660,.T.);
#7353=ORIENTED_EDGE('',*,*,#5673,.F.);
#7354=ORIENTED_EDGE('',*,*,#5674,.T.);
#7355=ORIENTED_EDGE('',*,*,#5517,.F.);
#7356=ORIENTED_EDGE('',*,*,#5646,.T.);
#7357=ORIENTED_EDGE('',*,*,#5675,.F.);
#7358=ORIENTED_EDGE('',*,*,#5676,.T.);
#7359=ORIENTED_EDGE('',*,*,#5474,.F.);
#7360=ORIENTED_EDGE('',*,*,#5656,.T.);
#7361=ORIENTED_EDGE('',*,*,#5497,.F.);
#7362=ORIENTED_EDGE('',*,*,#5671,.T.);
#7363=ORIENTED_EDGE('',*,*,#5677,.F.);
#7364=ORIENTED_EDGE('',*,*,#5645,.T.);
#7365=ORIENTED_EDGE('',*,*,#5678,.F.);
#7366=ORIENTED_EDGE('',*,*,#5668,.T.);
#7367=ORIENTED_EDGE('',*,*,#5505,.F.);
#7368=ORIENTED_EDGE('',*,*,#5649,.T.);
#7369=ORIENTED_EDGE('',*,*,#5679,.F.);
#7370=ORIENTED_EDGE('',*,*,#5680,.T.);
#7371=ORIENTED_EDGE('',*,*,#5482,.F.);
#7372=ORIENTED_EDGE('',*,*,#5681,.T.);
#7373=ORIENTED_EDGE('',*,*,#5682,.T.);
#7374=ORIENTED_EDGE('',*,*,#5683,.T.);
#7375=ORIENTED_EDGE('',*,*,#5684,.T.);
#7376=ORIENTED_EDGE('',*,*,#5679,.T.);
#7377=ORIENTED_EDGE('',*,*,#5651,.T.);
#7378=ORIENTED_EDGE('',*,*,#5661,.T.);
#7379=ORIENTED_EDGE('',*,*,#5641,.T.);
#7380=ORIENTED_EDGE('',*,*,#5685,.T.);
#7381=ORIENTED_EDGE('',*,*,#5686,.T.);
#7382=ORIENTED_EDGE('',*,*,#5687,.T.);
#7383=ORIENTED_EDGE('',*,*,#5688,.T.);
#7384=ORIENTED_EDGE('',*,*,#5675,.T.);
#7385=ORIENTED_EDGE('',*,*,#5648,.T.);
#7386=ORIENTED_EDGE('',*,*,#5665,.T.);
#7387=ORIENTED_EDGE('',*,*,#5653,.T.);
#7388=ORIENTED_EDGE('',*,*,#5443,.T.);
#7389=ORIENTED_EDGE('',*,*,#5466,.T.);
#7390=ORIENTED_EDGE('',*,*,#5555,.T.);
#7391=ORIENTED_EDGE('',*,*,#5561,.T.);
#7392=ORIENTED_EDGE('',*,*,#5632,.T.);
#7393=ORIENTED_EDGE('',*,*,#5634,.T.);
#7394=ORIENTED_EDGE('',*,*,#5636,.T.);
#7395=ORIENTED_EDGE('',*,*,#5638,.T.);
#7396=ORIENTED_EDGE('',*,*,#5689,.T.);
#7397=ORIENTED_EDGE('',*,*,#5673,.T.);
#7398=ORIENTED_EDGE('',*,*,#5659,.T.);
#7399=ORIENTED_EDGE('',*,*,#5669,.T.);
#7400=ORIENTED_EDGE('',*,*,#5678,.T.);
#7401=ORIENTED_EDGE('',*,*,#5644,.T.);
#7402=ORIENTED_EDGE('',*,*,#5657,.T.);
#7403=ORIENTED_EDGE('',*,*,#5677,.T.);
#7404=ORIENTED_EDGE('',*,*,#5670,.T.);
#7405=ORIENTED_EDGE('',*,*,#5664,.T.);
#7406=ORIENTED_EDGE('',*,*,#5672,.T.);
#7407=ORIENTED_EDGE('',*,*,#5666,.T.);
#7408=ORIENTED_EDGE('',*,*,#5564,.T.);
#7409=ORIENTED_EDGE('',*,*,#5558,.T.);
#7410=ORIENTED_EDGE('',*,*,#5530,.T.);
#7411=ORIENTED_EDGE('',*,*,#5456,.T.);
#7412=ORIENTED_EDGE('',*,*,#5609,.T.);
#7413=ORIENTED_EDGE('',*,*,#5676,.F.);
#7414=ORIENTED_EDGE('',*,*,#5688,.F.);
#7415=ORIENTED_EDGE('',*,*,#5690,.F.);
#7416=ORIENTED_EDGE('',*,*,#5475,.F.);
#7417=ORIENTED_EDGE('',*,*,#5691,.F.);
#7418=ORIENTED_EDGE('',*,*,#5485,.F.);
#7419=ORIENTED_EDGE('',*,*,#5692,.T.);
#7420=ORIENTED_EDGE('',*,*,#5682,.F.);
#7421=ORIENTED_EDGE('',*,*,#5658,.T.);
#7422=ORIENTED_EDGE('',*,*,#5624,.F.);
#7423=ORIENTED_EDGE('',*,*,#5518,.F.);
#7424=ORIENTED_EDGE('',*,*,#5674,.F.);
#7425=ORIENTED_EDGE('',*,*,#5689,.F.);
#7426=ORIENTED_EDGE('',*,*,#5680,.F.);
#7427=ORIENTED_EDGE('',*,*,#5684,.F.);
#7428=ORIENTED_EDGE('',*,*,#5693,.F.);
#7429=ORIENTED_EDGE('',*,*,#5483,.F.);
#7430=ORIENTED_EDGE('',*,*,#5694,.F.);
#7431=ORIENTED_EDGE('',*,*,#5477,.F.);
#7432=ORIENTED_EDGE('',*,*,#5695,.T.);
#7433=ORIENTED_EDGE('',*,*,#5686,.F.);
#7434=ORIENTED_EDGE('',*,*,#5476,.F.);
#7435=ORIENTED_EDGE('',*,*,#5690,.T.);
#7436=ORIENTED_EDGE('',*,*,#5687,.F.);
#7437=ORIENTED_EDGE('',*,*,#5695,.F.);
#7438=ORIENTED_EDGE('',*,*,#5484,.F.);
#7439=ORIENTED_EDGE('',*,*,#5693,.T.);
#7440=ORIENTED_EDGE('',*,*,#5683,.F.);
#7441=ORIENTED_EDGE('',*,*,#5692,.F.);
#7442=ORIENTED_EDGE('',*,*,#5652,.T.);
#7443=ORIENTED_EDGE('',*,*,#5486,.F.);
#7444=ORIENTED_EDGE('',*,*,#5691,.T.);
#7445=ORIENTED_EDGE('',*,*,#5681,.F.);
#7446=ORIENTED_EDGE('',*,*,#5640,.T.);
#7447=ORIENTED_EDGE('',*,*,#5478,.F.);
#7448=ORIENTED_EDGE('',*,*,#5694,.T.);
#7449=ORIENTED_EDGE('',*,*,#5685,.F.);
#7450=ORIENTED_EDGE('',*,*,#5696,.F.);
#7451=ORIENTED_EDGE('',*,*,#5611,.F.);
#7452=ORIENTED_EDGE('',*,*,#5696,.T.);
#7453=ORIENTED_EDGE('',*,*,#5697,.T.);
#7454=ORIENTED_EDGE('',*,*,#5698,.T.);
#7455=ORIENTED_EDGE('',*,*,#5697,.F.);
#7456=ORIENTED_EDGE('',*,*,#5698,.F.);
#7457=ORIENTED_EDGE('',*,*,#5437,.F.);
#7458=ORIENTED_EDGE('',*,*,#5699,.T.);
#7459=ORIENTED_EDGE('',*,*,#5700,.T.);
#7460=ORIENTED_EDGE('',*,*,#5701,.T.);
#7461=ORIENTED_EDGE('',*,*,#5702,.T.);
#7462=ORIENTED_EDGE('',*,*,#5703,.T.);
#7463=ORIENTED_EDGE('',*,*,#5704,.T.);
#7464=ORIENTED_EDGE('',*,*,#5705,.T.);
#7465=ORIENTED_EDGE('',*,*,#5706,.T.);
#7466=ORIENTED_EDGE('',*,*,#5707,.T.);
#7467=ORIENTED_EDGE('',*,*,#5708,.T.);
#7468=ORIENTED_EDGE('',*,*,#5705,.F.);
#7469=ORIENTED_EDGE('',*,*,#5709,.F.);
#7470=ORIENTED_EDGE('',*,*,#5701,.F.);
#7471=ORIENTED_EDGE('',*,*,#5710,.F.);
#7472=ORIENTED_EDGE('',*,*,#5711,.T.);
#7473=ORIENTED_EDGE('',*,*,#5706,.F.);
#7474=ORIENTED_EDGE('',*,*,#5708,.F.);
#7475=ORIENTED_EDGE('',*,*,#5712,.F.);
#7476=ORIENTED_EDGE('',*,*,#5713,.T.);
#7477=ORIENTED_EDGE('',*,*,#5707,.F.);
#7478=ORIENTED_EDGE('',*,*,#5711,.F.);
#7479=ORIENTED_EDGE('',*,*,#5714,.F.);
#7480=ORIENTED_EDGE('',*,*,#5703,.F.);
#7481=ORIENTED_EDGE('',*,*,#5709,.T.);
#7482=ORIENTED_EDGE('',*,*,#5704,.F.);
#7483=ORIENTED_EDGE('',*,*,#5713,.F.);
#7484=ORIENTED_EDGE('',*,*,#5702,.F.);
#7485=ORIENTED_EDGE('',*,*,#5714,.T.);
#7486=ORIENTED_EDGE('',*,*,#5712,.T.);
#7487=ORIENTED_EDGE('',*,*,#5710,.T.);
#7488=ORIENTED_EDGE('',*,*,#5715,.T.);
#7489=ORIENTED_EDGE('',*,*,#5716,.T.);
#7490=ORIENTED_EDGE('',*,*,#5717,.T.);
#7491=ORIENTED_EDGE('',*,*,#5718,.T.);
#7492=ORIENTED_EDGE('',*,*,#5719,.T.);
#7493=ORIENTED_EDGE('',*,*,#5720,.T.);
#7494=ORIENTED_EDGE('',*,*,#5721,.T.);
#7495=ORIENTED_EDGE('',*,*,#5722,.T.);
#7496=ORIENTED_EDGE('',*,*,#5723,.T.);
#7497=ORIENTED_EDGE('',*,*,#5724,.T.);
#7498=ORIENTED_EDGE('',*,*,#5725,.T.);
#7499=ORIENTED_EDGE('',*,*,#5726,.T.);
#7500=ORIENTED_EDGE('',*,*,#5727,.T.);
#7501=ORIENTED_EDGE('',*,*,#5728,.T.);
#7502=ORIENTED_EDGE('',*,*,#5729,.T.);
#7503=ORIENTED_EDGE('',*,*,#5730,.T.);
#7504=ORIENTED_EDGE('',*,*,#5731,.T.);
#7505=ORIENTED_EDGE('',*,*,#5732,.T.);
#7506=ORIENTED_EDGE('',*,*,#5733,.T.);
#7507=ORIENTED_EDGE('',*,*,#5734,.T.);
#7508=ORIENTED_EDGE('',*,*,#5735,.T.);
#7509=ORIENTED_EDGE('',*,*,#5736,.T.);
#7510=ORIENTED_EDGE('',*,*,#5737,.T.);
#7511=ORIENTED_EDGE('',*,*,#5738,.T.);
#7512=ORIENTED_EDGE('',*,*,#5739,.T.);
#7513=ORIENTED_EDGE('',*,*,#5740,.T.);
#7514=ORIENTED_EDGE('',*,*,#5741,.T.);
#7515=ORIENTED_EDGE('',*,*,#5742,.T.);
#7516=ORIENTED_EDGE('',*,*,#5743,.T.);
#7517=ORIENTED_EDGE('',*,*,#5732,.F.);
#7518=ORIENTED_EDGE('',*,*,#5744,.T.);
#7519=ORIENTED_EDGE('',*,*,#5745,.F.);
#7520=ORIENTED_EDGE('',*,*,#5744,.F.);
#7521=ORIENTED_EDGE('',*,*,#5743,.F.);
#7522=ORIENTED_EDGE('',*,*,#5746,.T.);
#7523=ORIENTED_EDGE('',*,*,#5747,.F.);
#7524=ORIENTED_EDGE('',*,*,#5746,.F.);
#7525=ORIENTED_EDGE('',*,*,#5733,.F.);
#7526=ORIENTED_EDGE('',*,*,#5748,.T.);
#7527=ORIENTED_EDGE('',*,*,#5749,.F.);
#7528=ORIENTED_EDGE('',*,*,#5748,.F.);
#7529=ORIENTED_EDGE('',*,*,#5742,.F.);
#7530=ORIENTED_EDGE('',*,*,#5750,.T.);
#7531=ORIENTED_EDGE('',*,*,#5751,.F.);
#7532=ORIENTED_EDGE('',*,*,#5750,.F.);
#7533=ORIENTED_EDGE('',*,*,#5734,.F.);
#7534=ORIENTED_EDGE('',*,*,#5752,.T.);
#7535=ORIENTED_EDGE('',*,*,#5753,.F.);
#7536=ORIENTED_EDGE('',*,*,#5752,.F.);
#7537=ORIENTED_EDGE('',*,*,#5741,.F.);
#7538=ORIENTED_EDGE('',*,*,#5754,.T.);
#7539=ORIENTED_EDGE('',*,*,#5755,.F.);
#7540=ORIENTED_EDGE('',*,*,#5754,.F.);
#7541=ORIENTED_EDGE('',*,*,#5756,.F.);
#7542=ORIENTED_EDGE('',*,*,#5720,.F.);
#7543=ORIENTED_EDGE('',*,*,#5757,.F.);
#7544=ORIENTED_EDGE('',*,*,#5758,.F.);
#7545=ORIENTED_EDGE('',*,*,#5759,.F.);
#7546=ORIENTED_EDGE('',*,*,#5760,.F.);
#7547=ORIENTED_EDGE('',*,*,#5761,.T.);
#7548=ORIENTED_EDGE('',*,*,#5718,.F.);
#7549=ORIENTED_EDGE('',*,*,#5757,.T.);
#7550=ORIENTED_EDGE('',*,*,#5719,.F.);
#7551=ORIENTED_EDGE('',*,*,#5761,.F.);
#7552=ORIENTED_EDGE('',*,*,#5762,.F.);
#7553=ORIENTED_EDGE('',*,*,#5763,.T.);
#7554=ORIENTED_EDGE('',*,*,#5764,.T.);
#7555=ORIENTED_EDGE('',*,*,#5765,.T.);
#7556=ORIENTED_EDGE('',*,*,#5766,.T.);
#7557=ORIENTED_EDGE('',*,*,#5767,.T.);
#7558=ORIENTED_EDGE('',*,*,#5768,.T.);
#7559=ORIENTED_EDGE('',*,*,#5769,.T.);
#7560=ORIENTED_EDGE('',*,*,#5770,.T.);
#7561=ORIENTED_EDGE('',*,*,#5771,.T.);
#7562=ORIENTED_EDGE('',*,*,#5772,.T.);
#7563=ORIENTED_EDGE('',*,*,#5773,.T.);
#7564=ORIENTED_EDGE('',*,*,#5774,.T.);
#7565=ORIENTED_EDGE('',*,*,#5775,.T.);
#7566=ORIENTED_EDGE('',*,*,#5758,.T.);
#7567=ORIENTED_EDGE('',*,*,#5762,.T.);
#7568=ORIENTED_EDGE('',*,*,#5760,.T.);
#7569=ORIENTED_EDGE('',*,*,#5747,.T.);
#7570=ORIENTED_EDGE('',*,*,#5751,.T.);
#7571=ORIENTED_EDGE('',*,*,#5755,.T.);
#7572=ORIENTED_EDGE('',*,*,#5776,.T.);
#7573=ORIENTED_EDGE('',*,*,#5777,.T.);
#7574=ORIENTED_EDGE('',*,*,#5778,.T.);
#7575=ORIENTED_EDGE('',*,*,#5779,.T.);
#7576=ORIENTED_EDGE('',*,*,#5780,.T.);
#7577=ORIENTED_EDGE('',*,*,#5781,.T.);
#7578=ORIENTED_EDGE('',*,*,#5782,.T.);
#7579=ORIENTED_EDGE('',*,*,#5753,.T.);
#7580=ORIENTED_EDGE('',*,*,#5749,.T.);
#7581=ORIENTED_EDGE('',*,*,#5745,.T.);
#7582=ORIENTED_EDGE('',*,*,#5759,.T.);
#7583=ORIENTED_EDGE('',*,*,#5717,.F.);
#7584=ORIENTED_EDGE('',*,*,#5783,.T.);
#7585=ORIENTED_EDGE('',*,*,#5763,.F.);
#7586=ORIENTED_EDGE('',*,*,#5740,.F.);
#7587=ORIENTED_EDGE('',*,*,#5784,.T.);
#7588=ORIENTED_EDGE('',*,*,#5782,.F.);
#7589=ORIENTED_EDGE('',*,*,#5784,.F.);
#7590=ORIENTED_EDGE('',*,*,#5739,.F.);
#7591=ORIENTED_EDGE('',*,*,#5785,.T.);
#7592=ORIENTED_EDGE('',*,*,#5781,.F.);
#7593=ORIENTED_EDGE('',*,*,#5785,.F.);
#7594=ORIENTED_EDGE('',*,*,#5786,.F.);
#7595=ORIENTED_EDGE('',*,*,#5724,.F.);
#7596=ORIENTED_EDGE('',*,*,#5787,.F.);
#7597=ORIENTED_EDGE('',*,*,#5772,.F.);
#7598=ORIENTED_EDGE('',*,*,#5788,.F.);
#7599=ORIENTED_EDGE('',*,*,#5774,.F.);
#7600=ORIENTED_EDGE('',*,*,#5789,.T.);
#7601=ORIENTED_EDGE('',*,*,#5722,.F.);
#7602=ORIENTED_EDGE('',*,*,#5787,.T.);
#7603=ORIENTED_EDGE('',*,*,#5723,.F.);
#7604=ORIENTED_EDGE('',*,*,#5789,.F.);
#7605=ORIENTED_EDGE('',*,*,#5773,.F.);
#7606=ORIENTED_EDGE('',*,*,#5756,.T.);
#7607=ORIENTED_EDGE('',*,*,#5775,.F.);
#7608=ORIENTED_EDGE('',*,*,#5788,.T.);
#7609=ORIENTED_EDGE('',*,*,#5721,.F.);
#7610=ORIENTED_EDGE('',*,*,#5738,.F.);
#7611=ORIENTED_EDGE('',*,*,#5790,.T.);
#7612=ORIENTED_EDGE('',*,*,#5776,.F.);
#7613=ORIENTED_EDGE('',*,*,#5790,.F.);
#7614=ORIENTED_EDGE('',*,*,#5737,.F.);
#7615=ORIENTED_EDGE('',*,*,#5791,.T.);
#7616=ORIENTED_EDGE('',*,*,#5777,.F.);
#7617=ORIENTED_EDGE('',*,*,#5791,.F.);
#7618=ORIENTED_EDGE('',*,*,#5792,.F.);
#7619=ORIENTED_EDGE('',*,*,#5728,.F.);
#7620=ORIENTED_EDGE('',*,*,#5793,.F.);
#7621=ORIENTED_EDGE('',*,*,#5768,.F.);
#7622=ORIENTED_EDGE('',*,*,#5794,.F.);
#7623=ORIENTED_EDGE('',*,*,#5770,.F.);
#7624=ORIENTED_EDGE('',*,*,#5795,.T.);
#7625=ORIENTED_EDGE('',*,*,#5726,.F.);
#7626=ORIENTED_EDGE('',*,*,#5793,.T.);
#7627=ORIENTED_EDGE('',*,*,#5727,.F.);
#7628=ORIENTED_EDGE('',*,*,#5795,.F.);
#7629=ORIENTED_EDGE('',*,*,#5769,.F.);
#7630=ORIENTED_EDGE('',*,*,#5786,.T.);
#7631=ORIENTED_EDGE('',*,*,#5771,.F.);
#7632=ORIENTED_EDGE('',*,*,#5794,.T.);
#7633=ORIENTED_EDGE('',*,*,#5725,.F.);
#7634=ORIENTED_EDGE('',*,*,#5699,.F.);
#7635=ORIENTED_EDGE('',*,*,#5796,.T.);
#7636=ORIENTED_EDGE('',*,*,#5780,.F.);
#7637=ORIENTED_EDGE('',*,*,#5796,.F.);
#7638=ORIENTED_EDGE('',*,*,#5736,.F.);
#7639=ORIENTED_EDGE('',*,*,#5797,.T.);
#7640=ORIENTED_EDGE('',*,*,#5779,.F.);
#7641=ORIENTED_EDGE('',*,*,#5797,.F.);
#7642=ORIENTED_EDGE('',*,*,#5783,.F.);
#7643=ORIENTED_EDGE('',*,*,#5716,.F.);
#7644=ORIENTED_EDGE('',*,*,#5798,.F.);
#7645=ORIENTED_EDGE('',*,*,#5764,.F.);
#7646=ORIENTED_EDGE('',*,*,#5799,.F.);
#7647=ORIENTED_EDGE('',*,*,#5766,.F.);
#7648=ORIENTED_EDGE('',*,*,#5800,.T.);
#7649=ORIENTED_EDGE('',*,*,#5730,.F.);
#7650=ORIENTED_EDGE('',*,*,#5798,.T.);
#7651=ORIENTED_EDGE('',*,*,#5715,.F.);
#7652=ORIENTED_EDGE('',*,*,#5700,.F.);
#7653=ORIENTED_EDGE('',*,*,#5731,.F.);
#7654=ORIENTED_EDGE('',*,*,#5800,.F.);
#7655=ORIENTED_EDGE('',*,*,#5765,.F.);
#7656=ORIENTED_EDGE('',*,*,#5735,.F.);
#7657=ORIENTED_EDGE('',*,*,#5801,.T.);
#7658=ORIENTED_EDGE('',*,*,#5778,.F.);
#7659=ORIENTED_EDGE('',*,*,#5801,.F.);
#7660=ORIENTED_EDGE('',*,*,#5792,.T.);
#7661=ORIENTED_EDGE('',*,*,#5767,.F.);
#7662=ORIENTED_EDGE('',*,*,#5799,.T.);
#7663=ORIENTED_EDGE('',*,*,#5729,.F.);
#7664=ORIENTED_EDGE('',*,*,#5802,.F.);
#7665=ORIENTED_EDGE('',*,*,#5803,.T.);
#7666=ORIENTED_EDGE('',*,*,#5804,.F.);
#7667=ORIENTED_EDGE('',*,*,#5803,.F.);
#7668=ORIENTED_EDGE('',*,*,#5805,.F.);
#7669=ORIENTED_EDGE('',*,*,#5806,.F.);
#7670=ORIENTED_EDGE('',*,*,#5807,.F.);
#7671=ORIENTED_EDGE('',*,*,#5808,.T.);
#7672=ORIENTED_EDGE('',*,*,#5809,.T.);
#7673=ORIENTED_EDGE('',*,*,#5810,.T.);
#7674=ORIENTED_EDGE('',*,*,#5807,.T.);
#7675=ORIENTED_EDGE('',*,*,#5811,.T.);
#7676=ORIENTED_EDGE('',*,*,#5812,.T.);
#7677=ORIENTED_EDGE('',*,*,#5813,.T.);
#7678=ORIENTED_EDGE('',*,*,#5814,.T.);
#7679=ORIENTED_EDGE('',*,*,#5815,.T.);
#7680=ORIENTED_EDGE('',*,*,#5816,.F.);
#7681=ORIENTED_EDGE('',*,*,#5817,.T.);
#7682=ORIENTED_EDGE('',*,*,#5812,.F.);
#7683=ORIENTED_EDGE('',*,*,#5818,.F.);
#7684=ORIENTED_EDGE('',*,*,#5811,.F.);
#7685=ORIENTED_EDGE('',*,*,#5806,.T.);
#7686=ORIENTED_EDGE('',*,*,#5802,.T.);
#7687=ORIENTED_EDGE('',*,*,#5805,.T.);
#7688=ORIENTED_EDGE('',*,*,#5819,.T.);
#7689=ORIENTED_EDGE('',*,*,#5820,.T.);
#7690=ORIENTED_EDGE('',*,*,#5816,.T.);
#7691=ORIENTED_EDGE('',*,*,#5821,.T.);
#7692=ORIENTED_EDGE('',*,*,#5813,.F.);
#7693=ORIENTED_EDGE('',*,*,#5817,.F.);
#7694=ORIENTED_EDGE('',*,*,#5820,.F.);
#7695=ORIENTED_EDGE('',*,*,#5814,.F.);
#7696=ORIENTED_EDGE('',*,*,#5821,.F.);
#7697=ORIENTED_EDGE('',*,*,#5819,.F.);
#7698=ORIENTED_EDGE('',*,*,#5808,.F.);
#7699=ORIENTED_EDGE('',*,*,#5810,.F.);
#7700=ORIENTED_EDGE('',*,*,#5822,.T.);
#7701=ORIENTED_EDGE('',*,*,#5804,.T.);
#7702=ORIENTED_EDGE('',*,*,#5818,.T.);
#7703=ORIENTED_EDGE('',*,*,#5815,.F.);
#7704=ORIENTED_EDGE('',*,*,#5822,.F.);
#7705=ORIENTED_EDGE('',*,*,#5809,.F.);
#7706=ORIENTED_EDGE('',*,*,#5823,.T.);
#7707=ORIENTED_EDGE('',*,*,#5824,.F.);
#7708=ORIENTED_EDGE('',*,*,#5825,.F.);
#7709=ORIENTED_EDGE('',*,*,#5826,.F.);
#7710=ORIENTED_EDGE('',*,*,#5827,.F.);
#7711=ORIENTED_EDGE('',*,*,#5828,.F.);
#7712=ORIENTED_EDGE('',*,*,#5829,.F.);
#7713=ORIENTED_EDGE('',*,*,#5830,.F.);
#7714=ORIENTED_EDGE('',*,*,#5831,.F.);
#7715=ORIENTED_EDGE('',*,*,#5825,.T.);
#7716=ORIENTED_EDGE('',*,*,#5832,.T.);
#7717=ORIENTED_EDGE('',*,*,#5828,.T.);
#7718=ORIENTED_EDGE('',*,*,#5833,.F.);
#7719=ORIENTED_EDGE('',*,*,#5834,.F.);
#7720=ORIENTED_EDGE('',*,*,#5835,.F.);
#7721=ORIENTED_EDGE('',*,*,#5836,.T.);
#7722=ORIENTED_EDGE('',*,*,#5829,.T.);
#7723=ORIENTED_EDGE('',*,*,#5835,.T.);
#7724=ORIENTED_EDGE('',*,*,#5837,.T.);
#7725=ORIENTED_EDGE('',*,*,#5837,.F.);
#7726=ORIENTED_EDGE('',*,*,#5834,.T.);
#7727=ORIENTED_EDGE('',*,*,#5838,.F.);
#7728=ORIENTED_EDGE('',*,*,#5823,.F.);
#7729=ORIENTED_EDGE('',*,*,#5839,.F.);
#7730=ORIENTED_EDGE('',*,*,#5840,.T.);
#7731=ORIENTED_EDGE('',*,*,#5841,.T.);
#7732=ORIENTED_EDGE('',*,*,#5838,.T.);
#7733=ORIENTED_EDGE('',*,*,#5833,.T.);
#7734=ORIENTED_EDGE('',*,*,#5827,.T.);
#7735=ORIENTED_EDGE('',*,*,#5824,.T.);
#7736=ORIENTED_EDGE('',*,*,#5826,.T.);
#7737=ORIENTED_EDGE('',*,*,#5831,.T.);
#7738=ORIENTED_EDGE('',*,*,#5842,.T.);
#7739=ORIENTED_EDGE('',*,*,#5839,.T.);
#7740=ORIENTED_EDGE('',*,*,#5836,.F.);
#7741=ORIENTED_EDGE('',*,*,#5840,.F.);
#7742=ORIENTED_EDGE('',*,*,#5842,.F.);
#7743=ORIENTED_EDGE('',*,*,#5830,.T.);
#7744=ORIENTED_EDGE('',*,*,#5841,.F.);
#7745=ORIENTED_EDGE('',*,*,#5843,.T.);
#7746=ORIENTED_EDGE('',*,*,#5832,.F.);
#7747=ORIENTED_EDGE('',*,*,#5843,.F.);
#7748=ORIENTED_EDGE('',*,*,#5844,.F.);
#7749=ORIENTED_EDGE('',*,*,#5845,.T.);
#7750=ORIENTED_EDGE('',*,*,#5846,.F.);
#7751=ORIENTED_EDGE('',*,*,#5845,.F.);
#7752=ORIENTED_EDGE('',*,*,#5847,.F.);
#7753=ORIENTED_EDGE('',*,*,#5848,.T.);
#7754=ORIENTED_EDGE('',*,*,#5849,.F.);
#7755=ORIENTED_EDGE('',*,*,#5848,.F.);
#7756=ORIENTED_EDGE('',*,*,#5850,.T.);
#7757=ORIENTED_EDGE('',*,*,#5851,.T.);
#7758=ORIENTED_EDGE('',*,*,#5852,.T.);
#7759=ORIENTED_EDGE('',*,*,#5853,.T.);
#7760=ORIENTED_EDGE('',*,*,#5846,.T.);
#7761=ORIENTED_EDGE('',*,*,#5849,.T.);
#7762=ORIENTED_EDGE('',*,*,#5854,.T.);
#7763=ORIENTED_EDGE('',*,*,#5855,.T.);
#7764=ORIENTED_EDGE('',*,*,#5856,.T.);
#7765=ORIENTED_EDGE('',*,*,#5857,.T.);
#7766=ORIENTED_EDGE('',*,*,#5844,.T.);
#7767=ORIENTED_EDGE('',*,*,#5847,.T.);
#7768=ORIENTED_EDGE('',*,*,#5858,.T.);
#7769=ORIENTED_EDGE('',*,*,#5855,.F.);
#7770=ORIENTED_EDGE('',*,*,#5859,.F.);
#7771=ORIENTED_EDGE('',*,*,#5853,.F.);
#7772=ORIENTED_EDGE('',*,*,#5860,.T.);
#7773=ORIENTED_EDGE('',*,*,#5856,.F.);
#7774=ORIENTED_EDGE('',*,*,#5858,.F.);
#7775=ORIENTED_EDGE('',*,*,#5852,.F.);
#7776=ORIENTED_EDGE('',*,*,#5861,.T.);
#7777=ORIENTED_EDGE('',*,*,#5857,.F.);
#7778=ORIENTED_EDGE('',*,*,#5860,.F.);
#7779=ORIENTED_EDGE('',*,*,#5851,.F.);
#7780=ORIENTED_EDGE('',*,*,#5859,.T.);
#7781=ORIENTED_EDGE('',*,*,#5854,.F.);
#7782=ORIENTED_EDGE('',*,*,#5861,.F.);
#7783=ORIENTED_EDGE('',*,*,#5850,.F.);
#7784=ORIENTED_EDGE('',*,*,#5862,.F.);
#7785=ORIENTED_EDGE('',*,*,#5863,.F.);
#7786=ORIENTED_EDGE('',*,*,#5864,.F.);
#7787=ORIENTED_EDGE('',*,*,#5865,.F.);
#7788=ORIENTED_EDGE('',*,*,#5866,.T.);
#7789=ORIENTED_EDGE('',*,*,#5867,.F.);
#7790=ORIENTED_EDGE('',*,*,#5868,.F.);
#7791=ORIENTED_EDGE('',*,*,#5869,.F.);
#7792=ORIENTED_EDGE('',*,*,#5870,.F.);
#7793=ORIENTED_EDGE('',*,*,#5871,.T.);
#7794=ORIENTED_EDGE('',*,*,#5872,.T.);
#7795=ORIENTED_EDGE('',*,*,#5865,.T.);
#7796=ORIENTED_EDGE('',*,*,#5873,.F.);
#7797=ORIENTED_EDGE('',*,*,#5869,.T.);
#7798=ORIENTED_EDGE('',*,*,#5874,.T.);
#7799=ORIENTED_EDGE('',*,*,#5875,.T.);
#7800=ORIENTED_EDGE('',*,*,#5867,.T.);
#7801=ORIENTED_EDGE('',*,*,#5876,.T.);
#7802=ORIENTED_EDGE('',*,*,#5877,.T.);
#7803=ORIENTED_EDGE('',*,*,#5878,.T.);
#7804=ORIENTED_EDGE('',*,*,#5879,.T.);
#7805=ORIENTED_EDGE('',*,*,#5876,.F.);
#7806=ORIENTED_EDGE('',*,*,#5866,.F.);
#7807=ORIENTED_EDGE('',*,*,#5872,.F.);
#7808=ORIENTED_EDGE('',*,*,#5868,.T.);
#7809=ORIENTED_EDGE('',*,*,#5878,.F.);
#7810=ORIENTED_EDGE('',*,*,#5880,.F.);
#7811=ORIENTED_EDGE('',*,*,#5874,.F.);
#7812=ORIENTED_EDGE('',*,*,#5862,.T.);
#7813=ORIENTED_EDGE('',*,*,#5873,.T.);
#7814=ORIENTED_EDGE('',*,*,#5881,.F.);
#7815=ORIENTED_EDGE('',*,*,#5882,.F.);
#7816=ORIENTED_EDGE('',*,*,#5883,.T.);
#7817=ORIENTED_EDGE('',*,*,#5884,.F.);
#7818=ORIENTED_EDGE('',*,*,#5885,.F.);
#7819=ORIENTED_EDGE('',*,*,#5886,.F.);
#7820=ORIENTED_EDGE('',*,*,#5887,.T.);
#7821=ORIENTED_EDGE('',*,*,#5888,.F.);
#7822=ORIENTED_EDGE('',*,*,#5889,.T.);
#7823=ORIENTED_EDGE('',*,*,#5875,.F.);
#7824=ORIENTED_EDGE('',*,*,#5880,.T.);
#7825=ORIENTED_EDGE('',*,*,#5877,.F.);
#7826=ORIENTED_EDGE('',*,*,#5879,.F.);
#7827=ORIENTED_EDGE('',*,*,#5871,.F.);
#7828=ORIENTED_EDGE('',*,*,#5890,.F.);
#7829=ORIENTED_EDGE('',*,*,#5891,.F.);
#7830=ORIENTED_EDGE('',*,*,#5881,.T.);
#7831=ORIENTED_EDGE('',*,*,#5892,.F.);
#7832=ORIENTED_EDGE('',*,*,#5893,.T.);
#7833=ORIENTED_EDGE('',*,*,#5889,.F.);
#7834=ORIENTED_EDGE('',*,*,#5893,.F.);
#7835=ORIENTED_EDGE('',*,*,#5894,.F.);
#7836=ORIENTED_EDGE('',*,*,#5895,.T.);
#7837=ORIENTED_EDGE('',*,*,#5896,.F.);
#7838=ORIENTED_EDGE('',*,*,#5887,.F.);
#7839=ORIENTED_EDGE('',*,*,#5897,.F.);
#7840=ORIENTED_EDGE('',*,*,#5883,.F.);
#7841=ORIENTED_EDGE('',*,*,#5898,.F.);
#7842=ORIENTED_EDGE('',*,*,#5899,.T.);
#7843=ORIENTED_EDGE('',*,*,#5900,.F.);
#7844=ORIENTED_EDGE('',*,*,#5898,.T.);
#7845=ORIENTED_EDGE('',*,*,#5882,.T.);
#7846=ORIENTED_EDGE('',*,*,#5891,.T.);
#7847=ORIENTED_EDGE('',*,*,#5901,.T.);
#7848=ORIENTED_EDGE('',*,*,#5863,.T.);
#7849=ORIENTED_EDGE('',*,*,#5888,.T.);
#7850=ORIENTED_EDGE('',*,*,#5896,.T.);
#7851=ORIENTED_EDGE('',*,*,#5902,.T.);
#7852=ORIENTED_EDGE('',*,*,#5864,.T.);
#7853=ORIENTED_EDGE('',*,*,#5902,.F.);
#7854=ORIENTED_EDGE('',*,*,#5895,.F.);
#7855=ORIENTED_EDGE('',*,*,#5903,.F.);
#7856=ORIENTED_EDGE('',*,*,#5904,.F.);
#7857=ORIENTED_EDGE('',*,*,#5905,.F.);
#7858=ORIENTED_EDGE('',*,*,#5899,.F.);
#7859=ORIENTED_EDGE('',*,*,#5901,.F.);
#7860=ORIENTED_EDGE('',*,*,#5890,.T.);
#7861=ORIENTED_EDGE('',*,*,#5870,.T.);
#7862=ORIENTED_EDGE('',*,*,#5892,.T.);
#7863=ORIENTED_EDGE('',*,*,#5885,.T.);
#7864=ORIENTED_EDGE('',*,*,#5906,.T.);
#7865=ORIENTED_EDGE('',*,*,#5904,.T.);
#7866=ORIENTED_EDGE('',*,*,#5907,.T.);
#7867=ORIENTED_EDGE('',*,*,#5908,.F.);
#7868=ORIENTED_EDGE('',*,*,#5909,.T.);
#7869=ORIENTED_EDGE('',*,*,#5900,.T.);
#7870=ORIENTED_EDGE('',*,*,#5905,.T.);
#7871=ORIENTED_EDGE('',*,*,#5907,.F.);
#7872=ORIENTED_EDGE('',*,*,#5903,.T.);
#7873=ORIENTED_EDGE('',*,*,#5894,.T.);
#7874=ORIENTED_EDGE('',*,*,#5886,.T.);
#7875=ORIENTED_EDGE('',*,*,#5906,.F.);
#7876=ORIENTED_EDGE('',*,*,#5884,.T.);
#7877=ORIENTED_EDGE('',*,*,#5897,.T.);
#7878=ORIENTED_EDGE('',*,*,#5909,.F.);
#7879=ORIENTED_EDGE('',*,*,#5908,.T.);
#7880=ORIENTED_EDGE('',*,*,#5910,.F.);
#7881=ORIENTED_EDGE('',*,*,#5911,.T.);
#7882=ORIENTED_EDGE('',*,*,#5912,.T.);
#7883=ORIENTED_EDGE('',*,*,#5910,.T.);
#7884=ORIENTED_EDGE('',*,*,#5912,.F.);
#7885=ORIENTED_EDGE('',*,*,#5911,.F.);
#7886=ORIENTED_EDGE('',*,*,#5913,.F.);
#7887=ORIENTED_EDGE('',*,*,#5914,.T.);
#7888=ORIENTED_EDGE('',*,*,#5915,.F.);
#7889=ORIENTED_EDGE('',*,*,#5914,.F.);
#7890=ORIENTED_EDGE('',*,*,#5915,.T.);
#7891=ORIENTED_EDGE('',*,*,#5913,.T.);
#7892=ORIENTED_EDGE('',*,*,#5916,.F.);
#7893=ORIENTED_EDGE('',*,*,#5917,.T.);
#7894=ORIENTED_EDGE('',*,*,#5918,.F.);
#7895=ORIENTED_EDGE('',*,*,#5917,.F.);
#7896=ORIENTED_EDGE('',*,*,#5919,.F.);
#7897=ORIENTED_EDGE('',*,*,#5920,.T.);
#7898=ORIENTED_EDGE('',*,*,#5921,.F.);
#7899=ORIENTED_EDGE('',*,*,#5920,.F.);
#7900=ORIENTED_EDGE('',*,*,#5921,.T.);
#7901=ORIENTED_EDGE('',*,*,#5916,.T.);
#7902=ORIENTED_EDGE('',*,*,#5919,.T.);
#7903=ORIENTED_EDGE('',*,*,#5918,.T.);
#7904=ORIENTED_EDGE('',*,*,#5922,.F.);
#7905=ORIENTED_EDGE('',*,*,#5923,.T.);
#7906=ORIENTED_EDGE('',*,*,#5924,.F.);
#7907=ORIENTED_EDGE('',*,*,#5923,.F.);
#7908=ORIENTED_EDGE('',*,*,#5925,.F.);
#7909=ORIENTED_EDGE('',*,*,#5926,.T.);
#7910=ORIENTED_EDGE('',*,*,#5927,.F.);
#7911=ORIENTED_EDGE('',*,*,#5926,.F.);
#7912=ORIENTED_EDGE('',*,*,#5927,.T.);
#7913=ORIENTED_EDGE('',*,*,#5922,.T.);
#7914=ORIENTED_EDGE('',*,*,#5925,.T.);
#7915=ORIENTED_EDGE('',*,*,#5924,.T.);
#7916=ORIENTED_EDGE('',*,*,#5928,.F.);
#7917=ORIENTED_EDGE('',*,*,#5929,.T.);
#7918=ORIENTED_EDGE('',*,*,#5930,.F.);
#7919=ORIENTED_EDGE('',*,*,#5929,.F.);
#7920=ORIENTED_EDGE('',*,*,#5930,.T.);
#7921=ORIENTED_EDGE('',*,*,#5928,.T.);
#7922=ORIENTED_EDGE('',*,*,#5931,.F.);
#7923=ORIENTED_EDGE('',*,*,#5932,.T.);
#7924=ORIENTED_EDGE('',*,*,#5933,.F.);
#7925=ORIENTED_EDGE('',*,*,#5932,.F.);
#7926=ORIENTED_EDGE('',*,*,#5933,.T.);
#7927=ORIENTED_EDGE('',*,*,#5931,.T.);
#7928=ORIENTED_EDGE('',*,*,#5934,.F.);
#7929=ORIENTED_EDGE('',*,*,#5935,.T.);
#7930=ORIENTED_EDGE('',*,*,#5936,.F.);
#7931=ORIENTED_EDGE('',*,*,#5935,.F.);
#7932=ORIENTED_EDGE('',*,*,#5936,.T.);
#7933=ORIENTED_EDGE('',*,*,#5934,.T.);
#7934=ORIENTED_EDGE('',*,*,#5937,.F.);
#7935=ORIENTED_EDGE('',*,*,#5938,.T.);
#7936=ORIENTED_EDGE('',*,*,#5939,.F.);
#7937=ORIENTED_EDGE('',*,*,#5938,.F.);
#7938=ORIENTED_EDGE('',*,*,#5939,.T.);
#7939=ORIENTED_EDGE('',*,*,#5937,.T.);
#7940=ORIENTED_EDGE('',*,*,#5940,.F.);
#7941=ORIENTED_EDGE('',*,*,#5941,.T.);
#7942=ORIENTED_EDGE('',*,*,#5942,.F.);
#7943=ORIENTED_EDGE('',*,*,#5941,.F.);
#7944=ORIENTED_EDGE('',*,*,#5943,.F.);
#7945=ORIENTED_EDGE('',*,*,#5944,.T.);
#7946=ORIENTED_EDGE('',*,*,#5945,.F.);
#7947=ORIENTED_EDGE('',*,*,#5944,.F.);
#7948=ORIENTED_EDGE('',*,*,#5946,.F.);
#7949=ORIENTED_EDGE('',*,*,#5947,.T.);
#7950=ORIENTED_EDGE('',*,*,#5948,.F.);
#7951=ORIENTED_EDGE('',*,*,#5947,.F.);
#7952=ORIENTED_EDGE('',*,*,#5949,.F.);
#7953=ORIENTED_EDGE('',*,*,#5950,.T.);
#7954=ORIENTED_EDGE('',*,*,#5951,.F.);
#7955=ORIENTED_EDGE('',*,*,#5950,.F.);
#7956=ORIENTED_EDGE('',*,*,#5952,.F.);
#7957=ORIENTED_EDGE('',*,*,#5953,.T.);
#7958=ORIENTED_EDGE('',*,*,#5954,.F.);
#7959=ORIENTED_EDGE('',*,*,#5953,.F.);
#7960=ORIENTED_EDGE('',*,*,#5955,.F.);
#7961=ORIENTED_EDGE('',*,*,#5956,.T.);
#7962=ORIENTED_EDGE('',*,*,#5957,.F.);
#7963=ORIENTED_EDGE('',*,*,#5956,.F.);
#7964=ORIENTED_EDGE('',*,*,#5958,.F.);
#7965=ORIENTED_EDGE('',*,*,#5959,.T.);
#7966=ORIENTED_EDGE('',*,*,#5960,.F.);
#7967=ORIENTED_EDGE('',*,*,#5959,.F.);
#7968=ORIENTED_EDGE('',*,*,#5961,.F.);
#7969=ORIENTED_EDGE('',*,*,#5962,.T.);
#7970=ORIENTED_EDGE('',*,*,#5963,.F.);
#7971=ORIENTED_EDGE('',*,*,#5962,.F.);
#7972=ORIENTED_EDGE('',*,*,#5964,.F.);
#7973=ORIENTED_EDGE('',*,*,#5965,.T.);
#7974=ORIENTED_EDGE('',*,*,#5966,.F.);
#7975=ORIENTED_EDGE('',*,*,#5965,.F.);
#7976=ORIENTED_EDGE('',*,*,#5967,.T.);
#7977=ORIENTED_EDGE('',*,*,#5968,.T.);
#7978=ORIENTED_EDGE('',*,*,#5969,.T.);
#7979=ORIENTED_EDGE('',*,*,#5970,.T.);
#7980=ORIENTED_EDGE('',*,*,#5945,.T.);
#7981=ORIENTED_EDGE('',*,*,#5948,.T.);
#7982=ORIENTED_EDGE('',*,*,#5951,.T.);
#7983=ORIENTED_EDGE('',*,*,#5954,.T.);
#7984=ORIENTED_EDGE('',*,*,#5957,.T.);
#7985=ORIENTED_EDGE('',*,*,#5960,.T.);
#7986=ORIENTED_EDGE('',*,*,#5963,.T.);
#7987=ORIENTED_EDGE('',*,*,#5966,.T.);
#7988=ORIENTED_EDGE('',*,*,#5942,.T.);
#7989=ORIENTED_EDGE('',*,*,#5971,.T.);
#7990=ORIENTED_EDGE('',*,*,#5972,.T.);
#7991=ORIENTED_EDGE('',*,*,#5973,.T.);
#7992=ORIENTED_EDGE('',*,*,#5974,.T.);
#7993=ORIENTED_EDGE('',*,*,#5943,.T.);
#7994=ORIENTED_EDGE('',*,*,#5946,.T.);
#7995=ORIENTED_EDGE('',*,*,#5949,.T.);
#7996=ORIENTED_EDGE('',*,*,#5952,.T.);
#7997=ORIENTED_EDGE('',*,*,#5955,.T.);
#7998=ORIENTED_EDGE('',*,*,#5958,.T.);
#7999=ORIENTED_EDGE('',*,*,#5961,.T.);
#8000=ORIENTED_EDGE('',*,*,#5964,.T.);
#8001=ORIENTED_EDGE('',*,*,#5940,.T.);
#8002=ORIENTED_EDGE('',*,*,#5975,.T.);
#8003=ORIENTED_EDGE('',*,*,#5972,.F.);
#8004=ORIENTED_EDGE('',*,*,#5976,.F.);
#8005=ORIENTED_EDGE('',*,*,#5970,.F.);
#8006=ORIENTED_EDGE('',*,*,#5977,.T.);
#8007=ORIENTED_EDGE('',*,*,#5973,.F.);
#8008=ORIENTED_EDGE('',*,*,#5975,.F.);
#8009=ORIENTED_EDGE('',*,*,#5969,.F.);
#8010=ORIENTED_EDGE('',*,*,#5978,.T.);
#8011=ORIENTED_EDGE('',*,*,#5974,.F.);
#8012=ORIENTED_EDGE('',*,*,#5977,.F.);
#8013=ORIENTED_EDGE('',*,*,#5968,.F.);
#8014=ORIENTED_EDGE('',*,*,#5976,.T.);
#8015=ORIENTED_EDGE('',*,*,#5971,.F.);
#8016=ORIENTED_EDGE('',*,*,#5978,.F.);
#8017=ORIENTED_EDGE('',*,*,#5967,.F.);
#8018=ORIENTED_EDGE('',*,*,#5979,.F.);
#8019=ORIENTED_EDGE('',*,*,#5980,.F.);
#8020=ORIENTED_EDGE('',*,*,#5981,.F.);
#8021=ORIENTED_EDGE('',*,*,#5982,.T.);
#8022=ORIENTED_EDGE('',*,*,#5983,.F.);
#8023=ORIENTED_EDGE('',*,*,#5984,.F.);
#8024=ORIENTED_EDGE('',*,*,#5985,.F.);
#8025=ORIENTED_EDGE('',*,*,#5982,.F.);
#8026=ORIENTED_EDGE('',*,*,#5986,.F.);
#8027=ORIENTED_EDGE('',*,*,#5987,.F.);
#8028=ORIENTED_EDGE('',*,*,#5988,.T.);
#8029=ORIENTED_EDGE('',*,*,#5989,.F.);
#8030=ORIENTED_EDGE('',*,*,#5990,.F.);
#8031=ORIENTED_EDGE('',*,*,#5988,.F.);
#8032=ORIENTED_EDGE('',*,*,#5991,.F.);
#8033=ORIENTED_EDGE('',*,*,#5992,.F.);
#8034=ORIENTED_EDGE('',*,*,#5993,.F.);
#8035=ORIENTED_EDGE('',*,*,#5994,.T.);
#8036=ORIENTED_EDGE('',*,*,#5995,.F.);
#8037=ORIENTED_EDGE('',*,*,#5996,.F.);
#8038=ORIENTED_EDGE('',*,*,#5997,.F.);
#8039=ORIENTED_EDGE('',*,*,#5994,.F.);
#8040=ORIENTED_EDGE('',*,*,#5998,.F.);
#8041=ORIENTED_EDGE('',*,*,#5999,.F.);
#8042=ORIENTED_EDGE('',*,*,#6000,.T.);
#8043=ORIENTED_EDGE('',*,*,#6001,.F.);
#8044=ORIENTED_EDGE('',*,*,#6002,.F.);
#8045=ORIENTED_EDGE('',*,*,#6000,.F.);
#8046=ORIENTED_EDGE('',*,*,#6003,.T.);
#8047=ORIENTED_EDGE('',*,*,#6004,.T.);
#8048=ORIENTED_EDGE('',*,*,#5983,.T.);
#8049=ORIENTED_EDGE('',*,*,#6005,.T.);
#8050=ORIENTED_EDGE('',*,*,#6006,.F.);
#8051=ORIENTED_EDGE('',*,*,#6005,.F.);
#8052=ORIENTED_EDGE('',*,*,#5985,.T.);
#8053=ORIENTED_EDGE('',*,*,#5984,.T.);
#8054=ORIENTED_EDGE('',*,*,#6004,.F.);
#8055=ORIENTED_EDGE('',*,*,#5986,.T.);
#8056=ORIENTED_EDGE('',*,*,#5987,.T.);
#8057=ORIENTED_EDGE('',*,*,#6003,.F.);
#8058=ORIENTED_EDGE('',*,*,#6007,.F.);
#8059=ORIENTED_EDGE('',*,*,#6008,.F.);
#8060=ORIENTED_EDGE('',*,*,#6009,.T.);
#8061=ORIENTED_EDGE('',*,*,#5995,.T.);
#8062=ORIENTED_EDGE('',*,*,#6010,.T.);
#8063=ORIENTED_EDGE('',*,*,#6007,.T.);
#8064=ORIENTED_EDGE('',*,*,#6010,.F.);
#8065=ORIENTED_EDGE('',*,*,#5997,.T.);
#8066=ORIENTED_EDGE('',*,*,#5996,.T.);
#8067=ORIENTED_EDGE('',*,*,#6009,.F.);
#8068=ORIENTED_EDGE('',*,*,#5998,.T.);
#8069=ORIENTED_EDGE('',*,*,#5999,.T.);
#8070=ORIENTED_EDGE('',*,*,#6011,.F.);
#8071=ORIENTED_EDGE('',*,*,#6012,.T.);
#8072=ORIENTED_EDGE('',*,*,#5981,.T.);
#8073=ORIENTED_EDGE('',*,*,#6013,.T.);
#8074=ORIENTED_EDGE('',*,*,#5993,.T.);
#8075=ORIENTED_EDGE('',*,*,#6014,.T.);
#8076=ORIENTED_EDGE('',*,*,#6015,.F.);
#8077=ORIENTED_EDGE('',*,*,#6014,.F.);
#8078=ORIENTED_EDGE('',*,*,#5992,.T.);
#8079=ORIENTED_EDGE('',*,*,#5991,.T.);
#8080=ORIENTED_EDGE('',*,*,#6013,.F.);
#8081=ORIENTED_EDGE('',*,*,#5980,.T.);
#8082=ORIENTED_EDGE('',*,*,#5979,.T.);
#8083=ORIENTED_EDGE('',*,*,#6012,.F.);
#8084=ORIENTED_EDGE('',*,*,#5989,.T.);
#8085=ORIENTED_EDGE('',*,*,#5990,.T.);
#8086=ORIENTED_EDGE('',*,*,#6001,.T.);
#8087=ORIENTED_EDGE('',*,*,#6002,.T.);
#8088=ORIENTED_EDGE('',*,*,#6015,.T.);
#8089=ORIENTED_EDGE('',*,*,#6008,.T.);
#8090=ORIENTED_EDGE('',*,*,#6011,.T.);
#8091=ORIENTED_EDGE('',*,*,#6006,.T.);
#8092=ORIENTED_EDGE('',*,*,#6016,.F.);
#8093=ORIENTED_EDGE('',*,*,#6017,.T.);
#8094=ORIENTED_EDGE('',*,*,#6018,.F.);
#8095=ORIENTED_EDGE('',*,*,#6017,.F.);
#8096=ORIENTED_EDGE('',*,*,#6019,.F.);
#8097=ORIENTED_EDGE('',*,*,#6020,.T.);
#8098=ORIENTED_EDGE('',*,*,#6021,.F.);
#8099=ORIENTED_EDGE('',*,*,#6020,.F.);
#8100=ORIENTED_EDGE('',*,*,#6022,.F.);
#8101=ORIENTED_EDGE('',*,*,#6023,.T.);
#8102=ORIENTED_EDGE('',*,*,#6024,.F.);
#8103=ORIENTED_EDGE('',*,*,#6023,.F.);
#8104=ORIENTED_EDGE('',*,*,#6025,.F.);
#8105=ORIENTED_EDGE('',*,*,#6026,.T.);
#8106=ORIENTED_EDGE('',*,*,#6027,.F.);
#8107=ORIENTED_EDGE('',*,*,#6026,.F.);
#8108=ORIENTED_EDGE('',*,*,#6028,.F.);
#8109=ORIENTED_EDGE('',*,*,#6029,.T.);
#8110=ORIENTED_EDGE('',*,*,#6030,.F.);
#8111=ORIENTED_EDGE('',*,*,#6029,.F.);
#8112=ORIENTED_EDGE('',*,*,#6031,.F.);
#8113=ORIENTED_EDGE('',*,*,#6032,.T.);
#8114=ORIENTED_EDGE('',*,*,#6033,.F.);
#8115=ORIENTED_EDGE('',*,*,#6032,.F.);
#8116=ORIENTED_EDGE('',*,*,#6034,.F.);
#8117=ORIENTED_EDGE('',*,*,#6035,.T.);
#8118=ORIENTED_EDGE('',*,*,#6036,.F.);
#8119=ORIENTED_EDGE('',*,*,#6035,.F.);
#8120=ORIENTED_EDGE('',*,*,#6037,.F.);
#8121=ORIENTED_EDGE('',*,*,#6038,.T.);
#8122=ORIENTED_EDGE('',*,*,#6039,.F.);
#8123=ORIENTED_EDGE('',*,*,#6038,.F.);
#8124=ORIENTED_EDGE('',*,*,#6040,.T.);
#8125=ORIENTED_EDGE('',*,*,#6041,.T.);
#8126=ORIENTED_EDGE('',*,*,#6042,.T.);
#8127=ORIENTED_EDGE('',*,*,#6043,.T.);
#8128=ORIENTED_EDGE('',*,*,#6039,.T.);
#8129=ORIENTED_EDGE('',*,*,#6036,.T.);
#8130=ORIENTED_EDGE('',*,*,#6033,.T.);
#8131=ORIENTED_EDGE('',*,*,#6030,.T.);
#8132=ORIENTED_EDGE('',*,*,#6027,.T.);
#8133=ORIENTED_EDGE('',*,*,#6024,.T.);
#8134=ORIENTED_EDGE('',*,*,#6021,.T.);
#8135=ORIENTED_EDGE('',*,*,#6018,.T.);
#8136=ORIENTED_EDGE('',*,*,#6044,.T.);
#8137=ORIENTED_EDGE('',*,*,#6045,.T.);
#8138=ORIENTED_EDGE('',*,*,#6046,.T.);
#8139=ORIENTED_EDGE('',*,*,#6047,.T.);
#8140=ORIENTED_EDGE('',*,*,#6037,.T.);
#8141=ORIENTED_EDGE('',*,*,#6034,.T.);
#8142=ORIENTED_EDGE('',*,*,#6031,.T.);
#8143=ORIENTED_EDGE('',*,*,#6028,.T.);
#8144=ORIENTED_EDGE('',*,*,#6025,.T.);
#8145=ORIENTED_EDGE('',*,*,#6022,.T.);
#8146=ORIENTED_EDGE('',*,*,#6019,.T.);
#8147=ORIENTED_EDGE('',*,*,#6016,.T.);
#8148=ORIENTED_EDGE('',*,*,#6048,.T.);
#8149=ORIENTED_EDGE('',*,*,#6045,.F.);
#8150=ORIENTED_EDGE('',*,*,#6049,.F.);
#8151=ORIENTED_EDGE('',*,*,#6043,.F.);
#8152=ORIENTED_EDGE('',*,*,#6050,.T.);
#8153=ORIENTED_EDGE('',*,*,#6046,.F.);
#8154=ORIENTED_EDGE('',*,*,#6048,.F.);
#8155=ORIENTED_EDGE('',*,*,#6042,.F.);
#8156=ORIENTED_EDGE('',*,*,#6051,.T.);
#8157=ORIENTED_EDGE('',*,*,#6047,.F.);
#8158=ORIENTED_EDGE('',*,*,#6050,.F.);
#8159=ORIENTED_EDGE('',*,*,#6041,.F.);
#8160=ORIENTED_EDGE('',*,*,#6049,.T.);
#8161=ORIENTED_EDGE('',*,*,#6044,.F.);
#8162=ORIENTED_EDGE('',*,*,#6051,.F.);
#8163=ORIENTED_EDGE('',*,*,#6040,.F.);
#8164=ORIENTED_EDGE('',*,*,#6052,.F.);
#8165=ORIENTED_EDGE('',*,*,#6053,.T.);
#8166=ORIENTED_EDGE('',*,*,#6054,.F.);
#8167=ORIENTED_EDGE('',*,*,#6053,.F.);
#8168=ORIENTED_EDGE('',*,*,#6055,.F.);
#8169=ORIENTED_EDGE('',*,*,#6056,.T.);
#8170=ORIENTED_EDGE('',*,*,#6057,.F.);
#8171=ORIENTED_EDGE('',*,*,#6056,.F.);
#8172=ORIENTED_EDGE('',*,*,#6058,.F.);
#8173=ORIENTED_EDGE('',*,*,#6059,.T.);
#8174=ORIENTED_EDGE('',*,*,#6060,.F.);
#8175=ORIENTED_EDGE('',*,*,#6059,.F.);
#8176=ORIENTED_EDGE('',*,*,#6061,.F.);
#8177=ORIENTED_EDGE('',*,*,#6062,.T.);
#8178=ORIENTED_EDGE('',*,*,#6063,.F.);
#8179=ORIENTED_EDGE('',*,*,#6062,.F.);
#8180=ORIENTED_EDGE('',*,*,#6064,.F.);
#8181=ORIENTED_EDGE('',*,*,#6065,.T.);
#8182=ORIENTED_EDGE('',*,*,#6066,.F.);
#8183=ORIENTED_EDGE('',*,*,#6065,.F.);
#8184=ORIENTED_EDGE('',*,*,#6067,.F.);
#8185=ORIENTED_EDGE('',*,*,#6068,.F.);
#8186=ORIENTED_EDGE('',*,*,#6069,.F.);
#8187=ORIENTED_EDGE('',*,*,#6070,.F.);
#8188=ORIENTED_EDGE('',*,*,#6071,.F.);
#8189=ORIENTED_EDGE('',*,*,#6072,.F.);
#8190=ORIENTED_EDGE('',*,*,#6073,.T.);
#8191=ORIENTED_EDGE('',*,*,#6074,.F.);
#8192=ORIENTED_EDGE('',*,*,#6069,.T.);
#8193=ORIENTED_EDGE('',*,*,#6075,.F.);
#8194=ORIENTED_EDGE('',*,*,#6073,.F.);
#8195=ORIENTED_EDGE('',*,*,#6076,.F.);
#8196=ORIENTED_EDGE('',*,*,#6077,.T.);
#8197=ORIENTED_EDGE('',*,*,#6078,.T.);
#8198=ORIENTED_EDGE('',*,*,#6079,.T.);
#8199=ORIENTED_EDGE('',*,*,#6080,.T.);
#8200=ORIENTED_EDGE('',*,*,#6081,.T.);
#8201=ORIENTED_EDGE('',*,*,#6082,.T.);
#8202=ORIENTED_EDGE('',*,*,#6083,.T.);
#8203=ORIENTED_EDGE('',*,*,#6084,.T.);
#8204=ORIENTED_EDGE('',*,*,#6085,.T.);
#8205=ORIENTED_EDGE('',*,*,#6086,.T.);
#8206=ORIENTED_EDGE('',*,*,#6087,.T.);
#8207=ORIENTED_EDGE('',*,*,#6088,.T.);
#8208=ORIENTED_EDGE('',*,*,#6089,.T.);
#8209=ORIENTED_EDGE('',*,*,#6090,.T.);
#8210=ORIENTED_EDGE('',*,*,#6091,.T.);
#8211=ORIENTED_EDGE('',*,*,#6092,.T.);
#8212=ORIENTED_EDGE('',*,*,#6093,.T.);
#8213=ORIENTED_EDGE('',*,*,#6094,.T.);
#8214=ORIENTED_EDGE('',*,*,#6095,.T.);
#8215=ORIENTED_EDGE('',*,*,#6096,.T.);
#8216=ORIENTED_EDGE('',*,*,#6097,.T.);
#8217=ORIENTED_EDGE('',*,*,#6098,.T.);
#8218=ORIENTED_EDGE('',*,*,#6099,.T.);
#8219=ORIENTED_EDGE('',*,*,#6100,.T.);
#8220=ORIENTED_EDGE('',*,*,#6101,.T.);
#8221=ORIENTED_EDGE('',*,*,#6102,.T.);
#8222=ORIENTED_EDGE('',*,*,#6103,.T.);
#8223=ORIENTED_EDGE('',*,*,#6104,.T.);
#8224=ORIENTED_EDGE('',*,*,#6105,.T.);
#8225=ORIENTED_EDGE('',*,*,#6106,.T.);
#8226=ORIENTED_EDGE('',*,*,#6107,.T.);
#8227=ORIENTED_EDGE('',*,*,#6108,.T.);
#8228=ORIENTED_EDGE('',*,*,#6109,.T.);
#8229=ORIENTED_EDGE('',*,*,#6110,.T.);
#8230=ORIENTED_EDGE('',*,*,#6111,.T.);
#8231=ORIENTED_EDGE('',*,*,#6112,.T.);
#8232=ORIENTED_EDGE('',*,*,#6113,.T.);
#8233=ORIENTED_EDGE('',*,*,#6114,.T.);
#8234=ORIENTED_EDGE('',*,*,#6115,.T.);
#8235=ORIENTED_EDGE('',*,*,#6116,.T.);
#8236=ORIENTED_EDGE('',*,*,#6117,.T.);
#8237=ORIENTED_EDGE('',*,*,#6118,.T.);
#8238=ORIENTED_EDGE('',*,*,#6119,.T.);
#8239=ORIENTED_EDGE('',*,*,#6120,.T.);
#8240=ORIENTED_EDGE('',*,*,#6121,.T.);
#8241=ORIENTED_EDGE('',*,*,#6122,.T.);
#8242=ORIENTED_EDGE('',*,*,#6123,.T.);
#8243=ORIENTED_EDGE('',*,*,#6124,.T.);
#8244=ORIENTED_EDGE('',*,*,#6125,.T.);
#8245=ORIENTED_EDGE('',*,*,#6126,.T.);
#8246=ORIENTED_EDGE('',*,*,#6127,.T.);
#8247=ORIENTED_EDGE('',*,*,#6128,.T.);
#8248=ORIENTED_EDGE('',*,*,#6129,.T.);
#8249=ORIENTED_EDGE('',*,*,#6130,.T.);
#8250=ORIENTED_EDGE('',*,*,#6131,.T.);
#8251=ORIENTED_EDGE('',*,*,#6132,.T.);
#8252=ORIENTED_EDGE('',*,*,#6133,.T.);
#8253=ORIENTED_EDGE('',*,*,#6134,.T.);
#8254=ORIENTED_EDGE('',*,*,#6135,.T.);
#8255=ORIENTED_EDGE('',*,*,#6136,.T.);
#8256=ORIENTED_EDGE('',*,*,#6137,.T.);
#8257=ORIENTED_EDGE('',*,*,#6138,.T.);
#8258=ORIENTED_EDGE('',*,*,#6139,.T.);
#8259=ORIENTED_EDGE('',*,*,#6140,.T.);
#8260=ORIENTED_EDGE('',*,*,#6141,.T.);
#8261=ORIENTED_EDGE('',*,*,#6142,.T.);
#8262=ORIENTED_EDGE('',*,*,#6143,.T.);
#8263=ORIENTED_EDGE('',*,*,#6144,.T.);
#8264=ORIENTED_EDGE('',*,*,#6145,.T.);
#8265=ORIENTED_EDGE('',*,*,#6146,.T.);
#8266=ORIENTED_EDGE('',*,*,#6147,.T.);
#8267=ORIENTED_EDGE('',*,*,#6148,.T.);
#8268=ORIENTED_EDGE('',*,*,#6149,.T.);
#8269=ORIENTED_EDGE('',*,*,#6150,.T.);
#8270=ORIENTED_EDGE('',*,*,#6151,.T.);
#8271=ORIENTED_EDGE('',*,*,#6152,.T.);
#8272=ORIENTED_EDGE('',*,*,#6153,.T.);
#8273=ORIENTED_EDGE('',*,*,#6154,.T.);
#8274=ORIENTED_EDGE('',*,*,#6155,.T.);
#8275=ORIENTED_EDGE('',*,*,#6156,.T.);
#8276=ORIENTED_EDGE('',*,*,#6157,.T.);
#8277=ORIENTED_EDGE('',*,*,#6158,.T.);
#8278=ORIENTED_EDGE('',*,*,#6159,.T.);
#8279=ORIENTED_EDGE('',*,*,#6160,.T.);
#8280=ORIENTED_EDGE('',*,*,#6161,.T.);
#8281=ORIENTED_EDGE('',*,*,#6162,.T.);
#8282=ORIENTED_EDGE('',*,*,#6163,.T.);
#8283=ORIENTED_EDGE('',*,*,#6164,.T.);
#8284=ORIENTED_EDGE('',*,*,#6165,.T.);
#8285=ORIENTED_EDGE('',*,*,#6166,.T.);
#8286=ORIENTED_EDGE('',*,*,#6167,.T.);
#8287=ORIENTED_EDGE('',*,*,#6168,.T.);
#8288=ORIENTED_EDGE('',*,*,#6169,.T.);
#8289=ORIENTED_EDGE('',*,*,#6170,.T.);
#8290=ORIENTED_EDGE('',*,*,#6171,.T.);
#8291=ORIENTED_EDGE('',*,*,#6172,.T.);
#8292=ORIENTED_EDGE('',*,*,#6173,.T.);
#8293=ORIENTED_EDGE('',*,*,#6174,.T.);
#8294=ORIENTED_EDGE('',*,*,#6175,.T.);
#8295=ORIENTED_EDGE('',*,*,#6176,.T.);
#8296=ORIENTED_EDGE('',*,*,#6177,.T.);
#8297=ORIENTED_EDGE('',*,*,#6178,.T.);
#8298=ORIENTED_EDGE('',*,*,#6179,.T.);
#8299=ORIENTED_EDGE('',*,*,#6180,.T.);
#8300=ORIENTED_EDGE('',*,*,#6181,.T.);
#8301=ORIENTED_EDGE('',*,*,#6182,.T.);
#8302=ORIENTED_EDGE('',*,*,#6183,.T.);
#8303=ORIENTED_EDGE('',*,*,#6184,.T.);
#8304=ORIENTED_EDGE('',*,*,#6185,.T.);
#8305=ORIENTED_EDGE('',*,*,#6186,.T.);
#8306=ORIENTED_EDGE('',*,*,#6187,.T.);
#8307=ORIENTED_EDGE('',*,*,#6188,.T.);
#8308=ORIENTED_EDGE('',*,*,#6189,.T.);
#8309=ORIENTED_EDGE('',*,*,#6190,.T.);
#8310=ORIENTED_EDGE('',*,*,#6191,.T.);
#8311=ORIENTED_EDGE('',*,*,#6192,.T.);
#8312=ORIENTED_EDGE('',*,*,#6193,.T.);
#8313=ORIENTED_EDGE('',*,*,#6194,.T.);
#8314=ORIENTED_EDGE('',*,*,#6195,.T.);
#8315=ORIENTED_EDGE('',*,*,#6196,.T.);
#8316=ORIENTED_EDGE('',*,*,#6197,.T.);
#8317=ORIENTED_EDGE('',*,*,#6198,.T.);
#8318=ORIENTED_EDGE('',*,*,#6199,.T.);
#8319=ORIENTED_EDGE('',*,*,#6200,.T.);
#8320=ORIENTED_EDGE('',*,*,#6201,.T.);
#8321=ORIENTED_EDGE('',*,*,#6202,.T.);
#8322=ORIENTED_EDGE('',*,*,#6203,.T.);
#8323=ORIENTED_EDGE('',*,*,#6204,.T.);
#8324=ORIENTED_EDGE('',*,*,#6205,.T.);
#8325=ORIENTED_EDGE('',*,*,#6206,.T.);
#8326=ORIENTED_EDGE('',*,*,#6207,.T.);
#8327=ORIENTED_EDGE('',*,*,#6208,.T.);
#8328=ORIENTED_EDGE('',*,*,#6209,.T.);
#8329=ORIENTED_EDGE('',*,*,#6210,.T.);
#8330=ORIENTED_EDGE('',*,*,#6211,.T.);
#8331=ORIENTED_EDGE('',*,*,#6212,.T.);
#8332=ORIENTED_EDGE('',*,*,#6213,.T.);
#8333=ORIENTED_EDGE('',*,*,#6214,.T.);
#8334=ORIENTED_EDGE('',*,*,#6215,.T.);
#8335=ORIENTED_EDGE('',*,*,#6216,.T.);
#8336=ORIENTED_EDGE('',*,*,#6217,.T.);
#8337=ORIENTED_EDGE('',*,*,#6218,.T.);
#8338=ORIENTED_EDGE('',*,*,#6219,.T.);
#8339=ORIENTED_EDGE('',*,*,#6220,.T.);
#8340=ORIENTED_EDGE('',*,*,#6221,.T.);
#8341=ORIENTED_EDGE('',*,*,#6222,.T.);
#8342=ORIENTED_EDGE('',*,*,#6223,.T.);
#8343=ORIENTED_EDGE('',*,*,#6224,.T.);
#8344=ORIENTED_EDGE('',*,*,#6225,.T.);
#8345=ORIENTED_EDGE('',*,*,#6226,.T.);
#8346=ORIENTED_EDGE('',*,*,#6227,.T.);
#8347=ORIENTED_EDGE('',*,*,#6228,.T.);
#8348=ORIENTED_EDGE('',*,*,#6229,.T.);
#8349=ORIENTED_EDGE('',*,*,#6230,.T.);
#8350=ORIENTED_EDGE('',*,*,#6231,.T.);
#8351=ORIENTED_EDGE('',*,*,#6232,.T.);
#8352=ORIENTED_EDGE('',*,*,#6233,.T.);
#8353=ORIENTED_EDGE('',*,*,#6234,.T.);
#8354=ORIENTED_EDGE('',*,*,#6235,.T.);
#8355=ORIENTED_EDGE('',*,*,#6236,.T.);
#8356=ORIENTED_EDGE('',*,*,#6237,.T.);
#8357=ORIENTED_EDGE('',*,*,#6238,.T.);
#8358=ORIENTED_EDGE('',*,*,#6239,.T.);
#8359=ORIENTED_EDGE('',*,*,#6240,.T.);
#8360=ORIENTED_EDGE('',*,*,#6241,.T.);
#8361=ORIENTED_EDGE('',*,*,#6242,.T.);
#8362=ORIENTED_EDGE('',*,*,#6243,.T.);
#8363=ORIENTED_EDGE('',*,*,#6244,.T.);
#8364=ORIENTED_EDGE('',*,*,#6245,.T.);
#8365=ORIENTED_EDGE('',*,*,#6246,.T.);
#8366=ORIENTED_EDGE('',*,*,#6247,.T.);
#8367=ORIENTED_EDGE('',*,*,#6248,.T.);
#8368=ORIENTED_EDGE('',*,*,#6249,.T.);
#8369=ORIENTED_EDGE('',*,*,#6250,.T.);
#8370=ORIENTED_EDGE('',*,*,#6251,.T.);
#8371=ORIENTED_EDGE('',*,*,#6252,.T.);
#8372=ORIENTED_EDGE('',*,*,#6253,.T.);
#8373=ORIENTED_EDGE('',*,*,#6254,.T.);
#8374=ORIENTED_EDGE('',*,*,#6255,.T.);
#8375=ORIENTED_EDGE('',*,*,#6256,.T.);
#8376=ORIENTED_EDGE('',*,*,#6257,.T.);
#8377=ORIENTED_EDGE('',*,*,#6258,.T.);
#8378=ORIENTED_EDGE('',*,*,#6259,.T.);
#8379=ORIENTED_EDGE('',*,*,#6260,.T.);
#8380=ORIENTED_EDGE('',*,*,#6261,.T.);
#8381=ORIENTED_EDGE('',*,*,#6262,.T.);
#8382=ORIENTED_EDGE('',*,*,#6263,.T.);
#8383=ORIENTED_EDGE('',*,*,#6264,.T.);
#8384=ORIENTED_EDGE('',*,*,#6265,.T.);
#8385=ORIENTED_EDGE('',*,*,#6266,.T.);
#8386=ORIENTED_EDGE('',*,*,#6267,.T.);
#8387=ORIENTED_EDGE('',*,*,#6268,.T.);
#8388=ORIENTED_EDGE('',*,*,#6269,.T.);
#8389=ORIENTED_EDGE('',*,*,#6270,.T.);
#8390=ORIENTED_EDGE('',*,*,#6271,.T.);
#8391=ORIENTED_EDGE('',*,*,#6272,.T.);
#8392=ORIENTED_EDGE('',*,*,#6273,.T.);
#8393=ORIENTED_EDGE('',*,*,#6274,.T.);
#8394=ORIENTED_EDGE('',*,*,#6275,.T.);
#8395=ORIENTED_EDGE('',*,*,#6276,.T.);
#8396=ORIENTED_EDGE('',*,*,#6277,.T.);
#8397=ORIENTED_EDGE('',*,*,#6278,.T.);
#8398=ORIENTED_EDGE('',*,*,#6279,.T.);
#8399=ORIENTED_EDGE('',*,*,#6280,.T.);
#8400=ORIENTED_EDGE('',*,*,#6281,.T.);
#8401=ORIENTED_EDGE('',*,*,#6282,.T.);
#8402=ORIENTED_EDGE('',*,*,#6283,.T.);
#8403=ORIENTED_EDGE('',*,*,#6284,.T.);
#8404=ORIENTED_EDGE('',*,*,#6285,.T.);
#8405=ORIENTED_EDGE('',*,*,#6286,.T.);
#8406=ORIENTED_EDGE('',*,*,#6287,.T.);
#8407=ORIENTED_EDGE('',*,*,#6288,.T.);
#8408=ORIENTED_EDGE('',*,*,#6289,.T.);
#8409=ORIENTED_EDGE('',*,*,#6290,.T.);
#8410=ORIENTED_EDGE('',*,*,#6291,.T.);
#8411=ORIENTED_EDGE('',*,*,#6292,.T.);
#8412=ORIENTED_EDGE('',*,*,#6293,.T.);
#8413=ORIENTED_EDGE('',*,*,#6294,.T.);
#8414=ORIENTED_EDGE('',*,*,#6295,.T.);
#8415=ORIENTED_EDGE('',*,*,#6296,.T.);
#8416=ORIENTED_EDGE('',*,*,#6297,.T.);
#8417=ORIENTED_EDGE('',*,*,#6298,.T.);
#8418=ORIENTED_EDGE('',*,*,#6299,.T.);
#8419=ORIENTED_EDGE('',*,*,#6300,.T.);
#8420=ORIENTED_EDGE('',*,*,#6301,.T.);
#8421=ORIENTED_EDGE('',*,*,#6302,.T.);
#8422=ORIENTED_EDGE('',*,*,#6303,.T.);
#8423=ORIENTED_EDGE('',*,*,#6304,.T.);
#8424=ORIENTED_EDGE('',*,*,#6305,.T.);
#8425=ORIENTED_EDGE('',*,*,#6306,.T.);
#8426=ORIENTED_EDGE('',*,*,#6307,.T.);
#8427=ORIENTED_EDGE('',*,*,#6308,.T.);
#8428=ORIENTED_EDGE('',*,*,#6309,.T.);
#8429=ORIENTED_EDGE('',*,*,#6310,.T.);
#8430=ORIENTED_EDGE('',*,*,#6311,.T.);
#8431=ORIENTED_EDGE('',*,*,#6312,.T.);
#8432=ORIENTED_EDGE('',*,*,#6313,.T.);
#8433=ORIENTED_EDGE('',*,*,#6070,.T.);
#8434=ORIENTED_EDGE('',*,*,#6076,.T.);
#8435=ORIENTED_EDGE('',*,*,#6072,.T.);
#8436=ORIENTED_EDGE('',*,*,#6054,.T.);
#8437=ORIENTED_EDGE('',*,*,#6057,.T.);
#8438=ORIENTED_EDGE('',*,*,#6060,.T.);
#8439=ORIENTED_EDGE('',*,*,#6063,.T.);
#8440=ORIENTED_EDGE('',*,*,#6066,.T.);
#8441=ORIENTED_EDGE('',*,*,#6071,.T.);
#8442=ORIENTED_EDGE('',*,*,#6314,.F.);
#8443=ORIENTED_EDGE('',*,*,#6315,.T.);
#8444=ORIENTED_EDGE('',*,*,#6077,.F.);
#8445=ORIENTED_EDGE('',*,*,#6316,.F.);
#8446=ORIENTED_EDGE('',*,*,#6317,.F.);
#8447=ORIENTED_EDGE('',*,*,#6318,.F.);
#8448=ORIENTED_EDGE('',*,*,#6310,.F.);
#8449=ORIENTED_EDGE('',*,*,#6319,.F.);
#8450=ORIENTED_EDGE('',*,*,#6312,.F.);
#8451=ORIENTED_EDGE('',*,*,#6320,.T.);
#8452=ORIENTED_EDGE('',*,*,#6321,.F.);
#8453=ORIENTED_EDGE('',*,*,#6318,.T.);
#8454=ORIENTED_EDGE('',*,*,#6322,.F.);
#8455=ORIENTED_EDGE('',*,*,#6320,.F.);
#8456=ORIENTED_EDGE('',*,*,#6311,.F.);
#8457=ORIENTED_EDGE('',*,*,#6067,.T.);
#8458=ORIENTED_EDGE('',*,*,#6313,.F.);
#8459=ORIENTED_EDGE('',*,*,#6319,.T.);
#8460=ORIENTED_EDGE('',*,*,#6323,.F.);
#8461=ORIENTED_EDGE('',*,*,#6324,.F.);
#8462=ORIENTED_EDGE('',*,*,#6325,.F.);
#8463=ORIENTED_EDGE('',*,*,#6326,.F.);
#8464=ORIENTED_EDGE('',*,*,#6306,.F.);
#8465=ORIENTED_EDGE('',*,*,#6327,.F.);
#8466=ORIENTED_EDGE('',*,*,#6308,.F.);
#8467=ORIENTED_EDGE('',*,*,#6328,.T.);
#8468=ORIENTED_EDGE('',*,*,#6329,.F.);
#8469=ORIENTED_EDGE('',*,*,#6326,.T.);
#8470=ORIENTED_EDGE('',*,*,#6330,.F.);
#8471=ORIENTED_EDGE('',*,*,#6328,.F.);
#8472=ORIENTED_EDGE('',*,*,#6307,.F.);
#8473=ORIENTED_EDGE('',*,*,#6316,.T.);
#8474=ORIENTED_EDGE('',*,*,#6309,.F.);
#8475=ORIENTED_EDGE('',*,*,#6327,.T.);
#8476=ORIENTED_EDGE('',*,*,#6331,.F.);
#8477=ORIENTED_EDGE('',*,*,#6332,.F.);
#8478=ORIENTED_EDGE('',*,*,#6333,.F.);
#8479=ORIENTED_EDGE('',*,*,#6334,.F.);
#8480=ORIENTED_EDGE('',*,*,#6302,.F.);
#8481=ORIENTED_EDGE('',*,*,#6335,.F.);
#8482=ORIENTED_EDGE('',*,*,#6304,.F.);
#8483=ORIENTED_EDGE('',*,*,#6336,.T.);
#8484=ORIENTED_EDGE('',*,*,#6337,.F.);
#8485=ORIENTED_EDGE('',*,*,#6334,.T.);
#8486=ORIENTED_EDGE('',*,*,#6338,.F.);
#8487=ORIENTED_EDGE('',*,*,#6336,.F.);
#8488=ORIENTED_EDGE('',*,*,#6303,.F.);
#8489=ORIENTED_EDGE('',*,*,#6324,.T.);
#8490=ORIENTED_EDGE('',*,*,#6305,.F.);
#8491=ORIENTED_EDGE('',*,*,#6335,.T.);
#8492=ORIENTED_EDGE('',*,*,#6339,.F.);
#8493=ORIENTED_EDGE('',*,*,#6340,.F.);
#8494=ORIENTED_EDGE('',*,*,#6341,.F.);
#8495=ORIENTED_EDGE('',*,*,#6342,.F.);
#8496=ORIENTED_EDGE('',*,*,#6298,.F.);
#8497=ORIENTED_EDGE('',*,*,#6343,.F.);
#8498=ORIENTED_EDGE('',*,*,#6300,.F.);
#8499=ORIENTED_EDGE('',*,*,#6344,.T.);
#8500=ORIENTED_EDGE('',*,*,#6345,.F.);
#8501=ORIENTED_EDGE('',*,*,#6342,.T.);
#8502=ORIENTED_EDGE('',*,*,#6346,.F.);
#8503=ORIENTED_EDGE('',*,*,#6344,.F.);
#8504=ORIENTED_EDGE('',*,*,#6299,.F.);
#8505=ORIENTED_EDGE('',*,*,#6332,.T.);
#8506=ORIENTED_EDGE('',*,*,#6301,.F.);
#8507=ORIENTED_EDGE('',*,*,#6343,.T.);
#8508=ORIENTED_EDGE('',*,*,#6347,.F.);
#8509=ORIENTED_EDGE('',*,*,#6348,.F.);
#8510=ORIENTED_EDGE('',*,*,#6349,.F.);
#8511=ORIENTED_EDGE('',*,*,#6350,.F.);
#8512=ORIENTED_EDGE('',*,*,#6294,.F.);
#8513=ORIENTED_EDGE('',*,*,#6351,.F.);
#8514=ORIENTED_EDGE('',*,*,#6296,.F.);
#8515=ORIENTED_EDGE('',*,*,#6352,.T.);
#8516=ORIENTED_EDGE('',*,*,#6353,.F.);
#8517=ORIENTED_EDGE('',*,*,#6350,.T.);
#8518=ORIENTED_EDGE('',*,*,#6354,.F.);
#8519=ORIENTED_EDGE('',*,*,#6352,.F.);
#8520=ORIENTED_EDGE('',*,*,#6295,.F.);
#8521=ORIENTED_EDGE('',*,*,#6340,.T.);
#8522=ORIENTED_EDGE('',*,*,#6297,.F.);
#8523=ORIENTED_EDGE('',*,*,#6351,.T.);
#8524=ORIENTED_EDGE('',*,*,#6355,.F.);
#8525=ORIENTED_EDGE('',*,*,#6356,.F.);
#8526=ORIENTED_EDGE('',*,*,#6357,.F.);
#8527=ORIENTED_EDGE('',*,*,#6358,.F.);
#8528=ORIENTED_EDGE('',*,*,#6290,.F.);
#8529=ORIENTED_EDGE('',*,*,#6359,.F.);
#8530=ORIENTED_EDGE('',*,*,#6292,.F.);
#8531=ORIENTED_EDGE('',*,*,#6360,.T.);
#8532=ORIENTED_EDGE('',*,*,#6361,.F.);
#8533=ORIENTED_EDGE('',*,*,#6358,.T.);
#8534=ORIENTED_EDGE('',*,*,#6362,.F.);
#8535=ORIENTED_EDGE('',*,*,#6360,.F.);
#8536=ORIENTED_EDGE('',*,*,#6291,.F.);
#8537=ORIENTED_EDGE('',*,*,#6348,.T.);
#8538=ORIENTED_EDGE('',*,*,#6293,.F.);
#8539=ORIENTED_EDGE('',*,*,#6359,.T.);
#8540=ORIENTED_EDGE('',*,*,#6363,.F.);
#8541=ORIENTED_EDGE('',*,*,#6364,.F.);
#8542=ORIENTED_EDGE('',*,*,#6365,.F.);
#8543=ORIENTED_EDGE('',*,*,#6366,.F.);
#8544=ORIENTED_EDGE('',*,*,#6286,.F.);
#8545=ORIENTED_EDGE('',*,*,#6367,.F.);
#8546=ORIENTED_EDGE('',*,*,#6288,.F.);
#8547=ORIENTED_EDGE('',*,*,#6368,.T.);
#8548=ORIENTED_EDGE('',*,*,#6369,.F.);
#8549=ORIENTED_EDGE('',*,*,#6366,.T.);
#8550=ORIENTED_EDGE('',*,*,#6370,.F.);
#8551=ORIENTED_EDGE('',*,*,#6368,.F.);
#8552=ORIENTED_EDGE('',*,*,#6287,.F.);
#8553=ORIENTED_EDGE('',*,*,#6356,.T.);
#8554=ORIENTED_EDGE('',*,*,#6289,.F.);
#8555=ORIENTED_EDGE('',*,*,#6367,.T.);
#8556=ORIENTED_EDGE('',*,*,#6371,.F.);
#8557=ORIENTED_EDGE('',*,*,#6372,.F.);
#8558=ORIENTED_EDGE('',*,*,#6373,.F.);
#8559=ORIENTED_EDGE('',*,*,#6374,.F.);
#8560=ORIENTED_EDGE('',*,*,#6282,.F.);
#8561=ORIENTED_EDGE('',*,*,#6375,.F.);
#8562=ORIENTED_EDGE('',*,*,#6284,.F.);
#8563=ORIENTED_EDGE('',*,*,#6376,.T.);
#8564=ORIENTED_EDGE('',*,*,#6377,.F.);
#8565=ORIENTED_EDGE('',*,*,#6374,.T.);
#8566=ORIENTED_EDGE('',*,*,#6378,.F.);
#8567=ORIENTED_EDGE('',*,*,#6376,.F.);
#8568=ORIENTED_EDGE('',*,*,#6283,.F.);
#8569=ORIENTED_EDGE('',*,*,#6364,.T.);
#8570=ORIENTED_EDGE('',*,*,#6285,.F.);
#8571=ORIENTED_EDGE('',*,*,#6375,.T.);
#8572=ORIENTED_EDGE('',*,*,#6379,.F.);
#8573=ORIENTED_EDGE('',*,*,#6380,.F.);
#8574=ORIENTED_EDGE('',*,*,#6381,.F.);
#8575=ORIENTED_EDGE('',*,*,#6382,.F.);
#8576=ORIENTED_EDGE('',*,*,#6278,.F.);
#8577=ORIENTED_EDGE('',*,*,#6383,.F.);
#8578=ORIENTED_EDGE('',*,*,#6280,.F.);
#8579=ORIENTED_EDGE('',*,*,#6384,.T.);
#8580=ORIENTED_EDGE('',*,*,#6385,.F.);
#8581=ORIENTED_EDGE('',*,*,#6382,.T.);
#8582=ORIENTED_EDGE('',*,*,#6386,.F.);
#8583=ORIENTED_EDGE('',*,*,#6384,.F.);
#8584=ORIENTED_EDGE('',*,*,#6279,.F.);
#8585=ORIENTED_EDGE('',*,*,#6372,.T.);
#8586=ORIENTED_EDGE('',*,*,#6281,.F.);
#8587=ORIENTED_EDGE('',*,*,#6383,.T.);
#8588=ORIENTED_EDGE('',*,*,#6387,.F.);
#8589=ORIENTED_EDGE('',*,*,#6388,.F.);
#8590=ORIENTED_EDGE('',*,*,#6389,.F.);
#8591=ORIENTED_EDGE('',*,*,#6390,.F.);
#8592=ORIENTED_EDGE('',*,*,#6274,.F.);
#8593=ORIENTED_EDGE('',*,*,#6391,.F.);
#8594=ORIENTED_EDGE('',*,*,#6276,.F.);
#8595=ORIENTED_EDGE('',*,*,#6392,.T.);
#8596=ORIENTED_EDGE('',*,*,#6393,.F.);
#8597=ORIENTED_EDGE('',*,*,#6390,.T.);
#8598=ORIENTED_EDGE('',*,*,#6394,.F.);
#8599=ORIENTED_EDGE('',*,*,#6392,.F.);
#8600=ORIENTED_EDGE('',*,*,#6275,.F.);
#8601=ORIENTED_EDGE('',*,*,#6380,.T.);
#8602=ORIENTED_EDGE('',*,*,#6277,.F.);
#8603=ORIENTED_EDGE('',*,*,#6391,.T.);
#8604=ORIENTED_EDGE('',*,*,#6395,.F.);
#8605=ORIENTED_EDGE('',*,*,#6396,.F.);
#8606=ORIENTED_EDGE('',*,*,#6397,.F.);
#8607=ORIENTED_EDGE('',*,*,#6398,.F.);
#8608=ORIENTED_EDGE('',*,*,#6270,.F.);
#8609=ORIENTED_EDGE('',*,*,#6399,.F.);
#8610=ORIENTED_EDGE('',*,*,#6272,.F.);
#8611=ORIENTED_EDGE('',*,*,#6400,.T.);
#8612=ORIENTED_EDGE('',*,*,#6401,.F.);
#8613=ORIENTED_EDGE('',*,*,#6398,.T.);
#8614=ORIENTED_EDGE('',*,*,#6402,.F.);
#8615=ORIENTED_EDGE('',*,*,#6400,.F.);
#8616=ORIENTED_EDGE('',*,*,#6271,.F.);
#8617=ORIENTED_EDGE('',*,*,#6388,.T.);
#8618=ORIENTED_EDGE('',*,*,#6273,.F.);
#8619=ORIENTED_EDGE('',*,*,#6399,.T.);
#8620=ORIENTED_EDGE('',*,*,#6403,.F.);
#8621=ORIENTED_EDGE('',*,*,#6404,.F.);
#8622=ORIENTED_EDGE('',*,*,#6405,.F.);
#8623=ORIENTED_EDGE('',*,*,#6406,.F.);
#8624=ORIENTED_EDGE('',*,*,#6266,.F.);
#8625=ORIENTED_EDGE('',*,*,#6407,.F.);
#8626=ORIENTED_EDGE('',*,*,#6268,.F.);
#8627=ORIENTED_EDGE('',*,*,#6408,.T.);
#8628=ORIENTED_EDGE('',*,*,#6409,.F.);
#8629=ORIENTED_EDGE('',*,*,#6406,.T.);
#8630=ORIENTED_EDGE('',*,*,#6410,.F.);
#8631=ORIENTED_EDGE('',*,*,#6408,.F.);
#8632=ORIENTED_EDGE('',*,*,#6267,.F.);
#8633=ORIENTED_EDGE('',*,*,#6396,.T.);
#8634=ORIENTED_EDGE('',*,*,#6269,.F.);
#8635=ORIENTED_EDGE('',*,*,#6407,.T.);
#8636=ORIENTED_EDGE('',*,*,#6411,.F.);
#8637=ORIENTED_EDGE('',*,*,#6412,.F.);
#8638=ORIENTED_EDGE('',*,*,#6413,.F.);
#8639=ORIENTED_EDGE('',*,*,#6414,.F.);
#8640=ORIENTED_EDGE('',*,*,#6262,.F.);
#8641=ORIENTED_EDGE('',*,*,#6415,.F.);
#8642=ORIENTED_EDGE('',*,*,#6264,.F.);
#8643=ORIENTED_EDGE('',*,*,#6416,.T.);
#8644=ORIENTED_EDGE('',*,*,#6417,.F.);
#8645=ORIENTED_EDGE('',*,*,#6414,.T.);
#8646=ORIENTED_EDGE('',*,*,#6418,.F.);
#8647=ORIENTED_EDGE('',*,*,#6416,.F.);
#8648=ORIENTED_EDGE('',*,*,#6263,.F.);
#8649=ORIENTED_EDGE('',*,*,#6404,.T.);
#8650=ORIENTED_EDGE('',*,*,#6265,.F.);
#8651=ORIENTED_EDGE('',*,*,#6415,.T.);
#8652=ORIENTED_EDGE('',*,*,#6419,.F.);
#8653=ORIENTED_EDGE('',*,*,#6420,.F.);
#8654=ORIENTED_EDGE('',*,*,#6421,.F.);
#8655=ORIENTED_EDGE('',*,*,#6422,.F.);
#8656=ORIENTED_EDGE('',*,*,#6258,.F.);
#8657=ORIENTED_EDGE('',*,*,#6423,.F.);
#8658=ORIENTED_EDGE('',*,*,#6260,.F.);
#8659=ORIENTED_EDGE('',*,*,#6424,.T.);
#8660=ORIENTED_EDGE('',*,*,#6425,.F.);
#8661=ORIENTED_EDGE('',*,*,#6422,.T.);
#8662=ORIENTED_EDGE('',*,*,#6426,.F.);
#8663=ORIENTED_EDGE('',*,*,#6424,.F.);
#8664=ORIENTED_EDGE('',*,*,#6259,.F.);
#8665=ORIENTED_EDGE('',*,*,#6412,.T.);
#8666=ORIENTED_EDGE('',*,*,#6261,.F.);
#8667=ORIENTED_EDGE('',*,*,#6423,.T.);
#8668=ORIENTED_EDGE('',*,*,#6427,.F.);
#8669=ORIENTED_EDGE('',*,*,#6428,.F.);
#8670=ORIENTED_EDGE('',*,*,#6429,.F.);
#8671=ORIENTED_EDGE('',*,*,#6430,.F.);
#8672=ORIENTED_EDGE('',*,*,#6254,.F.);
#8673=ORIENTED_EDGE('',*,*,#6431,.F.);
#8674=ORIENTED_EDGE('',*,*,#6256,.F.);
#8675=ORIENTED_EDGE('',*,*,#6432,.T.);
#8676=ORIENTED_EDGE('',*,*,#6433,.F.);
#8677=ORIENTED_EDGE('',*,*,#6430,.T.);
#8678=ORIENTED_EDGE('',*,*,#6434,.F.);
#8679=ORIENTED_EDGE('',*,*,#6432,.F.);
#8680=ORIENTED_EDGE('',*,*,#6255,.F.);
#8681=ORIENTED_EDGE('',*,*,#6420,.T.);
#8682=ORIENTED_EDGE('',*,*,#6257,.F.);
#8683=ORIENTED_EDGE('',*,*,#6431,.T.);
#8684=ORIENTED_EDGE('',*,*,#6435,.F.);
#8685=ORIENTED_EDGE('',*,*,#6436,.F.);
#8686=ORIENTED_EDGE('',*,*,#6437,.F.);
#8687=ORIENTED_EDGE('',*,*,#6438,.F.);
#8688=ORIENTED_EDGE('',*,*,#6250,.F.);
#8689=ORIENTED_EDGE('',*,*,#6439,.F.);
#8690=ORIENTED_EDGE('',*,*,#6252,.F.);
#8691=ORIENTED_EDGE('',*,*,#6440,.T.);
#8692=ORIENTED_EDGE('',*,*,#6441,.F.);
#8693=ORIENTED_EDGE('',*,*,#6438,.T.);
#8694=ORIENTED_EDGE('',*,*,#6442,.F.);
#8695=ORIENTED_EDGE('',*,*,#6440,.F.);
#8696=ORIENTED_EDGE('',*,*,#6251,.F.);
#8697=ORIENTED_EDGE('',*,*,#6428,.T.);
#8698=ORIENTED_EDGE('',*,*,#6253,.F.);
#8699=ORIENTED_EDGE('',*,*,#6439,.T.);
#8700=ORIENTED_EDGE('',*,*,#6443,.F.);
#8701=ORIENTED_EDGE('',*,*,#6444,.F.);
#8702=ORIENTED_EDGE('',*,*,#6445,.F.);
#8703=ORIENTED_EDGE('',*,*,#6446,.F.);
#8704=ORIENTED_EDGE('',*,*,#6246,.F.);
#8705=ORIENTED_EDGE('',*,*,#6447,.F.);
#8706=ORIENTED_EDGE('',*,*,#6248,.F.);
#8707=ORIENTED_EDGE('',*,*,#6448,.T.);
#8708=ORIENTED_EDGE('',*,*,#6449,.F.);
#8709=ORIENTED_EDGE('',*,*,#6446,.T.);
#8710=ORIENTED_EDGE('',*,*,#6450,.F.);
#8711=ORIENTED_EDGE('',*,*,#6448,.F.);
#8712=ORIENTED_EDGE('',*,*,#6247,.F.);
#8713=ORIENTED_EDGE('',*,*,#6436,.T.);
#8714=ORIENTED_EDGE('',*,*,#6249,.F.);
#8715=ORIENTED_EDGE('',*,*,#6447,.T.);
#8716=ORIENTED_EDGE('',*,*,#6451,.F.);
#8717=ORIENTED_EDGE('',*,*,#6452,.F.);
#8718=ORIENTED_EDGE('',*,*,#6453,.F.);
#8719=ORIENTED_EDGE('',*,*,#6454,.F.);
#8720=ORIENTED_EDGE('',*,*,#6242,.F.);
#8721=ORIENTED_EDGE('',*,*,#6455,.F.);
#8722=ORIENTED_EDGE('',*,*,#6244,.F.);
#8723=ORIENTED_EDGE('',*,*,#6456,.T.);
#8724=ORIENTED_EDGE('',*,*,#6457,.F.);
#8725=ORIENTED_EDGE('',*,*,#6454,.T.);
#8726=ORIENTED_EDGE('',*,*,#6458,.F.);
#8727=ORIENTED_EDGE('',*,*,#6456,.F.);
#8728=ORIENTED_EDGE('',*,*,#6243,.F.);
#8729=ORIENTED_EDGE('',*,*,#6444,.T.);
#8730=ORIENTED_EDGE('',*,*,#6245,.F.);
#8731=ORIENTED_EDGE('',*,*,#6455,.T.);
#8732=ORIENTED_EDGE('',*,*,#6459,.F.);
#8733=ORIENTED_EDGE('',*,*,#6460,.F.);
#8734=ORIENTED_EDGE('',*,*,#6461,.F.);
#8735=ORIENTED_EDGE('',*,*,#6462,.F.);
#8736=ORIENTED_EDGE('',*,*,#6238,.F.);
#8737=ORIENTED_EDGE('',*,*,#6463,.F.);
#8738=ORIENTED_EDGE('',*,*,#6240,.F.);
#8739=ORIENTED_EDGE('',*,*,#6464,.T.);
#8740=ORIENTED_EDGE('',*,*,#6465,.F.);
#8741=ORIENTED_EDGE('',*,*,#6462,.T.);
#8742=ORIENTED_EDGE('',*,*,#6466,.F.);
#8743=ORIENTED_EDGE('',*,*,#6464,.F.);
#8744=ORIENTED_EDGE('',*,*,#6239,.F.);
#8745=ORIENTED_EDGE('',*,*,#6452,.T.);
#8746=ORIENTED_EDGE('',*,*,#6241,.F.);
#8747=ORIENTED_EDGE('',*,*,#6463,.T.);
#8748=ORIENTED_EDGE('',*,*,#6467,.F.);
#8749=ORIENTED_EDGE('',*,*,#6468,.F.);
#8750=ORIENTED_EDGE('',*,*,#6469,.F.);
#8751=ORIENTED_EDGE('',*,*,#6470,.F.);
#8752=ORIENTED_EDGE('',*,*,#6234,.F.);
#8753=ORIENTED_EDGE('',*,*,#6471,.F.);
#8754=ORIENTED_EDGE('',*,*,#6236,.F.);
#8755=ORIENTED_EDGE('',*,*,#6472,.T.);
#8756=ORIENTED_EDGE('',*,*,#6473,.F.);
#8757=ORIENTED_EDGE('',*,*,#6470,.T.);
#8758=ORIENTED_EDGE('',*,*,#6474,.F.);
#8759=ORIENTED_EDGE('',*,*,#6472,.F.);
#8760=ORIENTED_EDGE('',*,*,#6235,.F.);
#8761=ORIENTED_EDGE('',*,*,#6460,.T.);
#8762=ORIENTED_EDGE('',*,*,#6237,.F.);
#8763=ORIENTED_EDGE('',*,*,#6471,.T.);
#8764=ORIENTED_EDGE('',*,*,#6475,.F.);
#8765=ORIENTED_EDGE('',*,*,#6476,.F.);
#8766=ORIENTED_EDGE('',*,*,#6477,.F.);
#8767=ORIENTED_EDGE('',*,*,#6478,.F.);
#8768=ORIENTED_EDGE('',*,*,#6230,.F.);
#8769=ORIENTED_EDGE('',*,*,#6479,.F.);
#8770=ORIENTED_EDGE('',*,*,#6232,.F.);
#8771=ORIENTED_EDGE('',*,*,#6480,.T.);
#8772=ORIENTED_EDGE('',*,*,#6481,.F.);
#8773=ORIENTED_EDGE('',*,*,#6478,.T.);
#8774=ORIENTED_EDGE('',*,*,#6482,.F.);
#8775=ORIENTED_EDGE('',*,*,#6480,.F.);
#8776=ORIENTED_EDGE('',*,*,#6231,.F.);
#8777=ORIENTED_EDGE('',*,*,#6468,.T.);
#8778=ORIENTED_EDGE('',*,*,#6233,.F.);
#8779=ORIENTED_EDGE('',*,*,#6479,.T.);
#8780=ORIENTED_EDGE('',*,*,#6483,.F.);
#8781=ORIENTED_EDGE('',*,*,#6484,.F.);
#8782=ORIENTED_EDGE('',*,*,#6485,.F.);
#8783=ORIENTED_EDGE('',*,*,#6486,.F.);
#8784=ORIENTED_EDGE('',*,*,#6226,.F.);
#8785=ORIENTED_EDGE('',*,*,#6487,.F.);
#8786=ORIENTED_EDGE('',*,*,#6228,.F.);
#8787=ORIENTED_EDGE('',*,*,#6488,.T.);
#8788=ORIENTED_EDGE('',*,*,#6489,.F.);
#8789=ORIENTED_EDGE('',*,*,#6486,.T.);
#8790=ORIENTED_EDGE('',*,*,#6490,.F.);
#8791=ORIENTED_EDGE('',*,*,#6488,.F.);
#8792=ORIENTED_EDGE('',*,*,#6227,.F.);
#8793=ORIENTED_EDGE('',*,*,#6476,.T.);
#8794=ORIENTED_EDGE('',*,*,#6229,.F.);
#8795=ORIENTED_EDGE('',*,*,#6487,.T.);
#8796=ORIENTED_EDGE('',*,*,#6491,.F.);
#8797=ORIENTED_EDGE('',*,*,#6492,.F.);
#8798=ORIENTED_EDGE('',*,*,#6493,.F.);
#8799=ORIENTED_EDGE('',*,*,#6494,.F.);
#8800=ORIENTED_EDGE('',*,*,#6222,.F.);
#8801=ORIENTED_EDGE('',*,*,#6495,.F.);
#8802=ORIENTED_EDGE('',*,*,#6224,.F.);
#8803=ORIENTED_EDGE('',*,*,#6496,.T.);
#8804=ORIENTED_EDGE('',*,*,#6497,.F.);
#8805=ORIENTED_EDGE('',*,*,#6494,.T.);
#8806=ORIENTED_EDGE('',*,*,#6498,.F.);
#8807=ORIENTED_EDGE('',*,*,#6496,.F.);
#8808=ORIENTED_EDGE('',*,*,#6223,.F.);
#8809=ORIENTED_EDGE('',*,*,#6484,.T.);
#8810=ORIENTED_EDGE('',*,*,#6225,.F.);
#8811=ORIENTED_EDGE('',*,*,#6495,.T.);
#8812=ORIENTED_EDGE('',*,*,#6499,.F.);
#8813=ORIENTED_EDGE('',*,*,#6500,.F.);
#8814=ORIENTED_EDGE('',*,*,#6501,.F.);
#8815=ORIENTED_EDGE('',*,*,#6502,.F.);
#8816=ORIENTED_EDGE('',*,*,#6218,.F.);
#8817=ORIENTED_EDGE('',*,*,#6503,.F.);
#8818=ORIENTED_EDGE('',*,*,#6220,.F.);
#8819=ORIENTED_EDGE('',*,*,#6504,.T.);
#8820=ORIENTED_EDGE('',*,*,#6505,.F.);
#8821=ORIENTED_EDGE('',*,*,#6502,.T.);
#8822=ORIENTED_EDGE('',*,*,#6506,.F.);
#8823=ORIENTED_EDGE('',*,*,#6504,.F.);
#8824=ORIENTED_EDGE('',*,*,#6219,.F.);
#8825=ORIENTED_EDGE('',*,*,#6492,.T.);
#8826=ORIENTED_EDGE('',*,*,#6221,.F.);
#8827=ORIENTED_EDGE('',*,*,#6503,.T.);
#8828=ORIENTED_EDGE('',*,*,#6507,.F.);
#8829=ORIENTED_EDGE('',*,*,#6508,.F.);
#8830=ORIENTED_EDGE('',*,*,#6509,.F.);
#8831=ORIENTED_EDGE('',*,*,#6510,.F.);
#8832=ORIENTED_EDGE('',*,*,#6214,.F.);
#8833=ORIENTED_EDGE('',*,*,#6511,.F.);
#8834=ORIENTED_EDGE('',*,*,#6216,.F.);
#8835=ORIENTED_EDGE('',*,*,#6512,.T.);
#8836=ORIENTED_EDGE('',*,*,#6513,.F.);
#8837=ORIENTED_EDGE('',*,*,#6510,.T.);
#8838=ORIENTED_EDGE('',*,*,#6514,.F.);
#8839=ORIENTED_EDGE('',*,*,#6512,.F.);
#8840=ORIENTED_EDGE('',*,*,#6215,.F.);
#8841=ORIENTED_EDGE('',*,*,#6500,.T.);
#8842=ORIENTED_EDGE('',*,*,#6217,.F.);
#8843=ORIENTED_EDGE('',*,*,#6511,.T.);
#8844=ORIENTED_EDGE('',*,*,#6515,.F.);
#8845=ORIENTED_EDGE('',*,*,#6516,.F.);
#8846=ORIENTED_EDGE('',*,*,#6517,.F.);
#8847=ORIENTED_EDGE('',*,*,#6518,.F.);
#8848=ORIENTED_EDGE('',*,*,#6210,.F.);
#8849=ORIENTED_EDGE('',*,*,#6519,.F.);
#8850=ORIENTED_EDGE('',*,*,#6212,.F.);
#8851=ORIENTED_EDGE('',*,*,#6520,.T.);
#8852=ORIENTED_EDGE('',*,*,#6521,.F.);
#8853=ORIENTED_EDGE('',*,*,#6518,.T.);
#8854=ORIENTED_EDGE('',*,*,#6522,.F.);
#8855=ORIENTED_EDGE('',*,*,#6520,.F.);
#8856=ORIENTED_EDGE('',*,*,#6211,.F.);
#8857=ORIENTED_EDGE('',*,*,#6508,.T.);
#8858=ORIENTED_EDGE('',*,*,#6213,.F.);
#8859=ORIENTED_EDGE('',*,*,#6519,.T.);
#8860=ORIENTED_EDGE('',*,*,#6523,.F.);
#8861=ORIENTED_EDGE('',*,*,#6524,.F.);
#8862=ORIENTED_EDGE('',*,*,#6525,.F.);
#8863=ORIENTED_EDGE('',*,*,#6526,.F.);
#8864=ORIENTED_EDGE('',*,*,#6206,.F.);
#8865=ORIENTED_EDGE('',*,*,#6527,.F.);
#8866=ORIENTED_EDGE('',*,*,#6208,.F.);
#8867=ORIENTED_EDGE('',*,*,#6528,.T.);
#8868=ORIENTED_EDGE('',*,*,#6529,.F.);
#8869=ORIENTED_EDGE('',*,*,#6526,.T.);
#8870=ORIENTED_EDGE('',*,*,#6530,.F.);
#8871=ORIENTED_EDGE('',*,*,#6528,.F.);
#8872=ORIENTED_EDGE('',*,*,#6207,.F.);
#8873=ORIENTED_EDGE('',*,*,#6516,.T.);
#8874=ORIENTED_EDGE('',*,*,#6209,.F.);
#8875=ORIENTED_EDGE('',*,*,#6527,.T.);
#8876=ORIENTED_EDGE('',*,*,#6531,.F.);
#8877=ORIENTED_EDGE('',*,*,#6532,.F.);
#8878=ORIENTED_EDGE('',*,*,#6533,.F.);
#8879=ORIENTED_EDGE('',*,*,#6534,.F.);
#8880=ORIENTED_EDGE('',*,*,#6202,.F.);
#8881=ORIENTED_EDGE('',*,*,#6535,.F.);
#8882=ORIENTED_EDGE('',*,*,#6204,.F.);
#8883=ORIENTED_EDGE('',*,*,#6536,.T.);
#8884=ORIENTED_EDGE('',*,*,#6537,.F.);
#8885=ORIENTED_EDGE('',*,*,#6534,.T.);
#8886=ORIENTED_EDGE('',*,*,#6538,.F.);
#8887=ORIENTED_EDGE('',*,*,#6536,.F.);
#8888=ORIENTED_EDGE('',*,*,#6203,.F.);
#8889=ORIENTED_EDGE('',*,*,#6524,.T.);
#8890=ORIENTED_EDGE('',*,*,#6205,.F.);
#8891=ORIENTED_EDGE('',*,*,#6535,.T.);
#8892=ORIENTED_EDGE('',*,*,#6539,.F.);
#8893=ORIENTED_EDGE('',*,*,#6540,.F.);
#8894=ORIENTED_EDGE('',*,*,#6541,.F.);
#8895=ORIENTED_EDGE('',*,*,#6542,.F.);
#8896=ORIENTED_EDGE('',*,*,#6198,.F.);
#8897=ORIENTED_EDGE('',*,*,#6543,.F.);
#8898=ORIENTED_EDGE('',*,*,#6200,.F.);
#8899=ORIENTED_EDGE('',*,*,#6544,.T.);
#8900=ORIENTED_EDGE('',*,*,#6545,.F.);
#8901=ORIENTED_EDGE('',*,*,#6542,.T.);
#8902=ORIENTED_EDGE('',*,*,#6546,.F.);
#8903=ORIENTED_EDGE('',*,*,#6544,.F.);
#8904=ORIENTED_EDGE('',*,*,#6199,.F.);
#8905=ORIENTED_EDGE('',*,*,#6532,.T.);
#8906=ORIENTED_EDGE('',*,*,#6201,.F.);
#8907=ORIENTED_EDGE('',*,*,#6543,.T.);
#8908=ORIENTED_EDGE('',*,*,#6547,.F.);
#8909=ORIENTED_EDGE('',*,*,#6548,.F.);
#8910=ORIENTED_EDGE('',*,*,#6549,.F.);
#8911=ORIENTED_EDGE('',*,*,#6550,.F.);
#8912=ORIENTED_EDGE('',*,*,#6194,.F.);
#8913=ORIENTED_EDGE('',*,*,#6551,.F.);
#8914=ORIENTED_EDGE('',*,*,#6196,.F.);
#8915=ORIENTED_EDGE('',*,*,#6552,.T.);
#8916=ORIENTED_EDGE('',*,*,#6553,.F.);
#8917=ORIENTED_EDGE('',*,*,#6550,.T.);
#8918=ORIENTED_EDGE('',*,*,#6554,.F.);
#8919=ORIENTED_EDGE('',*,*,#6552,.F.);
#8920=ORIENTED_EDGE('',*,*,#6195,.F.);
#8921=ORIENTED_EDGE('',*,*,#6540,.T.);
#8922=ORIENTED_EDGE('',*,*,#6197,.F.);
#8923=ORIENTED_EDGE('',*,*,#6551,.T.);
#8924=ORIENTED_EDGE('',*,*,#6555,.F.);
#8925=ORIENTED_EDGE('',*,*,#6556,.F.);
#8926=ORIENTED_EDGE('',*,*,#6557,.F.);
#8927=ORIENTED_EDGE('',*,*,#6558,.F.);
#8928=ORIENTED_EDGE('',*,*,#6190,.F.);
#8929=ORIENTED_EDGE('',*,*,#6559,.F.);
#8930=ORIENTED_EDGE('',*,*,#6192,.F.);
#8931=ORIENTED_EDGE('',*,*,#6560,.T.);
#8932=ORIENTED_EDGE('',*,*,#6561,.F.);
#8933=ORIENTED_EDGE('',*,*,#6558,.T.);
#8934=ORIENTED_EDGE('',*,*,#6562,.F.);
#8935=ORIENTED_EDGE('',*,*,#6560,.F.);
#8936=ORIENTED_EDGE('',*,*,#6191,.F.);
#8937=ORIENTED_EDGE('',*,*,#6548,.T.);
#8938=ORIENTED_EDGE('',*,*,#6193,.F.);
#8939=ORIENTED_EDGE('',*,*,#6559,.T.);
#8940=ORIENTED_EDGE('',*,*,#6563,.F.);
#8941=ORIENTED_EDGE('',*,*,#6564,.F.);
#8942=ORIENTED_EDGE('',*,*,#6565,.F.);
#8943=ORIENTED_EDGE('',*,*,#6566,.F.);
#8944=ORIENTED_EDGE('',*,*,#6186,.F.);
#8945=ORIENTED_EDGE('',*,*,#6567,.F.);
#8946=ORIENTED_EDGE('',*,*,#6188,.F.);
#8947=ORIENTED_EDGE('',*,*,#6568,.T.);
#8948=ORIENTED_EDGE('',*,*,#6569,.F.);
#8949=ORIENTED_EDGE('',*,*,#6566,.T.);
#8950=ORIENTED_EDGE('',*,*,#6570,.F.);
#8951=ORIENTED_EDGE('',*,*,#6568,.F.);
#8952=ORIENTED_EDGE('',*,*,#6187,.F.);
#8953=ORIENTED_EDGE('',*,*,#6556,.T.);
#8954=ORIENTED_EDGE('',*,*,#6189,.F.);
#8955=ORIENTED_EDGE('',*,*,#6567,.T.);
#8956=ORIENTED_EDGE('',*,*,#6571,.F.);
#8957=ORIENTED_EDGE('',*,*,#6572,.F.);
#8958=ORIENTED_EDGE('',*,*,#6573,.F.);
#8959=ORIENTED_EDGE('',*,*,#6574,.F.);
#8960=ORIENTED_EDGE('',*,*,#6182,.F.);
#8961=ORIENTED_EDGE('',*,*,#6575,.F.);
#8962=ORIENTED_EDGE('',*,*,#6184,.F.);
#8963=ORIENTED_EDGE('',*,*,#6576,.T.);
#8964=ORIENTED_EDGE('',*,*,#6577,.F.);
#8965=ORIENTED_EDGE('',*,*,#6574,.T.);
#8966=ORIENTED_EDGE('',*,*,#6578,.F.);
#8967=ORIENTED_EDGE('',*,*,#6576,.F.);
#8968=ORIENTED_EDGE('',*,*,#6183,.F.);
#8969=ORIENTED_EDGE('',*,*,#6564,.T.);
#8970=ORIENTED_EDGE('',*,*,#6185,.F.);
#8971=ORIENTED_EDGE('',*,*,#6575,.T.);
#8972=ORIENTED_EDGE('',*,*,#6579,.F.);
#8973=ORIENTED_EDGE('',*,*,#6580,.F.);
#8974=ORIENTED_EDGE('',*,*,#6581,.F.);
#8975=ORIENTED_EDGE('',*,*,#6582,.F.);
#8976=ORIENTED_EDGE('',*,*,#6178,.F.);
#8977=ORIENTED_EDGE('',*,*,#6583,.F.);
#8978=ORIENTED_EDGE('',*,*,#6180,.F.);
#8979=ORIENTED_EDGE('',*,*,#6584,.T.);
#8980=ORIENTED_EDGE('',*,*,#6585,.F.);
#8981=ORIENTED_EDGE('',*,*,#6582,.T.);
#8982=ORIENTED_EDGE('',*,*,#6586,.F.);
#8983=ORIENTED_EDGE('',*,*,#6584,.F.);
#8984=ORIENTED_EDGE('',*,*,#6179,.F.);
#8985=ORIENTED_EDGE('',*,*,#6572,.T.);
#8986=ORIENTED_EDGE('',*,*,#6181,.F.);
#8987=ORIENTED_EDGE('',*,*,#6583,.T.);
#8988=ORIENTED_EDGE('',*,*,#6587,.F.);
#8989=ORIENTED_EDGE('',*,*,#6588,.F.);
#8990=ORIENTED_EDGE('',*,*,#6589,.F.);
#8991=ORIENTED_EDGE('',*,*,#6590,.F.);
#8992=ORIENTED_EDGE('',*,*,#6174,.F.);
#8993=ORIENTED_EDGE('',*,*,#6591,.F.);
#8994=ORIENTED_EDGE('',*,*,#6176,.F.);
#8995=ORIENTED_EDGE('',*,*,#6592,.T.);
#8996=ORIENTED_EDGE('',*,*,#6593,.F.);
#8997=ORIENTED_EDGE('',*,*,#6590,.T.);
#8998=ORIENTED_EDGE('',*,*,#6594,.F.);
#8999=ORIENTED_EDGE('',*,*,#6592,.F.);
#9000=ORIENTED_EDGE('',*,*,#6175,.F.);
#9001=ORIENTED_EDGE('',*,*,#6580,.T.);
#9002=ORIENTED_EDGE('',*,*,#6177,.F.);
#9003=ORIENTED_EDGE('',*,*,#6591,.T.);
#9004=ORIENTED_EDGE('',*,*,#6595,.F.);
#9005=ORIENTED_EDGE('',*,*,#6596,.F.);
#9006=ORIENTED_EDGE('',*,*,#6597,.F.);
#9007=ORIENTED_EDGE('',*,*,#6598,.F.);
#9008=ORIENTED_EDGE('',*,*,#6170,.F.);
#9009=ORIENTED_EDGE('',*,*,#6599,.F.);
#9010=ORIENTED_EDGE('',*,*,#6172,.F.);
#9011=ORIENTED_EDGE('',*,*,#6600,.T.);
#9012=ORIENTED_EDGE('',*,*,#6601,.F.);
#9013=ORIENTED_EDGE('',*,*,#6598,.T.);
#9014=ORIENTED_EDGE('',*,*,#6602,.F.);
#9015=ORIENTED_EDGE('',*,*,#6600,.F.);
#9016=ORIENTED_EDGE('',*,*,#6171,.F.);
#9017=ORIENTED_EDGE('',*,*,#6588,.T.);
#9018=ORIENTED_EDGE('',*,*,#6173,.F.);
#9019=ORIENTED_EDGE('',*,*,#6599,.T.);
#9020=ORIENTED_EDGE('',*,*,#6603,.F.);
#9021=ORIENTED_EDGE('',*,*,#6604,.F.);
#9022=ORIENTED_EDGE('',*,*,#6605,.F.);
#9023=ORIENTED_EDGE('',*,*,#6606,.F.);
#9024=ORIENTED_EDGE('',*,*,#6166,.F.);
#9025=ORIENTED_EDGE('',*,*,#6607,.F.);
#9026=ORIENTED_EDGE('',*,*,#6168,.F.);
#9027=ORIENTED_EDGE('',*,*,#6608,.T.);
#9028=ORIENTED_EDGE('',*,*,#6609,.F.);
#9029=ORIENTED_EDGE('',*,*,#6606,.T.);
#9030=ORIENTED_EDGE('',*,*,#6610,.F.);
#9031=ORIENTED_EDGE('',*,*,#6608,.F.);
#9032=ORIENTED_EDGE('',*,*,#6167,.F.);
#9033=ORIENTED_EDGE('',*,*,#6596,.T.);
#9034=ORIENTED_EDGE('',*,*,#6169,.F.);
#9035=ORIENTED_EDGE('',*,*,#6607,.T.);
#9036=ORIENTED_EDGE('',*,*,#6611,.F.);
#9037=ORIENTED_EDGE('',*,*,#6612,.F.);
#9038=ORIENTED_EDGE('',*,*,#6613,.F.);
#9039=ORIENTED_EDGE('',*,*,#6614,.F.);
#9040=ORIENTED_EDGE('',*,*,#6162,.F.);
#9041=ORIENTED_EDGE('',*,*,#6615,.F.);
#9042=ORIENTED_EDGE('',*,*,#6164,.F.);
#9043=ORIENTED_EDGE('',*,*,#6616,.T.);
#9044=ORIENTED_EDGE('',*,*,#6617,.F.);
#9045=ORIENTED_EDGE('',*,*,#6614,.T.);
#9046=ORIENTED_EDGE('',*,*,#6618,.F.);
#9047=ORIENTED_EDGE('',*,*,#6616,.F.);
#9048=ORIENTED_EDGE('',*,*,#6163,.F.);
#9049=ORIENTED_EDGE('',*,*,#6604,.T.);
#9050=ORIENTED_EDGE('',*,*,#6165,.F.);
#9051=ORIENTED_EDGE('',*,*,#6615,.T.);
#9052=ORIENTED_EDGE('',*,*,#6619,.F.);
#9053=ORIENTED_EDGE('',*,*,#6620,.F.);
#9054=ORIENTED_EDGE('',*,*,#6621,.F.);
#9055=ORIENTED_EDGE('',*,*,#6622,.F.);
#9056=ORIENTED_EDGE('',*,*,#6158,.F.);
#9057=ORIENTED_EDGE('',*,*,#6623,.F.);
#9058=ORIENTED_EDGE('',*,*,#6160,.F.);
#9059=ORIENTED_EDGE('',*,*,#6624,.T.);
#9060=ORIENTED_EDGE('',*,*,#6625,.F.);
#9061=ORIENTED_EDGE('',*,*,#6622,.T.);
#9062=ORIENTED_EDGE('',*,*,#6626,.F.);
#9063=ORIENTED_EDGE('',*,*,#6624,.F.);
#9064=ORIENTED_EDGE('',*,*,#6159,.F.);
#9065=ORIENTED_EDGE('',*,*,#6612,.T.);
#9066=ORIENTED_EDGE('',*,*,#6161,.F.);
#9067=ORIENTED_EDGE('',*,*,#6623,.T.);
#9068=ORIENTED_EDGE('',*,*,#6627,.F.);
#9069=ORIENTED_EDGE('',*,*,#6628,.F.);
#9070=ORIENTED_EDGE('',*,*,#6629,.F.);
#9071=ORIENTED_EDGE('',*,*,#6630,.F.);
#9072=ORIENTED_EDGE('',*,*,#6154,.F.);
#9073=ORIENTED_EDGE('',*,*,#6631,.F.);
#9074=ORIENTED_EDGE('',*,*,#6156,.F.);
#9075=ORIENTED_EDGE('',*,*,#6632,.T.);
#9076=ORIENTED_EDGE('',*,*,#6633,.F.);
#9077=ORIENTED_EDGE('',*,*,#6630,.T.);
#9078=ORIENTED_EDGE('',*,*,#6634,.F.);
#9079=ORIENTED_EDGE('',*,*,#6632,.F.);
#9080=ORIENTED_EDGE('',*,*,#6155,.F.);
#9081=ORIENTED_EDGE('',*,*,#6620,.T.);
#9082=ORIENTED_EDGE('',*,*,#6157,.F.);
#9083=ORIENTED_EDGE('',*,*,#6631,.T.);
#9084=ORIENTED_EDGE('',*,*,#6635,.F.);
#9085=ORIENTED_EDGE('',*,*,#6636,.F.);
#9086=ORIENTED_EDGE('',*,*,#6637,.F.);
#9087=ORIENTED_EDGE('',*,*,#6638,.F.);
#9088=ORIENTED_EDGE('',*,*,#6150,.F.);
#9089=ORIENTED_EDGE('',*,*,#6639,.F.);
#9090=ORIENTED_EDGE('',*,*,#6152,.F.);
#9091=ORIENTED_EDGE('',*,*,#6640,.T.);
#9092=ORIENTED_EDGE('',*,*,#6641,.F.);
#9093=ORIENTED_EDGE('',*,*,#6638,.T.);
#9094=ORIENTED_EDGE('',*,*,#6642,.F.);
#9095=ORIENTED_EDGE('',*,*,#6640,.F.);
#9096=ORIENTED_EDGE('',*,*,#6151,.F.);
#9097=ORIENTED_EDGE('',*,*,#6628,.T.);
#9098=ORIENTED_EDGE('',*,*,#6153,.F.);
#9099=ORIENTED_EDGE('',*,*,#6639,.T.);
#9100=ORIENTED_EDGE('',*,*,#6643,.F.);
#9101=ORIENTED_EDGE('',*,*,#6644,.F.);
#9102=ORIENTED_EDGE('',*,*,#6645,.F.);
#9103=ORIENTED_EDGE('',*,*,#6646,.F.);
#9104=ORIENTED_EDGE('',*,*,#6146,.F.);
#9105=ORIENTED_EDGE('',*,*,#6647,.F.);
#9106=ORIENTED_EDGE('',*,*,#6148,.F.);
#9107=ORIENTED_EDGE('',*,*,#6648,.T.);
#9108=ORIENTED_EDGE('',*,*,#6649,.F.);
#9109=ORIENTED_EDGE('',*,*,#6646,.T.);
#9110=ORIENTED_EDGE('',*,*,#6650,.F.);
#9111=ORIENTED_EDGE('',*,*,#6648,.F.);
#9112=ORIENTED_EDGE('',*,*,#6147,.F.);
#9113=ORIENTED_EDGE('',*,*,#6636,.T.);
#9114=ORIENTED_EDGE('',*,*,#6149,.F.);
#9115=ORIENTED_EDGE('',*,*,#6647,.T.);
#9116=ORIENTED_EDGE('',*,*,#6651,.F.);
#9117=ORIENTED_EDGE('',*,*,#6652,.F.);
#9118=ORIENTED_EDGE('',*,*,#6653,.F.);
#9119=ORIENTED_EDGE('',*,*,#6654,.F.);
#9120=ORIENTED_EDGE('',*,*,#6142,.F.);
#9121=ORIENTED_EDGE('',*,*,#6655,.F.);
#9122=ORIENTED_EDGE('',*,*,#6144,.F.);
#9123=ORIENTED_EDGE('',*,*,#6656,.T.);
#9124=ORIENTED_EDGE('',*,*,#6657,.F.);
#9125=ORIENTED_EDGE('',*,*,#6654,.T.);
#9126=ORIENTED_EDGE('',*,*,#6658,.F.);
#9127=ORIENTED_EDGE('',*,*,#6656,.F.);
#9128=ORIENTED_EDGE('',*,*,#6143,.F.);
#9129=ORIENTED_EDGE('',*,*,#6644,.T.);
#9130=ORIENTED_EDGE('',*,*,#6145,.F.);
#9131=ORIENTED_EDGE('',*,*,#6655,.T.);
#9132=ORIENTED_EDGE('',*,*,#6659,.F.);
#9133=ORIENTED_EDGE('',*,*,#6660,.F.);
#9134=ORIENTED_EDGE('',*,*,#6661,.F.);
#9135=ORIENTED_EDGE('',*,*,#6662,.F.);
#9136=ORIENTED_EDGE('',*,*,#6138,.F.);
#9137=ORIENTED_EDGE('',*,*,#6663,.F.);
#9138=ORIENTED_EDGE('',*,*,#6140,.F.);
#9139=ORIENTED_EDGE('',*,*,#6664,.T.);
#9140=ORIENTED_EDGE('',*,*,#6665,.F.);
#9141=ORIENTED_EDGE('',*,*,#6662,.T.);
#9142=ORIENTED_EDGE('',*,*,#6666,.F.);
#9143=ORIENTED_EDGE('',*,*,#6664,.F.);
#9144=ORIENTED_EDGE('',*,*,#6139,.F.);
#9145=ORIENTED_EDGE('',*,*,#6652,.T.);
#9146=ORIENTED_EDGE('',*,*,#6141,.F.);
#9147=ORIENTED_EDGE('',*,*,#6663,.T.);
#9148=ORIENTED_EDGE('',*,*,#6667,.F.);
#9149=ORIENTED_EDGE('',*,*,#6668,.F.);
#9150=ORIENTED_EDGE('',*,*,#6669,.F.);
#9151=ORIENTED_EDGE('',*,*,#6670,.F.);
#9152=ORIENTED_EDGE('',*,*,#6134,.F.);
#9153=ORIENTED_EDGE('',*,*,#6671,.F.);
#9154=ORIENTED_EDGE('',*,*,#6136,.F.);
#9155=ORIENTED_EDGE('',*,*,#6672,.T.);
#9156=ORIENTED_EDGE('',*,*,#6673,.F.);
#9157=ORIENTED_EDGE('',*,*,#6670,.T.);
#9158=ORIENTED_EDGE('',*,*,#6674,.F.);
#9159=ORIENTED_EDGE('',*,*,#6672,.F.);
#9160=ORIENTED_EDGE('',*,*,#6135,.F.);
#9161=ORIENTED_EDGE('',*,*,#6660,.T.);
#9162=ORIENTED_EDGE('',*,*,#6137,.F.);
#9163=ORIENTED_EDGE('',*,*,#6671,.T.);
#9164=ORIENTED_EDGE('',*,*,#6675,.F.);
#9165=ORIENTED_EDGE('',*,*,#6676,.F.);
#9166=ORIENTED_EDGE('',*,*,#6677,.F.);
#9167=ORIENTED_EDGE('',*,*,#6678,.F.);
#9168=ORIENTED_EDGE('',*,*,#6130,.F.);
#9169=ORIENTED_EDGE('',*,*,#6679,.F.);
#9170=ORIENTED_EDGE('',*,*,#6132,.F.);
#9171=ORIENTED_EDGE('',*,*,#6680,.T.);
#9172=ORIENTED_EDGE('',*,*,#6681,.F.);
#9173=ORIENTED_EDGE('',*,*,#6678,.T.);
#9174=ORIENTED_EDGE('',*,*,#6682,.F.);
#9175=ORIENTED_EDGE('',*,*,#6680,.F.);
#9176=ORIENTED_EDGE('',*,*,#6131,.F.);
#9177=ORIENTED_EDGE('',*,*,#6668,.T.);
#9178=ORIENTED_EDGE('',*,*,#6133,.F.);
#9179=ORIENTED_EDGE('',*,*,#6679,.T.);
#9180=ORIENTED_EDGE('',*,*,#6683,.F.);
#9181=ORIENTED_EDGE('',*,*,#6684,.F.);
#9182=ORIENTED_EDGE('',*,*,#6685,.F.);
#9183=ORIENTED_EDGE('',*,*,#6686,.F.);
#9184=ORIENTED_EDGE('',*,*,#6126,.F.);
#9185=ORIENTED_EDGE('',*,*,#6687,.F.);
#9186=ORIENTED_EDGE('',*,*,#6128,.F.);
#9187=ORIENTED_EDGE('',*,*,#6688,.T.);
#9188=ORIENTED_EDGE('',*,*,#6689,.F.);
#9189=ORIENTED_EDGE('',*,*,#6686,.T.);
#9190=ORIENTED_EDGE('',*,*,#6690,.F.);
#9191=ORIENTED_EDGE('',*,*,#6688,.F.);
#9192=ORIENTED_EDGE('',*,*,#6127,.F.);
#9193=ORIENTED_EDGE('',*,*,#6676,.T.);
#9194=ORIENTED_EDGE('',*,*,#6129,.F.);
#9195=ORIENTED_EDGE('',*,*,#6687,.T.);
#9196=ORIENTED_EDGE('',*,*,#6691,.F.);
#9197=ORIENTED_EDGE('',*,*,#6692,.F.);
#9198=ORIENTED_EDGE('',*,*,#6693,.F.);
#9199=ORIENTED_EDGE('',*,*,#6694,.F.);
#9200=ORIENTED_EDGE('',*,*,#6122,.F.);
#9201=ORIENTED_EDGE('',*,*,#6695,.F.);
#9202=ORIENTED_EDGE('',*,*,#6124,.F.);
#9203=ORIENTED_EDGE('',*,*,#6696,.T.);
#9204=ORIENTED_EDGE('',*,*,#6697,.F.);
#9205=ORIENTED_EDGE('',*,*,#6694,.T.);
#9206=ORIENTED_EDGE('',*,*,#6698,.F.);
#9207=ORIENTED_EDGE('',*,*,#6696,.F.);
#9208=ORIENTED_EDGE('',*,*,#6123,.F.);
#9209=ORIENTED_EDGE('',*,*,#6684,.T.);
#9210=ORIENTED_EDGE('',*,*,#6125,.F.);
#9211=ORIENTED_EDGE('',*,*,#6695,.T.);
#9212=ORIENTED_EDGE('',*,*,#6699,.F.);
#9213=ORIENTED_EDGE('',*,*,#6700,.F.);
#9214=ORIENTED_EDGE('',*,*,#6701,.F.);
#9215=ORIENTED_EDGE('',*,*,#6702,.F.);
#9216=ORIENTED_EDGE('',*,*,#6118,.F.);
#9217=ORIENTED_EDGE('',*,*,#6703,.F.);
#9218=ORIENTED_EDGE('',*,*,#6120,.F.);
#9219=ORIENTED_EDGE('',*,*,#6704,.T.);
#9220=ORIENTED_EDGE('',*,*,#6705,.F.);
#9221=ORIENTED_EDGE('',*,*,#6702,.T.);
#9222=ORIENTED_EDGE('',*,*,#6706,.F.);
#9223=ORIENTED_EDGE('',*,*,#6704,.F.);
#9224=ORIENTED_EDGE('',*,*,#6119,.F.);
#9225=ORIENTED_EDGE('',*,*,#6692,.T.);
#9226=ORIENTED_EDGE('',*,*,#6121,.F.);
#9227=ORIENTED_EDGE('',*,*,#6703,.T.);
#9228=ORIENTED_EDGE('',*,*,#6707,.F.);
#9229=ORIENTED_EDGE('',*,*,#6708,.F.);
#9230=ORIENTED_EDGE('',*,*,#6709,.F.);
#9231=ORIENTED_EDGE('',*,*,#6710,.F.);
#9232=ORIENTED_EDGE('',*,*,#6114,.F.);
#9233=ORIENTED_EDGE('',*,*,#6711,.F.);
#9234=ORIENTED_EDGE('',*,*,#6116,.F.);
#9235=ORIENTED_EDGE('',*,*,#6712,.T.);
#9236=ORIENTED_EDGE('',*,*,#6713,.F.);
#9237=ORIENTED_EDGE('',*,*,#6710,.T.);
#9238=ORIENTED_EDGE('',*,*,#6714,.F.);
#9239=ORIENTED_EDGE('',*,*,#6712,.F.);
#9240=ORIENTED_EDGE('',*,*,#6115,.F.);
#9241=ORIENTED_EDGE('',*,*,#6700,.T.);
#9242=ORIENTED_EDGE('',*,*,#6117,.F.);
#9243=ORIENTED_EDGE('',*,*,#6711,.T.);
#9244=ORIENTED_EDGE('',*,*,#6715,.F.);
#9245=ORIENTED_EDGE('',*,*,#6716,.F.);
#9246=ORIENTED_EDGE('',*,*,#6717,.F.);
#9247=ORIENTED_EDGE('',*,*,#6718,.F.);
#9248=ORIENTED_EDGE('',*,*,#6110,.F.);
#9249=ORIENTED_EDGE('',*,*,#6719,.F.);
#9250=ORIENTED_EDGE('',*,*,#6112,.F.);
#9251=ORIENTED_EDGE('',*,*,#6720,.T.);
#9252=ORIENTED_EDGE('',*,*,#6721,.F.);
#9253=ORIENTED_EDGE('',*,*,#6718,.T.);
#9254=ORIENTED_EDGE('',*,*,#6722,.F.);
#9255=ORIENTED_EDGE('',*,*,#6720,.F.);
#9256=ORIENTED_EDGE('',*,*,#6111,.F.);
#9257=ORIENTED_EDGE('',*,*,#6708,.T.);
#9258=ORIENTED_EDGE('',*,*,#6113,.F.);
#9259=ORIENTED_EDGE('',*,*,#6719,.T.);
#9260=ORIENTED_EDGE('',*,*,#6723,.F.);
#9261=ORIENTED_EDGE('',*,*,#6724,.F.);
#9262=ORIENTED_EDGE('',*,*,#6725,.F.);
#9263=ORIENTED_EDGE('',*,*,#6726,.F.);
#9264=ORIENTED_EDGE('',*,*,#6106,.F.);
#9265=ORIENTED_EDGE('',*,*,#6727,.F.);
#9266=ORIENTED_EDGE('',*,*,#6108,.F.);
#9267=ORIENTED_EDGE('',*,*,#6728,.T.);
#9268=ORIENTED_EDGE('',*,*,#6729,.F.);
#9269=ORIENTED_EDGE('',*,*,#6726,.T.);
#9270=ORIENTED_EDGE('',*,*,#6730,.F.);
#9271=ORIENTED_EDGE('',*,*,#6728,.F.);
#9272=ORIENTED_EDGE('',*,*,#6107,.F.);
#9273=ORIENTED_EDGE('',*,*,#6716,.T.);
#9274=ORIENTED_EDGE('',*,*,#6109,.F.);
#9275=ORIENTED_EDGE('',*,*,#6727,.T.);
#9276=ORIENTED_EDGE('',*,*,#6731,.F.);
#9277=ORIENTED_EDGE('',*,*,#6732,.F.);
#9278=ORIENTED_EDGE('',*,*,#6733,.F.);
#9279=ORIENTED_EDGE('',*,*,#6734,.F.);
#9280=ORIENTED_EDGE('',*,*,#6102,.F.);
#9281=ORIENTED_EDGE('',*,*,#6735,.F.);
#9282=ORIENTED_EDGE('',*,*,#6104,.F.);
#9283=ORIENTED_EDGE('',*,*,#6736,.T.);
#9284=ORIENTED_EDGE('',*,*,#6737,.F.);
#9285=ORIENTED_EDGE('',*,*,#6734,.T.);
#9286=ORIENTED_EDGE('',*,*,#6738,.F.);
#9287=ORIENTED_EDGE('',*,*,#6736,.F.);
#9288=ORIENTED_EDGE('',*,*,#6103,.F.);
#9289=ORIENTED_EDGE('',*,*,#6724,.T.);
#9290=ORIENTED_EDGE('',*,*,#6105,.F.);
#9291=ORIENTED_EDGE('',*,*,#6735,.T.);
#9292=ORIENTED_EDGE('',*,*,#6739,.F.);
#9293=ORIENTED_EDGE('',*,*,#6740,.F.);
#9294=ORIENTED_EDGE('',*,*,#6741,.F.);
#9295=ORIENTED_EDGE('',*,*,#6742,.F.);
#9296=ORIENTED_EDGE('',*,*,#6098,.F.);
#9297=ORIENTED_EDGE('',*,*,#6743,.F.);
#9298=ORIENTED_EDGE('',*,*,#6100,.F.);
#9299=ORIENTED_EDGE('',*,*,#6744,.T.);
#9300=ORIENTED_EDGE('',*,*,#6745,.F.);
#9301=ORIENTED_EDGE('',*,*,#6742,.T.);
#9302=ORIENTED_EDGE('',*,*,#6746,.F.);
#9303=ORIENTED_EDGE('',*,*,#6744,.F.);
#9304=ORIENTED_EDGE('',*,*,#6099,.F.);
#9305=ORIENTED_EDGE('',*,*,#6732,.T.);
#9306=ORIENTED_EDGE('',*,*,#6101,.F.);
#9307=ORIENTED_EDGE('',*,*,#6743,.T.);
#9308=ORIENTED_EDGE('',*,*,#6747,.F.);
#9309=ORIENTED_EDGE('',*,*,#6748,.F.);
#9310=ORIENTED_EDGE('',*,*,#6749,.F.);
#9311=ORIENTED_EDGE('',*,*,#6750,.F.);
#9312=ORIENTED_EDGE('',*,*,#6094,.F.);
#9313=ORIENTED_EDGE('',*,*,#6751,.F.);
#9314=ORIENTED_EDGE('',*,*,#6096,.F.);
#9315=ORIENTED_EDGE('',*,*,#6752,.T.);
#9316=ORIENTED_EDGE('',*,*,#6753,.F.);
#9317=ORIENTED_EDGE('',*,*,#6750,.T.);
#9318=ORIENTED_EDGE('',*,*,#6754,.F.);
#9319=ORIENTED_EDGE('',*,*,#6752,.F.);
#9320=ORIENTED_EDGE('',*,*,#6095,.F.);
#9321=ORIENTED_EDGE('',*,*,#6740,.T.);
#9322=ORIENTED_EDGE('',*,*,#6097,.F.);
#9323=ORIENTED_EDGE('',*,*,#6751,.T.);
#9324=ORIENTED_EDGE('',*,*,#6755,.F.);
#9325=ORIENTED_EDGE('',*,*,#6756,.F.);
#9326=ORIENTED_EDGE('',*,*,#6757,.F.);
#9327=ORIENTED_EDGE('',*,*,#6758,.F.);
#9328=ORIENTED_EDGE('',*,*,#6090,.F.);
#9329=ORIENTED_EDGE('',*,*,#6759,.F.);
#9330=ORIENTED_EDGE('',*,*,#6092,.F.);
#9331=ORIENTED_EDGE('',*,*,#6760,.T.);
#9332=ORIENTED_EDGE('',*,*,#6761,.F.);
#9333=ORIENTED_EDGE('',*,*,#6758,.T.);
#9334=ORIENTED_EDGE('',*,*,#6762,.F.);
#9335=ORIENTED_EDGE('',*,*,#6760,.F.);
#9336=ORIENTED_EDGE('',*,*,#6091,.F.);
#9337=ORIENTED_EDGE('',*,*,#6748,.T.);
#9338=ORIENTED_EDGE('',*,*,#6093,.F.);
#9339=ORIENTED_EDGE('',*,*,#6759,.T.);
#9340=ORIENTED_EDGE('',*,*,#6763,.F.);
#9341=ORIENTED_EDGE('',*,*,#6764,.F.);
#9342=ORIENTED_EDGE('',*,*,#6765,.F.);
#9343=ORIENTED_EDGE('',*,*,#6766,.F.);
#9344=ORIENTED_EDGE('',*,*,#6086,.F.);
#9345=ORIENTED_EDGE('',*,*,#6767,.F.);
#9346=ORIENTED_EDGE('',*,*,#6088,.F.);
#9347=ORIENTED_EDGE('',*,*,#6768,.T.);
#9348=ORIENTED_EDGE('',*,*,#6769,.F.);
#9349=ORIENTED_EDGE('',*,*,#6766,.T.);
#9350=ORIENTED_EDGE('',*,*,#6770,.F.);
#9351=ORIENTED_EDGE('',*,*,#6768,.F.);
#9352=ORIENTED_EDGE('',*,*,#6087,.F.);
#9353=ORIENTED_EDGE('',*,*,#6756,.T.);
#9354=ORIENTED_EDGE('',*,*,#6089,.F.);
#9355=ORIENTED_EDGE('',*,*,#6767,.T.);
#9356=ORIENTED_EDGE('',*,*,#6771,.F.);
#9357=ORIENTED_EDGE('',*,*,#6772,.F.);
#9358=ORIENTED_EDGE('',*,*,#6773,.F.);
#9359=ORIENTED_EDGE('',*,*,#6774,.F.);
#9360=ORIENTED_EDGE('',*,*,#6082,.F.);
#9361=ORIENTED_EDGE('',*,*,#6775,.F.);
#9362=ORIENTED_EDGE('',*,*,#6084,.F.);
#9363=ORIENTED_EDGE('',*,*,#6776,.T.);
#9364=ORIENTED_EDGE('',*,*,#6777,.F.);
#9365=ORIENTED_EDGE('',*,*,#6774,.T.);
#9366=ORIENTED_EDGE('',*,*,#6778,.F.);
#9367=ORIENTED_EDGE('',*,*,#6776,.F.);
#9368=ORIENTED_EDGE('',*,*,#6083,.F.);
#9369=ORIENTED_EDGE('',*,*,#6764,.T.);
#9370=ORIENTED_EDGE('',*,*,#6085,.F.);
#9371=ORIENTED_EDGE('',*,*,#6775,.T.);
#9372=ORIENTED_EDGE('',*,*,#6779,.F.);
#9373=ORIENTED_EDGE('',*,*,#6315,.F.);
#9374=ORIENTED_EDGE('',*,*,#6780,.F.);
#9375=ORIENTED_EDGE('',*,*,#6781,.F.);
#9376=ORIENTED_EDGE('',*,*,#6078,.F.);
#9377=ORIENTED_EDGE('',*,*,#6782,.F.);
#9378=ORIENTED_EDGE('',*,*,#6080,.F.);
#9379=ORIENTED_EDGE('',*,*,#6783,.T.);
#9380=ORIENTED_EDGE('',*,*,#6784,.F.);
#9381=ORIENTED_EDGE('',*,*,#6781,.T.);
#9382=ORIENTED_EDGE('',*,*,#6785,.F.);
#9383=ORIENTED_EDGE('',*,*,#6783,.F.);
#9384=ORIENTED_EDGE('',*,*,#6079,.F.);
#9385=ORIENTED_EDGE('',*,*,#6772,.T.);
#9386=ORIENTED_EDGE('',*,*,#6081,.F.);
#9387=ORIENTED_EDGE('',*,*,#6782,.T.);
#9388=ORIENTED_EDGE('',*,*,#6786,.F.);
#9389=ORIENTED_EDGE('',*,*,#6323,.T.);
#9390=ORIENTED_EDGE('',*,*,#6321,.T.);
#9391=ORIENTED_EDGE('',*,*,#6322,.T.);
#9392=ORIENTED_EDGE('',*,*,#6317,.T.);
#9393=ORIENTED_EDGE('',*,*,#6331,.T.);
#9394=ORIENTED_EDGE('',*,*,#6329,.T.);
#9395=ORIENTED_EDGE('',*,*,#6330,.T.);
#9396=ORIENTED_EDGE('',*,*,#6325,.T.);
#9397=ORIENTED_EDGE('',*,*,#6339,.T.);
#9398=ORIENTED_EDGE('',*,*,#6337,.T.);
#9399=ORIENTED_EDGE('',*,*,#6338,.T.);
#9400=ORIENTED_EDGE('',*,*,#6333,.T.);
#9401=ORIENTED_EDGE('',*,*,#6347,.T.);
#9402=ORIENTED_EDGE('',*,*,#6345,.T.);
#9403=ORIENTED_EDGE('',*,*,#6346,.T.);
#9404=ORIENTED_EDGE('',*,*,#6341,.T.);
#9405=ORIENTED_EDGE('',*,*,#6355,.T.);
#9406=ORIENTED_EDGE('',*,*,#6353,.T.);
#9407=ORIENTED_EDGE('',*,*,#6354,.T.);
#9408=ORIENTED_EDGE('',*,*,#6349,.T.);
#9409=ORIENTED_EDGE('',*,*,#6363,.T.);
#9410=ORIENTED_EDGE('',*,*,#6361,.T.);
#9411=ORIENTED_EDGE('',*,*,#6362,.T.);
#9412=ORIENTED_EDGE('',*,*,#6357,.T.);
#9413=ORIENTED_EDGE('',*,*,#6371,.T.);
#9414=ORIENTED_EDGE('',*,*,#6369,.T.);
#9415=ORIENTED_EDGE('',*,*,#6370,.T.);
#9416=ORIENTED_EDGE('',*,*,#6365,.T.);
#9417=ORIENTED_EDGE('',*,*,#6379,.T.);
#9418=ORIENTED_EDGE('',*,*,#6377,.T.);
#9419=ORIENTED_EDGE('',*,*,#6378,.T.);
#9420=ORIENTED_EDGE('',*,*,#6373,.T.);
#9421=ORIENTED_EDGE('',*,*,#6387,.T.);
#9422=ORIENTED_EDGE('',*,*,#6385,.T.);
#9423=ORIENTED_EDGE('',*,*,#6386,.T.);
#9424=ORIENTED_EDGE('',*,*,#6381,.T.);
#9425=ORIENTED_EDGE('',*,*,#6395,.T.);
#9426=ORIENTED_EDGE('',*,*,#6393,.T.);
#9427=ORIENTED_EDGE('',*,*,#6394,.T.);
#9428=ORIENTED_EDGE('',*,*,#6389,.T.);
#9429=ORIENTED_EDGE('',*,*,#6403,.T.);
#9430=ORIENTED_EDGE('',*,*,#6401,.T.);
#9431=ORIENTED_EDGE('',*,*,#6402,.T.);
#9432=ORIENTED_EDGE('',*,*,#6397,.T.);
#9433=ORIENTED_EDGE('',*,*,#6411,.T.);
#9434=ORIENTED_EDGE('',*,*,#6409,.T.);
#9435=ORIENTED_EDGE('',*,*,#6410,.T.);
#9436=ORIENTED_EDGE('',*,*,#6405,.T.);
#9437=ORIENTED_EDGE('',*,*,#6419,.T.);
#9438=ORIENTED_EDGE('',*,*,#6417,.T.);
#9439=ORIENTED_EDGE('',*,*,#6418,.T.);
#9440=ORIENTED_EDGE('',*,*,#6413,.T.);
#9441=ORIENTED_EDGE('',*,*,#6427,.T.);
#9442=ORIENTED_EDGE('',*,*,#6425,.T.);
#9443=ORIENTED_EDGE('',*,*,#6426,.T.);
#9444=ORIENTED_EDGE('',*,*,#6421,.T.);
#9445=ORIENTED_EDGE('',*,*,#6435,.T.);
#9446=ORIENTED_EDGE('',*,*,#6433,.T.);
#9447=ORIENTED_EDGE('',*,*,#6434,.T.);
#9448=ORIENTED_EDGE('',*,*,#6429,.T.);
#9449=ORIENTED_EDGE('',*,*,#6443,.T.);
#9450=ORIENTED_EDGE('',*,*,#6441,.T.);
#9451=ORIENTED_EDGE('',*,*,#6442,.T.);
#9452=ORIENTED_EDGE('',*,*,#6437,.T.);
#9453=ORIENTED_EDGE('',*,*,#6451,.T.);
#9454=ORIENTED_EDGE('',*,*,#6449,.T.);
#9455=ORIENTED_EDGE('',*,*,#6450,.T.);
#9456=ORIENTED_EDGE('',*,*,#6445,.T.);
#9457=ORIENTED_EDGE('',*,*,#6459,.T.);
#9458=ORIENTED_EDGE('',*,*,#6457,.T.);
#9459=ORIENTED_EDGE('',*,*,#6458,.T.);
#9460=ORIENTED_EDGE('',*,*,#6453,.T.);
#9461=ORIENTED_EDGE('',*,*,#6467,.T.);
#9462=ORIENTED_EDGE('',*,*,#6465,.T.);
#9463=ORIENTED_EDGE('',*,*,#6466,.T.);
#9464=ORIENTED_EDGE('',*,*,#6461,.T.);
#9465=ORIENTED_EDGE('',*,*,#6475,.T.);
#9466=ORIENTED_EDGE('',*,*,#6473,.T.);
#9467=ORIENTED_EDGE('',*,*,#6474,.T.);
#9468=ORIENTED_EDGE('',*,*,#6469,.T.);
#9469=ORIENTED_EDGE('',*,*,#6483,.T.);
#9470=ORIENTED_EDGE('',*,*,#6481,.T.);
#9471=ORIENTED_EDGE('',*,*,#6482,.T.);
#9472=ORIENTED_EDGE('',*,*,#6477,.T.);
#9473=ORIENTED_EDGE('',*,*,#6491,.T.);
#9474=ORIENTED_EDGE('',*,*,#6489,.T.);
#9475=ORIENTED_EDGE('',*,*,#6490,.T.);
#9476=ORIENTED_EDGE('',*,*,#6485,.T.);
#9477=ORIENTED_EDGE('',*,*,#6499,.T.);
#9478=ORIENTED_EDGE('',*,*,#6497,.T.);
#9479=ORIENTED_EDGE('',*,*,#6498,.T.);
#9480=ORIENTED_EDGE('',*,*,#6493,.T.);
#9481=ORIENTED_EDGE('',*,*,#6507,.T.);
#9482=ORIENTED_EDGE('',*,*,#6505,.T.);
#9483=ORIENTED_EDGE('',*,*,#6506,.T.);
#9484=ORIENTED_EDGE('',*,*,#6501,.T.);
#9485=ORIENTED_EDGE('',*,*,#6515,.T.);
#9486=ORIENTED_EDGE('',*,*,#6513,.T.);
#9487=ORIENTED_EDGE('',*,*,#6514,.T.);
#9488=ORIENTED_EDGE('',*,*,#6509,.T.);
#9489=ORIENTED_EDGE('',*,*,#6523,.T.);
#9490=ORIENTED_EDGE('',*,*,#6521,.T.);
#9491=ORIENTED_EDGE('',*,*,#6522,.T.);
#9492=ORIENTED_EDGE('',*,*,#6517,.T.);
#9493=ORIENTED_EDGE('',*,*,#6531,.T.);
#9494=ORIENTED_EDGE('',*,*,#6529,.T.);
#9495=ORIENTED_EDGE('',*,*,#6530,.T.);
#9496=ORIENTED_EDGE('',*,*,#6525,.T.);
#9497=ORIENTED_EDGE('',*,*,#6539,.T.);
#9498=ORIENTED_EDGE('',*,*,#6537,.T.);
#9499=ORIENTED_EDGE('',*,*,#6538,.T.);
#9500=ORIENTED_EDGE('',*,*,#6533,.T.);
#9501=ORIENTED_EDGE('',*,*,#6547,.T.);
#9502=ORIENTED_EDGE('',*,*,#6545,.T.);
#9503=ORIENTED_EDGE('',*,*,#6546,.T.);
#9504=ORIENTED_EDGE('',*,*,#6541,.T.);
#9505=ORIENTED_EDGE('',*,*,#6555,.T.);
#9506=ORIENTED_EDGE('',*,*,#6553,.T.);
#9507=ORIENTED_EDGE('',*,*,#6554,.T.);
#9508=ORIENTED_EDGE('',*,*,#6549,.T.);
#9509=ORIENTED_EDGE('',*,*,#6563,.T.);
#9510=ORIENTED_EDGE('',*,*,#6561,.T.);
#9511=ORIENTED_EDGE('',*,*,#6562,.T.);
#9512=ORIENTED_EDGE('',*,*,#6557,.T.);
#9513=ORIENTED_EDGE('',*,*,#6571,.T.);
#9514=ORIENTED_EDGE('',*,*,#6569,.T.);
#9515=ORIENTED_EDGE('',*,*,#6570,.T.);
#9516=ORIENTED_EDGE('',*,*,#6565,.T.);
#9517=ORIENTED_EDGE('',*,*,#6579,.T.);
#9518=ORIENTED_EDGE('',*,*,#6577,.T.);
#9519=ORIENTED_EDGE('',*,*,#6578,.T.);
#9520=ORIENTED_EDGE('',*,*,#6573,.T.);
#9521=ORIENTED_EDGE('',*,*,#6587,.T.);
#9522=ORIENTED_EDGE('',*,*,#6585,.T.);
#9523=ORIENTED_EDGE('',*,*,#6586,.T.);
#9524=ORIENTED_EDGE('',*,*,#6581,.T.);
#9525=ORIENTED_EDGE('',*,*,#6595,.T.);
#9526=ORIENTED_EDGE('',*,*,#6593,.T.);
#9527=ORIENTED_EDGE('',*,*,#6594,.T.);
#9528=ORIENTED_EDGE('',*,*,#6589,.T.);
#9529=ORIENTED_EDGE('',*,*,#6603,.T.);
#9530=ORIENTED_EDGE('',*,*,#6601,.T.);
#9531=ORIENTED_EDGE('',*,*,#6602,.T.);
#9532=ORIENTED_EDGE('',*,*,#6597,.T.);
#9533=ORIENTED_EDGE('',*,*,#6611,.T.);
#9534=ORIENTED_EDGE('',*,*,#6609,.T.);
#9535=ORIENTED_EDGE('',*,*,#6610,.T.);
#9536=ORIENTED_EDGE('',*,*,#6605,.T.);
#9537=ORIENTED_EDGE('',*,*,#6619,.T.);
#9538=ORIENTED_EDGE('',*,*,#6617,.T.);
#9539=ORIENTED_EDGE('',*,*,#6618,.T.);
#9540=ORIENTED_EDGE('',*,*,#6613,.T.);
#9541=ORIENTED_EDGE('',*,*,#6627,.T.);
#9542=ORIENTED_EDGE('',*,*,#6625,.T.);
#9543=ORIENTED_EDGE('',*,*,#6626,.T.);
#9544=ORIENTED_EDGE('',*,*,#6621,.T.);
#9545=ORIENTED_EDGE('',*,*,#6635,.T.);
#9546=ORIENTED_EDGE('',*,*,#6633,.T.);
#9547=ORIENTED_EDGE('',*,*,#6634,.T.);
#9548=ORIENTED_EDGE('',*,*,#6629,.T.);
#9549=ORIENTED_EDGE('',*,*,#6643,.T.);
#9550=ORIENTED_EDGE('',*,*,#6641,.T.);
#9551=ORIENTED_EDGE('',*,*,#6642,.T.);
#9552=ORIENTED_EDGE('',*,*,#6637,.T.);
#9553=ORIENTED_EDGE('',*,*,#6651,.T.);
#9554=ORIENTED_EDGE('',*,*,#6649,.T.);
#9555=ORIENTED_EDGE('',*,*,#6650,.T.);
#9556=ORIENTED_EDGE('',*,*,#6645,.T.);
#9557=ORIENTED_EDGE('',*,*,#6659,.T.);
#9558=ORIENTED_EDGE('',*,*,#6657,.T.);
#9559=ORIENTED_EDGE('',*,*,#6658,.T.);
#9560=ORIENTED_EDGE('',*,*,#6653,.T.);
#9561=ORIENTED_EDGE('',*,*,#6667,.T.);
#9562=ORIENTED_EDGE('',*,*,#6665,.T.);
#9563=ORIENTED_EDGE('',*,*,#6666,.T.);
#9564=ORIENTED_EDGE('',*,*,#6661,.T.);
#9565=ORIENTED_EDGE('',*,*,#6675,.T.);
#9566=ORIENTED_EDGE('',*,*,#6673,.T.);
#9567=ORIENTED_EDGE('',*,*,#6674,.T.);
#9568=ORIENTED_EDGE('',*,*,#6669,.T.);
#9569=ORIENTED_EDGE('',*,*,#6683,.T.);
#9570=ORIENTED_EDGE('',*,*,#6681,.T.);
#9571=ORIENTED_EDGE('',*,*,#6682,.T.);
#9572=ORIENTED_EDGE('',*,*,#6677,.T.);
#9573=ORIENTED_EDGE('',*,*,#6691,.T.);
#9574=ORIENTED_EDGE('',*,*,#6689,.T.);
#9575=ORIENTED_EDGE('',*,*,#6690,.T.);
#9576=ORIENTED_EDGE('',*,*,#6685,.T.);
#9577=ORIENTED_EDGE('',*,*,#6699,.T.);
#9578=ORIENTED_EDGE('',*,*,#6697,.T.);
#9579=ORIENTED_EDGE('',*,*,#6698,.T.);
#9580=ORIENTED_EDGE('',*,*,#6693,.T.);
#9581=ORIENTED_EDGE('',*,*,#6707,.T.);
#9582=ORIENTED_EDGE('',*,*,#6705,.T.);
#9583=ORIENTED_EDGE('',*,*,#6706,.T.);
#9584=ORIENTED_EDGE('',*,*,#6701,.T.);
#9585=ORIENTED_EDGE('',*,*,#6715,.T.);
#9586=ORIENTED_EDGE('',*,*,#6713,.T.);
#9587=ORIENTED_EDGE('',*,*,#6714,.T.);
#9588=ORIENTED_EDGE('',*,*,#6709,.T.);
#9589=ORIENTED_EDGE('',*,*,#6723,.T.);
#9590=ORIENTED_EDGE('',*,*,#6721,.T.);
#9591=ORIENTED_EDGE('',*,*,#6722,.T.);
#9592=ORIENTED_EDGE('',*,*,#6717,.T.);
#9593=ORIENTED_EDGE('',*,*,#6731,.T.);
#9594=ORIENTED_EDGE('',*,*,#6729,.T.);
#9595=ORIENTED_EDGE('',*,*,#6730,.T.);
#9596=ORIENTED_EDGE('',*,*,#6725,.T.);
#9597=ORIENTED_EDGE('',*,*,#6739,.T.);
#9598=ORIENTED_EDGE('',*,*,#6737,.T.);
#9599=ORIENTED_EDGE('',*,*,#6738,.T.);
#9600=ORIENTED_EDGE('',*,*,#6733,.T.);
#9601=ORIENTED_EDGE('',*,*,#6747,.T.);
#9602=ORIENTED_EDGE('',*,*,#6745,.T.);
#9603=ORIENTED_EDGE('',*,*,#6746,.T.);
#9604=ORIENTED_EDGE('',*,*,#6741,.T.);
#9605=ORIENTED_EDGE('',*,*,#6755,.T.);
#9606=ORIENTED_EDGE('',*,*,#6753,.T.);
#9607=ORIENTED_EDGE('',*,*,#6754,.T.);
#9608=ORIENTED_EDGE('',*,*,#6749,.T.);
#9609=ORIENTED_EDGE('',*,*,#6763,.T.);
#9610=ORIENTED_EDGE('',*,*,#6761,.T.);
#9611=ORIENTED_EDGE('',*,*,#6762,.T.);
#9612=ORIENTED_EDGE('',*,*,#6757,.T.);
#9613=ORIENTED_EDGE('',*,*,#6771,.T.);
#9614=ORIENTED_EDGE('',*,*,#6769,.T.);
#9615=ORIENTED_EDGE('',*,*,#6770,.T.);
#9616=ORIENTED_EDGE('',*,*,#6765,.T.);
#9617=ORIENTED_EDGE('',*,*,#6779,.T.);
#9618=ORIENTED_EDGE('',*,*,#6777,.T.);
#9619=ORIENTED_EDGE('',*,*,#6778,.T.);
#9620=ORIENTED_EDGE('',*,*,#6773,.T.);
#9621=ORIENTED_EDGE('',*,*,#6786,.T.);
#9622=ORIENTED_EDGE('',*,*,#6784,.T.);
#9623=ORIENTED_EDGE('',*,*,#6785,.T.);
#9624=ORIENTED_EDGE('',*,*,#6780,.T.);
#9625=ORIENTED_EDGE('',*,*,#6314,.T.);
#9626=ORIENTED_EDGE('',*,*,#6074,.T.);
#9627=ORIENTED_EDGE('',*,*,#6075,.T.);
#9628=ORIENTED_EDGE('',*,*,#6068,.T.);
#9629=ORIENTED_EDGE('',*,*,#6052,.T.);
#9630=ORIENTED_EDGE('',*,*,#6055,.T.);
#9631=ORIENTED_EDGE('',*,*,#6058,.T.);
#9632=ORIENTED_EDGE('',*,*,#6061,.T.);
#9633=ORIENTED_EDGE('',*,*,#6064,.T.);
#9634=ORIENTED_EDGE('',*,*,#6787,.F.);
#9635=ORIENTED_EDGE('',*,*,#6788,.T.);
#9636=ORIENTED_EDGE('',*,*,#6789,.F.);
#9637=ORIENTED_EDGE('',*,*,#6788,.F.);
#9638=ORIENTED_EDGE('',*,*,#6790,.F.);
#9639=ORIENTED_EDGE('',*,*,#6791,.F.);
#9640=ORIENTED_EDGE('',*,*,#6792,.F.);
#9641=ORIENTED_EDGE('',*,*,#6793,.F.);
#9642=ORIENTED_EDGE('',*,*,#6794,.F.);
#9643=ORIENTED_EDGE('',*,*,#6795,.F.);
#9644=ORIENTED_EDGE('',*,*,#6796,.T.);
#9645=ORIENTED_EDGE('',*,*,#6797,.F.);
#9646=ORIENTED_EDGE('',*,*,#6792,.T.);
#9647=ORIENTED_EDGE('',*,*,#6798,.F.);
#9648=ORIENTED_EDGE('',*,*,#6796,.F.);
#9649=ORIENTED_EDGE('',*,*,#6799,.F.);
#9650=ORIENTED_EDGE('',*,*,#6800,.T.);
#9651=ORIENTED_EDGE('',*,*,#6801,.T.);
#9652=ORIENTED_EDGE('',*,*,#6802,.T.);
#9653=ORIENTED_EDGE('',*,*,#6803,.T.);
#9654=ORIENTED_EDGE('',*,*,#6804,.T.);
#9655=ORIENTED_EDGE('',*,*,#6805,.T.);
#9656=ORIENTED_EDGE('',*,*,#6806,.T.);
#9657=ORIENTED_EDGE('',*,*,#6807,.T.);
#9658=ORIENTED_EDGE('',*,*,#6808,.T.);
#9659=ORIENTED_EDGE('',*,*,#6809,.T.);
#9660=ORIENTED_EDGE('',*,*,#6810,.T.);
#9661=ORIENTED_EDGE('',*,*,#6811,.T.);
#9662=ORIENTED_EDGE('',*,*,#6812,.T.);
#9663=ORIENTED_EDGE('',*,*,#6813,.T.);
#9664=ORIENTED_EDGE('',*,*,#6814,.T.);
#9665=ORIENTED_EDGE('',*,*,#6815,.T.);
#9666=ORIENTED_EDGE('',*,*,#6816,.T.);
#9667=ORIENTED_EDGE('',*,*,#6817,.T.);
#9668=ORIENTED_EDGE('',*,*,#6818,.T.);
#9669=ORIENTED_EDGE('',*,*,#6819,.T.);
#9670=ORIENTED_EDGE('',*,*,#6820,.T.);
#9671=ORIENTED_EDGE('',*,*,#6821,.T.);
#9672=ORIENTED_EDGE('',*,*,#6822,.T.);
#9673=ORIENTED_EDGE('',*,*,#6823,.T.);
#9674=ORIENTED_EDGE('',*,*,#6824,.T.);
#9675=ORIENTED_EDGE('',*,*,#6825,.T.);
#9676=ORIENTED_EDGE('',*,*,#6826,.T.);
#9677=ORIENTED_EDGE('',*,*,#6827,.T.);
#9678=ORIENTED_EDGE('',*,*,#6828,.T.);
#9679=ORIENTED_EDGE('',*,*,#6829,.T.);
#9680=ORIENTED_EDGE('',*,*,#6830,.T.);
#9681=ORIENTED_EDGE('',*,*,#6831,.T.);
#9682=ORIENTED_EDGE('',*,*,#6832,.T.);
#9683=ORIENTED_EDGE('',*,*,#6833,.T.);
#9684=ORIENTED_EDGE('',*,*,#6834,.T.);
#9685=ORIENTED_EDGE('',*,*,#6835,.T.);
#9686=ORIENTED_EDGE('',*,*,#6836,.T.);
#9687=ORIENTED_EDGE('',*,*,#6837,.T.);
#9688=ORIENTED_EDGE('',*,*,#6838,.T.);
#9689=ORIENTED_EDGE('',*,*,#6839,.T.);
#9690=ORIENTED_EDGE('',*,*,#6840,.T.);
#9691=ORIENTED_EDGE('',*,*,#6841,.T.);
#9692=ORIENTED_EDGE('',*,*,#6842,.T.);
#9693=ORIENTED_EDGE('',*,*,#6843,.T.);
#9694=ORIENTED_EDGE('',*,*,#6844,.T.);
#9695=ORIENTED_EDGE('',*,*,#6793,.T.);
#9696=ORIENTED_EDGE('',*,*,#6799,.T.);
#9697=ORIENTED_EDGE('',*,*,#6795,.T.);
#9698=ORIENTED_EDGE('',*,*,#6789,.T.);
#9699=ORIENTED_EDGE('',*,*,#6794,.T.);
#9700=ORIENTED_EDGE('',*,*,#6845,.F.);
#9701=ORIENTED_EDGE('',*,*,#6846,.T.);
#9702=ORIENTED_EDGE('',*,*,#6800,.F.);
#9703=ORIENTED_EDGE('',*,*,#6847,.F.);
#9704=ORIENTED_EDGE('',*,*,#6848,.F.);
#9705=ORIENTED_EDGE('',*,*,#6849,.F.);
#9706=ORIENTED_EDGE('',*,*,#6841,.F.);
#9707=ORIENTED_EDGE('',*,*,#6850,.F.);
#9708=ORIENTED_EDGE('',*,*,#6843,.F.);
#9709=ORIENTED_EDGE('',*,*,#6851,.T.);
#9710=ORIENTED_EDGE('',*,*,#6852,.F.);
#9711=ORIENTED_EDGE('',*,*,#6849,.T.);
#9712=ORIENTED_EDGE('',*,*,#6853,.F.);
#9713=ORIENTED_EDGE('',*,*,#6851,.F.);
#9714=ORIENTED_EDGE('',*,*,#6842,.F.);
#9715=ORIENTED_EDGE('',*,*,#6790,.T.);
#9716=ORIENTED_EDGE('',*,*,#6844,.F.);
#9717=ORIENTED_EDGE('',*,*,#6850,.T.);
#9718=ORIENTED_EDGE('',*,*,#6854,.F.);
#9719=ORIENTED_EDGE('',*,*,#6855,.F.);
#9720=ORIENTED_EDGE('',*,*,#6856,.F.);
#9721=ORIENTED_EDGE('',*,*,#6857,.F.);
#9722=ORIENTED_EDGE('',*,*,#6837,.F.);
#9723=ORIENTED_EDGE('',*,*,#6858,.F.);
#9724=ORIENTED_EDGE('',*,*,#6839,.F.);
#9725=ORIENTED_EDGE('',*,*,#6859,.T.);
#9726=ORIENTED_EDGE('',*,*,#6860,.F.);
#9727=ORIENTED_EDGE('',*,*,#6857,.T.);
#9728=ORIENTED_EDGE('',*,*,#6861,.F.);
#9729=ORIENTED_EDGE('',*,*,#6859,.F.);
#9730=ORIENTED_EDGE('',*,*,#6838,.F.);
#9731=ORIENTED_EDGE('',*,*,#6847,.T.);
#9732=ORIENTED_EDGE('',*,*,#6840,.F.);
#9733=ORIENTED_EDGE('',*,*,#6858,.T.);
#9734=ORIENTED_EDGE('',*,*,#6862,.F.);
#9735=ORIENTED_EDGE('',*,*,#6863,.F.);
#9736=ORIENTED_EDGE('',*,*,#6864,.F.);
#9737=ORIENTED_EDGE('',*,*,#6865,.F.);
#9738=ORIENTED_EDGE('',*,*,#6833,.F.);
#9739=ORIENTED_EDGE('',*,*,#6866,.F.);
#9740=ORIENTED_EDGE('',*,*,#6835,.F.);
#9741=ORIENTED_EDGE('',*,*,#6867,.T.);
#9742=ORIENTED_EDGE('',*,*,#6868,.F.);
#9743=ORIENTED_EDGE('',*,*,#6865,.T.);
#9744=ORIENTED_EDGE('',*,*,#6869,.F.);
#9745=ORIENTED_EDGE('',*,*,#6867,.F.);
#9746=ORIENTED_EDGE('',*,*,#6834,.F.);
#9747=ORIENTED_EDGE('',*,*,#6855,.T.);
#9748=ORIENTED_EDGE('',*,*,#6836,.F.);
#9749=ORIENTED_EDGE('',*,*,#6866,.T.);
#9750=ORIENTED_EDGE('',*,*,#6870,.F.);
#9751=ORIENTED_EDGE('',*,*,#6871,.F.);
#9752=ORIENTED_EDGE('',*,*,#6872,.F.);
#9753=ORIENTED_EDGE('',*,*,#6873,.F.);
#9754=ORIENTED_EDGE('',*,*,#6829,.F.);
#9755=ORIENTED_EDGE('',*,*,#6874,.F.);
#9756=ORIENTED_EDGE('',*,*,#6831,.F.);
#9757=ORIENTED_EDGE('',*,*,#6875,.T.);
#9758=ORIENTED_EDGE('',*,*,#6876,.F.);
#9759=ORIENTED_EDGE('',*,*,#6873,.T.);
#9760=ORIENTED_EDGE('',*,*,#6877,.F.);
#9761=ORIENTED_EDGE('',*,*,#6875,.F.);
#9762=ORIENTED_EDGE('',*,*,#6830,.F.);
#9763=ORIENTED_EDGE('',*,*,#6863,.T.);
#9764=ORIENTED_EDGE('',*,*,#6832,.F.);
#9765=ORIENTED_EDGE('',*,*,#6874,.T.);
#9766=ORIENTED_EDGE('',*,*,#6878,.F.);
#9767=ORIENTED_EDGE('',*,*,#6879,.F.);
#9768=ORIENTED_EDGE('',*,*,#6880,.F.);
#9769=ORIENTED_EDGE('',*,*,#6881,.F.);
#9770=ORIENTED_EDGE('',*,*,#6825,.F.);
#9771=ORIENTED_EDGE('',*,*,#6882,.F.);
#9772=ORIENTED_EDGE('',*,*,#6827,.F.);
#9773=ORIENTED_EDGE('',*,*,#6883,.T.);
#9774=ORIENTED_EDGE('',*,*,#6884,.F.);
#9775=ORIENTED_EDGE('',*,*,#6881,.T.);
#9776=ORIENTED_EDGE('',*,*,#6885,.F.);
#9777=ORIENTED_EDGE('',*,*,#6883,.F.);
#9778=ORIENTED_EDGE('',*,*,#6826,.F.);
#9779=ORIENTED_EDGE('',*,*,#6871,.T.);
#9780=ORIENTED_EDGE('',*,*,#6828,.F.);
#9781=ORIENTED_EDGE('',*,*,#6882,.T.);
#9782=ORIENTED_EDGE('',*,*,#6886,.F.);
#9783=ORIENTED_EDGE('',*,*,#6887,.F.);
#9784=ORIENTED_EDGE('',*,*,#6888,.F.);
#9785=ORIENTED_EDGE('',*,*,#6889,.F.);
#9786=ORIENTED_EDGE('',*,*,#6821,.F.);
#9787=ORIENTED_EDGE('',*,*,#6890,.F.);
#9788=ORIENTED_EDGE('',*,*,#6823,.F.);
#9789=ORIENTED_EDGE('',*,*,#6891,.T.);
#9790=ORIENTED_EDGE('',*,*,#6892,.F.);
#9791=ORIENTED_EDGE('',*,*,#6889,.T.);
#9792=ORIENTED_EDGE('',*,*,#6893,.F.);
#9793=ORIENTED_EDGE('',*,*,#6891,.F.);
#9794=ORIENTED_EDGE('',*,*,#6822,.F.);
#9795=ORIENTED_EDGE('',*,*,#6879,.T.);
#9796=ORIENTED_EDGE('',*,*,#6824,.F.);
#9797=ORIENTED_EDGE('',*,*,#6890,.T.);
#9798=ORIENTED_EDGE('',*,*,#6894,.F.);
#9799=ORIENTED_EDGE('',*,*,#6895,.F.);
#9800=ORIENTED_EDGE('',*,*,#6896,.F.);
#9801=ORIENTED_EDGE('',*,*,#6897,.F.);
#9802=ORIENTED_EDGE('',*,*,#6817,.F.);
#9803=ORIENTED_EDGE('',*,*,#6898,.F.);
#9804=ORIENTED_EDGE('',*,*,#6819,.F.);
#9805=ORIENTED_EDGE('',*,*,#6899,.T.);
#9806=ORIENTED_EDGE('',*,*,#6900,.F.);
#9807=ORIENTED_EDGE('',*,*,#6897,.T.);
#9808=ORIENTED_EDGE('',*,*,#6901,.F.);
#9809=ORIENTED_EDGE('',*,*,#6899,.F.);
#9810=ORIENTED_EDGE('',*,*,#6818,.F.);
#9811=ORIENTED_EDGE('',*,*,#6887,.T.);
#9812=ORIENTED_EDGE('',*,*,#6820,.F.);
#9813=ORIENTED_EDGE('',*,*,#6898,.T.);
#9814=ORIENTED_EDGE('',*,*,#6902,.F.);
#9815=ORIENTED_EDGE('',*,*,#6903,.F.);
#9816=ORIENTED_EDGE('',*,*,#6904,.F.);
#9817=ORIENTED_EDGE('',*,*,#6905,.F.);
#9818=ORIENTED_EDGE('',*,*,#6813,.F.);
#9819=ORIENTED_EDGE('',*,*,#6906,.F.);
#9820=ORIENTED_EDGE('',*,*,#6815,.F.);
#9821=ORIENTED_EDGE('',*,*,#6907,.T.);
#9822=ORIENTED_EDGE('',*,*,#6908,.F.);
#9823=ORIENTED_EDGE('',*,*,#6905,.T.);
#9824=ORIENTED_EDGE('',*,*,#6909,.F.);
#9825=ORIENTED_EDGE('',*,*,#6907,.F.);
#9826=ORIENTED_EDGE('',*,*,#6814,.F.);
#9827=ORIENTED_EDGE('',*,*,#6895,.T.);
#9828=ORIENTED_EDGE('',*,*,#6816,.F.);
#9829=ORIENTED_EDGE('',*,*,#6906,.T.);
#9830=ORIENTED_EDGE('',*,*,#6910,.F.);
#9831=ORIENTED_EDGE('',*,*,#6911,.F.);
#9832=ORIENTED_EDGE('',*,*,#6912,.F.);
#9833=ORIENTED_EDGE('',*,*,#6913,.F.);
#9834=ORIENTED_EDGE('',*,*,#6809,.F.);
#9835=ORIENTED_EDGE('',*,*,#6914,.F.);
#9836=ORIENTED_EDGE('',*,*,#6811,.F.);
#9837=ORIENTED_EDGE('',*,*,#6915,.T.);
#9838=ORIENTED_EDGE('',*,*,#6916,.F.);
#9839=ORIENTED_EDGE('',*,*,#6913,.T.);
#9840=ORIENTED_EDGE('',*,*,#6917,.F.);
#9841=ORIENTED_EDGE('',*,*,#6915,.F.);
#9842=ORIENTED_EDGE('',*,*,#6810,.F.);
#9843=ORIENTED_EDGE('',*,*,#6903,.T.);
#9844=ORIENTED_EDGE('',*,*,#6812,.F.);
#9845=ORIENTED_EDGE('',*,*,#6914,.T.);
#9846=ORIENTED_EDGE('',*,*,#6918,.F.);
#9847=ORIENTED_EDGE('',*,*,#6919,.F.);
#9848=ORIENTED_EDGE('',*,*,#6920,.F.);
#9849=ORIENTED_EDGE('',*,*,#6921,.F.);
#9850=ORIENTED_EDGE('',*,*,#6805,.F.);
#9851=ORIENTED_EDGE('',*,*,#6922,.F.);
#9852=ORIENTED_EDGE('',*,*,#6807,.F.);
#9853=ORIENTED_EDGE('',*,*,#6923,.T.);
#9854=ORIENTED_EDGE('',*,*,#6924,.F.);
#9855=ORIENTED_EDGE('',*,*,#6921,.T.);
#9856=ORIENTED_EDGE('',*,*,#6925,.F.);
#9857=ORIENTED_EDGE('',*,*,#6923,.F.);
#9858=ORIENTED_EDGE('',*,*,#6806,.F.);
#9859=ORIENTED_EDGE('',*,*,#6911,.T.);
#9860=ORIENTED_EDGE('',*,*,#6808,.F.);
#9861=ORIENTED_EDGE('',*,*,#6922,.T.);
#9862=ORIENTED_EDGE('',*,*,#6926,.F.);
#9863=ORIENTED_EDGE('',*,*,#6846,.F.);
#9864=ORIENTED_EDGE('',*,*,#6927,.F.);
#9865=ORIENTED_EDGE('',*,*,#6928,.F.);
#9866=ORIENTED_EDGE('',*,*,#6801,.F.);
#9867=ORIENTED_EDGE('',*,*,#6929,.F.);
#9868=ORIENTED_EDGE('',*,*,#6803,.F.);
#9869=ORIENTED_EDGE('',*,*,#6930,.T.);
#9870=ORIENTED_EDGE('',*,*,#6931,.F.);
#9871=ORIENTED_EDGE('',*,*,#6928,.T.);
#9872=ORIENTED_EDGE('',*,*,#6932,.F.);
#9873=ORIENTED_EDGE('',*,*,#6930,.F.);
#9874=ORIENTED_EDGE('',*,*,#6802,.F.);
#9875=ORIENTED_EDGE('',*,*,#6919,.T.);
#9876=ORIENTED_EDGE('',*,*,#6804,.F.);
#9877=ORIENTED_EDGE('',*,*,#6929,.T.);
#9878=ORIENTED_EDGE('',*,*,#6933,.F.);
#9879=ORIENTED_EDGE('',*,*,#6854,.T.);
#9880=ORIENTED_EDGE('',*,*,#6852,.T.);
#9881=ORIENTED_EDGE('',*,*,#6853,.T.);
#9882=ORIENTED_EDGE('',*,*,#6848,.T.);
#9883=ORIENTED_EDGE('',*,*,#6862,.T.);
#9884=ORIENTED_EDGE('',*,*,#6860,.T.);
#9885=ORIENTED_EDGE('',*,*,#6861,.T.);
#9886=ORIENTED_EDGE('',*,*,#6856,.T.);
#9887=ORIENTED_EDGE('',*,*,#6870,.T.);
#9888=ORIENTED_EDGE('',*,*,#6868,.T.);
#9889=ORIENTED_EDGE('',*,*,#6869,.T.);
#9890=ORIENTED_EDGE('',*,*,#6864,.T.);
#9891=ORIENTED_EDGE('',*,*,#6878,.T.);
#9892=ORIENTED_EDGE('',*,*,#6876,.T.);
#9893=ORIENTED_EDGE('',*,*,#6877,.T.);
#9894=ORIENTED_EDGE('',*,*,#6872,.T.);
#9895=ORIENTED_EDGE('',*,*,#6886,.T.);
#9896=ORIENTED_EDGE('',*,*,#6884,.T.);
#9897=ORIENTED_EDGE('',*,*,#6885,.T.);
#9898=ORIENTED_EDGE('',*,*,#6880,.T.);
#9899=ORIENTED_EDGE('',*,*,#6894,.T.);
#9900=ORIENTED_EDGE('',*,*,#6892,.T.);
#9901=ORIENTED_EDGE('',*,*,#6893,.T.);
#9902=ORIENTED_EDGE('',*,*,#6888,.T.);
#9903=ORIENTED_EDGE('',*,*,#6902,.T.);
#9904=ORIENTED_EDGE('',*,*,#6900,.T.);
#9905=ORIENTED_EDGE('',*,*,#6901,.T.);
#9906=ORIENTED_EDGE('',*,*,#6896,.T.);
#9907=ORIENTED_EDGE('',*,*,#6910,.T.);
#9908=ORIENTED_EDGE('',*,*,#6908,.T.);
#9909=ORIENTED_EDGE('',*,*,#6909,.T.);
#9910=ORIENTED_EDGE('',*,*,#6904,.T.);
#9911=ORIENTED_EDGE('',*,*,#6918,.T.);
#9912=ORIENTED_EDGE('',*,*,#6916,.T.);
#9913=ORIENTED_EDGE('',*,*,#6917,.T.);
#9914=ORIENTED_EDGE('',*,*,#6912,.T.);
#9915=ORIENTED_EDGE('',*,*,#6926,.T.);
#9916=ORIENTED_EDGE('',*,*,#6924,.T.);
#9917=ORIENTED_EDGE('',*,*,#6925,.T.);
#9918=ORIENTED_EDGE('',*,*,#6920,.T.);
#9919=ORIENTED_EDGE('',*,*,#6933,.T.);
#9920=ORIENTED_EDGE('',*,*,#6931,.T.);
#9921=ORIENTED_EDGE('',*,*,#6932,.T.);
#9922=ORIENTED_EDGE('',*,*,#6927,.T.);
#9923=ORIENTED_EDGE('',*,*,#6845,.T.);
#9924=ORIENTED_EDGE('',*,*,#6797,.T.);
#9925=ORIENTED_EDGE('',*,*,#6798,.T.);
#9926=ORIENTED_EDGE('',*,*,#6791,.T.);
#9927=ORIENTED_EDGE('',*,*,#6787,.T.);
#9928=CYLINDRICAL_SURFACE('',#10734,4.15);
#9929=CYLINDRICAL_SURFACE('',#10740,1.7);
#9930=CYLINDRICAL_SURFACE('',#10747,1.7);
#9931=CYLINDRICAL_SURFACE('',#10751,1.7);
#9932=CYLINDRICAL_SURFACE('',#10784,1.7);
#9933=CYLINDRICAL_SURFACE('',#10786,30.);
#9934=CYLINDRICAL_SURFACE('',#10799,1.7);
#9935=CYLINDRICAL_SURFACE('',#10803,1.7);
#9936=CYLINDRICAL_SURFACE('',#10807,1.7);
#9937=CYLINDRICAL_SURFACE('',#10811,1.7);
#9938=CYLINDRICAL_SURFACE('',#10815,1.7);
#9939=CYLINDRICAL_SURFACE('',#10819,1.7);
#9940=CYLINDRICAL_SURFACE('',#10827,1.7);
#9941=CYLINDRICAL_SURFACE('',#10831,1.7);
#9942=CYLINDRICAL_SURFACE('',#10847,4.15);
#9943=CYLINDRICAL_SURFACE('',#10860,11.1);
#9944=CYLINDRICAL_SURFACE('',#10866,4.15);
#9945=CYLINDRICAL_SURFACE('',#10869,1.7);
#9946=CYLINDRICAL_SURFACE('',#10871,1.7);
#9947=CYLINDRICAL_SURFACE('',#10873,1.7);
#9948=CYLINDRICAL_SURFACE('',#10875,1.7);
#9949=CYLINDRICAL_SURFACE('',#10890,82.);
#9950=CYLINDRICAL_SURFACE('',#10892,82.);
#9951=CYLINDRICAL_SURFACE('',#10894,100.);
#9952=CYLINDRICAL_SURFACE('',#10896,82.);
#9953=CYLINDRICAL_SURFACE('',#10898,82.);
#9954=CYLINDRICAL_SURFACE('',#10900,100.);
#9955=CYLINDRICAL_SURFACE('',#10912,100.);
#9956=CYLINDRICAL_SURFACE('',#10913,100.);
#9957=CYLINDRICAL_SURFACE('',#10916,11.1);
#9958=CYLINDRICAL_SURFACE('',#10945,1.7);
#9959=CYLINDRICAL_SURFACE('',#10947,1.7);
#9960=CYLINDRICAL_SURFACE('',#10949,1.7);
#9961=CYLINDRICAL_SURFACE('',#10951,1.7);
#9962=CYLINDRICAL_SURFACE('',#10953,1.7);
#9963=CYLINDRICAL_SURFACE('',#10955,1.7);
#9964=CYLINDRICAL_SURFACE('',#10972,35.);
#9965=CYLINDRICAL_SURFACE('',#10973,1.7);
#9966=CYLINDRICAL_SURFACE('',#10974,1.7);
#9967=CYLINDRICAL_SURFACE('',#10978,35.);
#9968=CYLINDRICAL_SURFACE('',#10979,1.7);
#9969=CYLINDRICAL_SURFACE('',#10980,1.7);
#9970=CYLINDRICAL_SURFACE('',#10984,35.);
#9971=CYLINDRICAL_SURFACE('',#10985,1.7);
#9972=CYLINDRICAL_SURFACE('',#10986,1.7);
#9973=CYLINDRICAL_SURFACE('',#10990,4.1);
#9974=CYLINDRICAL_SURFACE('',#10991,35.);
#9975=CYLINDRICAL_SURFACE('',#10993,1.7);
#9976=CYLINDRICAL_SURFACE('',#11014,1.7);
#9977=CYLINDRICAL_SURFACE('',#11015,1.7);
#9978=CYLINDRICAL_SURFACE('',#11018,1.7);
#9979=CYLINDRICAL_SURFACE('',#11037,1.7);
#9980=CYLINDRICAL_SURFACE('',#11051,13.);
#9981=CYLINDRICAL_SURFACE('',#11056,9.3);
#9982=CYLINDRICAL_SURFACE('',#11060,4.);
#9983=CYLINDRICAL_SURFACE('',#11065,4.);
#9984=CYLINDRICAL_SURFACE('',#11068,11.);
#9985=CYLINDRICAL_SURFACE('',#11073,4.);
#9986=CYLINDRICAL_SURFACE('',#11076,11.);
#9987=CYLINDRICAL_SURFACE('',#11081,1.5);
#9988=CYLINDRICAL_SURFACE('',#11086,1.5);
#9989=CYLINDRICAL_SURFACE('',#11091,1.5);
#9990=CYLINDRICAL_SURFACE('',#11096,1.5);
#9991=CYLINDRICAL_SURFACE('',#11102,1.7);
#9992=CYLINDRICAL_SURFACE('',#11105,1.7);
#9993=CYLINDRICAL_SURFACE('',#11108,1.7);
#9994=CYLINDRICAL_SURFACE('',#11111,1.7);
#9995=CYLINDRICAL_SURFACE('',#11114,1.7);
#9996=CYLINDRICAL_SURFACE('',#11117,1.7);
#9997=CYLINDRICAL_SURFACE('',#11120,1.7);
#9998=CYLINDRICAL_SURFACE('',#11123,1.7);
#9999=CYLINDRICAL_SURFACE('',#11126,6.);
#10000=CYLINDRICAL_SURFACE('',#11135,1.45);
#10001=CYLINDRICAL_SURFACE('',#11136,1.45);
#10002=CYLINDRICAL_SURFACE('',#11137,1.45);
#10003=CYLINDRICAL_SURFACE('',#11138,1.45);
#10004=CYLINDRICAL_SURFACE('',#11139,4.1);
#10005=CYLINDRICAL_SURFACE('',#11144,1.65);
#10006=CYLINDRICAL_SURFACE('',#11146,8.);
#10007=CYLINDRICAL_SURFACE('',#11152,1.7);
#10008=CYLINDRICAL_SURFACE('',#11155,1.7);
#10009=CYLINDRICAL_SURFACE('',#11158,1.7);
#10010=CYLINDRICAL_SURFACE('',#11161,1.7);
#10011=CYLINDRICAL_SURFACE('',#11164,1.7);
#10012=CYLINDRICAL_SURFACE('',#11167,1.7);
#10013=CYLINDRICAL_SURFACE('',#11170,1.7);
#10014=CYLINDRICAL_SURFACE('',#11173,1.7);
#10015=CYLINDRICAL_SURFACE('',#11182,1.7);
#10016=CYLINDRICAL_SURFACE('',#11185,1.7);
#10017=CYLINDRICAL_SURFACE('',#11188,1.7);
#10018=CYLINDRICAL_SURFACE('',#11191,1.7);
#10019=CYLINDRICAL_SURFACE('',#11194,4.1);
#10020=CYLINDRICAL_SURFACE('',#11261,29.);
#10021=CYLINDRICAL_SURFACE('',#11266,29.);
#10022=CYLINDRICAL_SURFACE('',#11271,29.);
#10023=CYLINDRICAL_SURFACE('',#11276,29.);
#10024=CYLINDRICAL_SURFACE('',#11281,29.);
#10025=CYLINDRICAL_SURFACE('',#11286,29.);
#10026=CYLINDRICAL_SURFACE('',#11291,29.);
#10027=CYLINDRICAL_SURFACE('',#11296,29.);
#10028=CYLINDRICAL_SURFACE('',#11301,29.);
#10029=CYLINDRICAL_SURFACE('',#11306,29.);
#10030=CYLINDRICAL_SURFACE('',#11311,29.);
#10031=CYLINDRICAL_SURFACE('',#11316,29.);
#10032=CYLINDRICAL_SURFACE('',#11321,29.);
#10033=CYLINDRICAL_SURFACE('',#11326,29.);
#10034=CYLINDRICAL_SURFACE('',#11331,29.);
#10035=CYLINDRICAL_SURFACE('',#11336,29.);
#10036=CYLINDRICAL_SURFACE('',#11341,29.);
#10037=CYLINDRICAL_SURFACE('',#11346,29.);
#10038=CYLINDRICAL_SURFACE('',#11351,29.);
#10039=CYLINDRICAL_SURFACE('',#11356,29.);
#10040=CYLINDRICAL_SURFACE('',#11361,29.);
#10041=CYLINDRICAL_SURFACE('',#11366,29.);
#10042=CYLINDRICAL_SURFACE('',#11371,29.);
#10043=CYLINDRICAL_SURFACE('',#11376,29.);
#10044=CYLINDRICAL_SURFACE('',#11381,29.);
#10045=CYLINDRICAL_SURFACE('',#11386,29.);
#10046=CYLINDRICAL_SURFACE('',#11391,29.);
#10047=CYLINDRICAL_SURFACE('',#11396,29.);
#10048=CYLINDRICAL_SURFACE('',#11401,29.);
#10049=CYLINDRICAL_SURFACE('',#11406,29.);
#10050=CYLINDRICAL_SURFACE('',#11411,29.);
#10051=CYLINDRICAL_SURFACE('',#11416,29.);
#10052=CYLINDRICAL_SURFACE('',#11421,29.);
#10053=CYLINDRICAL_SURFACE('',#11426,29.);
#10054=CYLINDRICAL_SURFACE('',#11431,29.);
#10055=CYLINDRICAL_SURFACE('',#11436,29.);
#10056=CYLINDRICAL_SURFACE('',#11441,29.);
#10057=CYLINDRICAL_SURFACE('',#11446,29.);
#10058=CYLINDRICAL_SURFACE('',#11451,29.);
#10059=CYLINDRICAL_SURFACE('',#11456,29.);
#10060=CYLINDRICAL_SURFACE('',#11461,29.);
#10061=CYLINDRICAL_SURFACE('',#11466,29.);
#10062=CYLINDRICAL_SURFACE('',#11471,29.);
#10063=CYLINDRICAL_SURFACE('',#11476,29.);
#10064=CYLINDRICAL_SURFACE('',#11481,29.);
#10065=CYLINDRICAL_SURFACE('',#11486,29.);
#10066=CYLINDRICAL_SURFACE('',#11491,29.);
#10067=CYLINDRICAL_SURFACE('',#11496,29.);
#10068=CYLINDRICAL_SURFACE('',#11501,29.);
#10069=CYLINDRICAL_SURFACE('',#11506,29.);
#10070=CYLINDRICAL_SURFACE('',#11511,29.);
#10071=CYLINDRICAL_SURFACE('',#11516,29.);
#10072=CYLINDRICAL_SURFACE('',#11521,29.);
#10073=CYLINDRICAL_SURFACE('',#11526,29.);
#10074=CYLINDRICAL_SURFACE('',#11531,29.);
#10075=CYLINDRICAL_SURFACE('',#11536,29.);
#10076=CYLINDRICAL_SURFACE('',#11541,29.);
#10077=CYLINDRICAL_SURFACE('',#11546,29.);
#10078=CYLINDRICAL_SURFACE('',#11551,29.);
#10079=CYLINDRICAL_SURFACE('',#11556,29.);
#10080=CYLINDRICAL_SURFACE('',#11559,1.65);
#10081=CYLINDRICAL_SURFACE('',#11578,5.);
#10082=CYLINDRICAL_SURFACE('',#11583,5.);
#10083=CYLINDRICAL_SURFACE('',#11588,5.);
#10084=CYLINDRICAL_SURFACE('',#11593,5.);
#10085=CYLINDRICAL_SURFACE('',#11598,5.);
#10086=CYLINDRICAL_SURFACE('',#11603,5.);
#10087=CYLINDRICAL_SURFACE('',#11608,5.);
#10088=CYLINDRICAL_SURFACE('',#11613,5.);
#10089=CYLINDRICAL_SURFACE('',#11618,5.);
#10090=CYLINDRICAL_SURFACE('',#11623,5.);
#10091=CYLINDRICAL_SURFACE('',#11628,5.);
#10092=CYLINDRICAL_SURFACE('',#11633,5.);
#10093=ADVANCED_FACE('',(#634),#9928,.F.);
#10094=ADVANCED_FACE('',(#635),#257,.F.);
#10095=ADVANCED_FACE('',(#636),#9929,.F.);
#10096=ADVANCED_FACE('',(#637),#258,.F.);
#10097=ADVANCED_FACE('',(#638),#259,.F.);
#10098=ADVANCED_FACE('',(#639),#9930,.F.);
#10099=ADVANCED_FACE('',(#640),#260,.F.);
#10100=ADVANCED_FACE('',(#641),#9931,.F.);
#10101=ADVANCED_FACE('',(#642),#261,.F.);
#10102=ADVANCED_FACE('',(#643,#134,#135,#136,#137,#138),#262,.T.);
#10103=ADVANCED_FACE('',(#644),#263,.F.);
#10104=ADVANCED_FACE('',(#645),#9932,.F.);
#10105=ADVANCED_FACE('',(#646),#9933,.T.);
#10106=ADVANCED_FACE('',(#647),#9934,.F.);
#10107=ADVANCED_FACE('',(#648),#264,.F.);
#10108=ADVANCED_FACE('',(#649),#9935,.F.);
#10109=ADVANCED_FACE('',(#650),#265,.F.);
#10110=ADVANCED_FACE('',(#651),#9936,.F.);
#10111=ADVANCED_FACE('',(#652),#266,.F.);
#10112=ADVANCED_FACE('',(#653),#9937,.F.);
#10113=ADVANCED_FACE('',(#654),#267,.F.);
#10114=ADVANCED_FACE('',(#655),#9938,.F.);
#10115=ADVANCED_FACE('',(#656),#268,.F.);
#10116=ADVANCED_FACE('',(#657),#9939,.F.);
#10117=ADVANCED_FACE('',(#658),#269,.F.);
#10118=ADVANCED_FACE('',(#659,#139,#140),#270,.T.);
#10119=ADVANCED_FACE('',(#660),#271,.F.);
#10120=ADVANCED_FACE('',(#661),#272,.F.);
#10121=ADVANCED_FACE('',(#662),#273,.T.);
#10122=ADVANCED_FACE('',(#663),#9940,.F.);
#10123=ADVANCED_FACE('',(#664),#274,.F.);
#10124=ADVANCED_FACE('',(#665),#9941,.F.);
#10125=ADVANCED_FACE('',(#666),#275,.F.);
#10126=ADVANCED_FACE('',(#667),#276,.F.);
#10127=ADVANCED_FACE('',(#668,#141,#142),#277,.T.);
#10128=ADVANCED_FACE('',(#669),#278,.F.);
#10129=ADVANCED_FACE('',(#670),#279,.F.);
#10130=ADVANCED_FACE('',(#671),#280,.T.);
#10131=ADVANCED_FACE('',(#672),#281,.F.);
#10132=ADVANCED_FACE('',(#673),#282,.F.);
#10133=ADVANCED_FACE('',(#674),#283,.F.);
#10134=ADVANCED_FACE('',(#675),#284,.T.);
#10135=ADVANCED_FACE('',(#676),#285,.F.);
#10136=ADVANCED_FACE('',(#677),#286,.F.);
#10137=ADVANCED_FACE('',(#678),#287,.F.);
#10138=ADVANCED_FACE('',(#679),#9942,.F.);
#10139=ADVANCED_FACE('',(#680),#288,.T.);
#10140=ADVANCED_FACE('',(#681),#289,.F.);
#10141=ADVANCED_FACE('',(#682),#290,.F.);
#10142=ADVANCED_FACE('',(#683),#291,.F.);
#10143=ADVANCED_FACE('',(#684),#292,.F.);
#10144=ADVANCED_FACE('',(#685),#293,.T.);
#10145=ADVANCED_FACE('',(#686),#294,.T.);
#10146=ADVANCED_FACE('',(#687),#295,.T.);
#10147=ADVANCED_FACE('',(#688),#296,.T.);
#10148=ADVANCED_FACE('',(#689),#297,.T.);
#10149=ADVANCED_FACE('',(#690),#9943,.F.);
#10150=ADVANCED_FACE('',(#691,#143),#298,.F.);
#10151=ADVANCED_FACE('',(#692,#144),#299,.F.);
#10152=ADVANCED_FACE('',(#693),#9944,.F.);
#10153=ADVANCED_FACE('',(#694,#145),#300,.T.);
#10154=ADVANCED_FACE('',(#695),#9945,.F.);
#10155=ADVANCED_FACE('',(#696),#9946,.F.);
#10156=ADVANCED_FACE('',(#697),#9947,.F.);
#10157=ADVANCED_FACE('',(#698),#9948,.F.);
#10158=ADVANCED_FACE('',(#699),#301,.F.);
#10159=ADVANCED_FACE('',(#700),#302,.F.);
#10160=ADVANCED_FACE('',(#701),#303,.F.);
#10161=ADVANCED_FACE('',(#702),#304,.F.);
#10162=ADVANCED_FACE('',(#703),#305,.F.);
#10163=ADVANCED_FACE('',(#704),#306,.F.);
#10164=ADVANCED_FACE('',(#705),#307,.F.);
#10165=ADVANCED_FACE('',(#706),#308,.F.);
#10166=ADVANCED_FACE('',(#707),#309,.F.);
#10167=ADVANCED_FACE('',(#708),#310,.F.);
#10168=ADVANCED_FACE('',(#709),#311,.F.);
#10169=ADVANCED_FACE('',(#710),#312,.F.);
#10170=ADVANCED_FACE('',(#711),#313,.F.);
#10171=ADVANCED_FACE('',(#712),#9949,.F.);
#10172=ADVANCED_FACE('',(#713),#9950,.F.);
#10173=ADVANCED_FACE('',(#714),#9951,.T.);
#10174=ADVANCED_FACE('',(#715),#9952,.F.);
#10175=ADVANCED_FACE('',(#716),#9953,.F.);
#10176=ADVANCED_FACE('',(#717),#9954,.T.);
#10177=ADVANCED_FACE('',(#718,#146,#147,#148,#149,#150,#151,#152,#153,#154,
#155,#156,#157,#158,#159,#160,#161,#162),#314,.T.);
#10178=ADVANCED_FACE('',(#719),#315,.F.);
#10179=ADVANCED_FACE('',(#720),#316,.F.);
#10180=ADVANCED_FACE('',(#721),#317,.F.);
#10181=ADVANCED_FACE('',(#722),#318,.F.);
#10182=ADVANCED_FACE('',(#723),#319,.F.);
#10183=ADVANCED_FACE('',(#724),#320,.F.);
#10184=ADVANCED_FACE('',(#725),#321,.F.);
#10185=ADVANCED_FACE('',(#726),#9955,.T.);
#10186=ADVANCED_FACE('',(#727),#9956,.T.);
#10187=ADVANCED_FACE('',(#728,#163),#322,.F.);
#10188=ADVANCED_FACE('',(#729),#9957,.F.);
#10189=ADVANCED_FACE('',(#730,#164),#323,.F.);
#10190=ADVANCED_FACE('',(#731),#324,.T.);
#10191=ADVANCED_FACE('',(#732),#325,.T.);
#10192=ADVANCED_FACE('',(#733),#326,.F.);
#10193=ADVANCED_FACE('',(#734),#327,.F.);
#10194=ADVANCED_FACE('',(#735),#328,.F.);
#10195=ADVANCED_FACE('',(#736),#329,.F.);
#10196=ADVANCED_FACE('',(#737),#330,.F.);
#10197=ADVANCED_FACE('',(#738,#165,#166,#167,#168,#169,#170,#171,#172,#173,
#174,#175,#176),#331,.T.);
#10198=ADVANCED_FACE('',(#739),#9958,.F.);
#10199=ADVANCED_FACE('',(#740),#9959,.F.);
#10200=ADVANCED_FACE('',(#741),#9960,.F.);
#10201=ADVANCED_FACE('',(#742),#9961,.F.);
#10202=ADVANCED_FACE('',(#743),#9962,.F.);
#10203=ADVANCED_FACE('',(#744),#9963,.F.);
#10204=ADVANCED_FACE('',(#745),#332,.F.);
#10205=ADVANCED_FACE('',(#746),#333,.F.);
#10206=ADVANCED_FACE('',(#747),#334,.F.);
#10207=ADVANCED_FACE('',(#748,#177,#178,#179,#180,#181,#182,#183,#184,#185,
#186,#187,#188,#189),#335,.T.);
#10208=ADVANCED_FACE('',(#749),#9964,.T.);
#10209=ADVANCED_FACE('',(#750),#9965,.F.);
#10210=ADVANCED_FACE('',(#751),#9966,.F.);
#10211=ADVANCED_FACE('',(#752),#336,.F.);
#10212=ADVANCED_FACE('',(#753),#337,.F.);
#10213=ADVANCED_FACE('',(#754),#338,.F.);
#10214=ADVANCED_FACE('',(#755),#9967,.T.);
#10215=ADVANCED_FACE('',(#756),#9968,.F.);
#10216=ADVANCED_FACE('',(#757),#9969,.F.);
#10217=ADVANCED_FACE('',(#758),#339,.F.);
#10218=ADVANCED_FACE('',(#759),#340,.F.);
#10219=ADVANCED_FACE('',(#760),#341,.F.);
#10220=ADVANCED_FACE('',(#761),#9970,.T.);
#10221=ADVANCED_FACE('',(#762),#9971,.F.);
#10222=ADVANCED_FACE('',(#763),#9972,.F.);
#10223=ADVANCED_FACE('',(#764),#342,.F.);
#10224=ADVANCED_FACE('',(#765),#343,.F.);
#10225=ADVANCED_FACE('',(#766),#344,.F.);
#10226=ADVANCED_FACE('',(#767),#9973,.F.);
#10227=ADVANCED_FACE('',(#768),#9974,.T.);
#10228=ADVANCED_FACE('',(#769),#9975,.F.);
#10229=ADVANCED_FACE('',(#770),#345,.F.);
#10230=ADVANCED_FACE('',(#771),#346,.T.);
#10231=ADVANCED_FACE('',(#772),#347,.F.);
#10232=ADVANCED_FACE('',(#773,#190),#348,.F.);
#10233=ADVANCED_FACE('',(#774),#349,.T.);
#10234=ADVANCED_FACE('',(#775),#350,.F.);
#10235=ADVANCED_FACE('',(#776,#191),#351,.F.);
#10236=ADVANCED_FACE('',(#777),#352,.F.);
#10237=ADVANCED_FACE('',(#778),#353,.F.);
#10238=ADVANCED_FACE('',(#779,#192),#354,.F.);
#10239=ADVANCED_FACE('',(#780),#355,.F.);
#10240=ADVANCED_FACE('',(#781),#356,.T.);
#10241=ADVANCED_FACE('',(#782,#193),#357,.F.);
#10242=ADVANCED_FACE('',(#783),#358,.F.);
#10243=ADVANCED_FACE('',(#784),#359,.T.);
#10244=ADVANCED_FACE('',(#785),#360,.F.);
#10245=ADVANCED_FACE('',(#786),#9976,.F.);
#10246=ADVANCED_FACE('',(#787),#9977,.F.);
#10247=ADVANCED_FACE('',(#788),#9978,.F.);
#10248=ADVANCED_FACE('',(#789,#194,#195),#361,.T.);
#10249=ADVANCED_FACE('',(#790,#196,#197),#362,.F.);
#10250=ADVANCED_FACE('',(#791),#363,.F.);
#10251=ADVANCED_FACE('',(#792),#364,.F.);
#10252=ADVANCED_FACE('',(#793),#365,.F.);
#10253=ADVANCED_FACE('',(#794),#366,.F.);
#10254=ADVANCED_FACE('',(#795),#367,.F.);
#10255=ADVANCED_FACE('',(#796),#368,.T.);
#10256=ADVANCED_FACE('',(#797),#369,.T.);
#10257=ADVANCED_FACE('',(#798),#370,.F.);
#10258=ADVANCED_FACE('',(#799),#371,.F.);
#10259=ADVANCED_FACE('',(#800),#372,.F.);
#10260=ADVANCED_FACE('',(#801,#198),#373,.F.);
#10261=ADVANCED_FACE('',(#802),#374,.F.);
#10262=ADVANCED_FACE('',(#803),#9979,.F.);
#10263=ADVANCED_FACE('',(#804),#375,.F.);
#10264=ADVANCED_FACE('',(#805),#376,.F.);
#10265=ADVANCED_FACE('',(#806),#377,.T.);
#10266=ADVANCED_FACE('',(#807),#378,.F.);
#10267=ADVANCED_FACE('',(#808,#199),#379,.F.);
#10268=ADVANCED_FACE('',(#809),#380,.T.);
#10269=ADVANCED_FACE('',(#810),#381,.T.);
#10270=ADVANCED_FACE('',(#811),#9980,.T.);
#10271=ADVANCED_FACE('',(#812),#382,.T.);
#10272=ADVANCED_FACE('',(#813),#383,.F.);
#10273=ADVANCED_FACE('',(#814),#9981,.F.);
#10274=ADVANCED_FACE('',(#815),#384,.F.);
#10275=ADVANCED_FACE('',(#816),#9982,.T.);
#10276=ADVANCED_FACE('',(#817),#385,.T.);
#10277=ADVANCED_FACE('',(#818),#386,.T.);
#10278=ADVANCED_FACE('',(#819),#9983,.F.);
#10279=ADVANCED_FACE('',(#820),#9984,.T.);
#10280=ADVANCED_FACE('',(#821,#200),#387,.T.);
#10281=ADVANCED_FACE('',(#822,#201),#388,.T.);
#10282=ADVANCED_FACE('',(#823),#9985,.F.);
#10283=ADVANCED_FACE('',(#824),#9986,.T.);
#10284=ADVANCED_FACE('',(#825,#202),#389,.T.);
#10285=ADVANCED_FACE('',(#826,#203),#390,.T.);
#10286=ADVANCED_FACE('',(#827),#9987,.T.);
#10287=ADVANCED_FACE('',(#828),#391,.T.);
#10288=ADVANCED_FACE('',(#829),#392,.T.);
#10289=ADVANCED_FACE('',(#830),#9988,.T.);
#10290=ADVANCED_FACE('',(#831),#393,.T.);
#10291=ADVANCED_FACE('',(#832),#394,.T.);
#10292=ADVANCED_FACE('',(#833),#9989,.T.);
#10293=ADVANCED_FACE('',(#834),#395,.T.);
#10294=ADVANCED_FACE('',(#835),#396,.T.);
#10295=ADVANCED_FACE('',(#836),#9990,.T.);
#10296=ADVANCED_FACE('',(#837),#397,.T.);
#10297=ADVANCED_FACE('',(#838),#398,.T.);
#10298=ADVANCED_FACE('',(#839),#9991,.F.);
#10299=ADVANCED_FACE('',(#840),#9992,.F.);
#10300=ADVANCED_FACE('',(#841),#9993,.F.);
#10301=ADVANCED_FACE('',(#842),#9994,.F.);
#10302=ADVANCED_FACE('',(#843),#9995,.F.);
#10303=ADVANCED_FACE('',(#844),#9996,.F.);
#10304=ADVANCED_FACE('',(#845),#9997,.F.);
#10305=ADVANCED_FACE('',(#846),#9998,.F.);
#10306=ADVANCED_FACE('',(#847),#9999,.F.);
#10307=ADVANCED_FACE('',(#848,#204,#205,#206,#207,#208,#209,#210,#211,#212),
#399,.T.);
#10308=ADVANCED_FACE('',(#849,#213,#214,#215,#216,#217,#218,#219,#220,#221),
#400,.F.);
#10309=ADVANCED_FACE('',(#850),#401,.F.);
#10310=ADVANCED_FACE('',(#851),#402,.F.);
#10311=ADVANCED_FACE('',(#852),#403,.F.);
#10312=ADVANCED_FACE('',(#853),#404,.F.);
#10313=ADVANCED_FACE('',(#854),#10000,.F.);
#10314=ADVANCED_FACE('',(#855),#10001,.F.);
#10315=ADVANCED_FACE('',(#856),#10002,.F.);
#10316=ADVANCED_FACE('',(#857),#10003,.F.);
#10317=ADVANCED_FACE('',(#858,#222),#10004,.F.);
#10318=ADVANCED_FACE('',(#859,#223),#405,.F.);
#10319=ADVANCED_FACE('',(#860,#224),#10005,.F.);
#10320=ADVANCED_FACE('',(#861,#225,#226),#10006,.T.);
#10321=ADVANCED_FACE('',(#862,#227),#406,.T.);
#10322=ADVANCED_FACE('',(#863,#228),#407,.T.);
#10323=ADVANCED_FACE('',(#864),#10007,.F.);
#10324=ADVANCED_FACE('',(#865),#10008,.F.);
#10325=ADVANCED_FACE('',(#866),#10009,.F.);
#10326=ADVANCED_FACE('',(#867),#10010,.F.);
#10327=ADVANCED_FACE('',(#868),#10011,.F.);
#10328=ADVANCED_FACE('',(#869),#10012,.F.);
#10329=ADVANCED_FACE('',(#870),#10013,.F.);
#10330=ADVANCED_FACE('',(#871),#10014,.F.);
#10331=ADVANCED_FACE('',(#872,#229,#230,#231,#232,#233,#234,#235,#236),
#408,.T.);
#10332=ADVANCED_FACE('',(#873,#237,#238,#239,#240,#241,#242,#243,#244),
#409,.F.);
#10333=ADVANCED_FACE('',(#874),#410,.F.);
#10334=ADVANCED_FACE('',(#875),#411,.F.);
#10335=ADVANCED_FACE('',(#876),#412,.F.);
#10336=ADVANCED_FACE('',(#877),#413,.F.);
#10337=ADVANCED_FACE('',(#878),#10015,.F.);
#10338=ADVANCED_FACE('',(#879),#10016,.F.);
#10339=ADVANCED_FACE('',(#880),#10017,.F.);
#10340=ADVANCED_FACE('',(#881),#10018,.F.);
#10341=ADVANCED_FACE('',(#882),#10019,.F.);
#10342=ADVANCED_FACE('',(#883),#414,.F.);
#10343=ADVANCED_FACE('',(#884),#415,.F.);
#10344=ADVANCED_FACE('',(#885),#416,.F.);
#10345=ADVANCED_FACE('',(#886,#245,#246,#247,#248,#249),#417,.T.);
#10346=ADVANCED_FACE('',(#887),#10020,.T.);
#10347=ADVANCED_FACE('',(#888),#418,.F.);
#10348=ADVANCED_FACE('',(#889),#419,.F.);
#10349=ADVANCED_FACE('',(#890),#420,.F.);
#10350=ADVANCED_FACE('',(#891),#10021,.T.);
#10351=ADVANCED_FACE('',(#892),#421,.F.);
#10352=ADVANCED_FACE('',(#893),#422,.F.);
#10353=ADVANCED_FACE('',(#894),#423,.F.);
#10354=ADVANCED_FACE('',(#895),#10022,.T.);
#10355=ADVANCED_FACE('',(#896),#424,.F.);
#10356=ADVANCED_FACE('',(#897),#425,.F.);
#10357=ADVANCED_FACE('',(#898),#426,.F.);
#10358=ADVANCED_FACE('',(#899),#10023,.T.);
#10359=ADVANCED_FACE('',(#900),#427,.F.);
#10360=ADVANCED_FACE('',(#901),#428,.F.);
#10361=ADVANCED_FACE('',(#902),#429,.F.);
#10362=ADVANCED_FACE('',(#903),#10024,.T.);
#10363=ADVANCED_FACE('',(#904),#430,.F.);
#10364=ADVANCED_FACE('',(#905),#431,.F.);
#10365=ADVANCED_FACE('',(#906),#432,.F.);
#10366=ADVANCED_FACE('',(#907),#10025,.T.);
#10367=ADVANCED_FACE('',(#908),#433,.F.);
#10368=ADVANCED_FACE('',(#909),#434,.F.);
#10369=ADVANCED_FACE('',(#910),#435,.F.);
#10370=ADVANCED_FACE('',(#911),#10026,.T.);
#10371=ADVANCED_FACE('',(#912),#436,.F.);
#10372=ADVANCED_FACE('',(#913),#437,.F.);
#10373=ADVANCED_FACE('',(#914),#438,.F.);
#10374=ADVANCED_FACE('',(#915),#10027,.T.);
#10375=ADVANCED_FACE('',(#916),#439,.F.);
#10376=ADVANCED_FACE('',(#917),#440,.F.);
#10377=ADVANCED_FACE('',(#918),#441,.F.);
#10378=ADVANCED_FACE('',(#919),#10028,.T.);
#10379=ADVANCED_FACE('',(#920),#442,.F.);
#10380=ADVANCED_FACE('',(#921),#443,.F.);
#10381=ADVANCED_FACE('',(#922),#444,.F.);
#10382=ADVANCED_FACE('',(#923),#10029,.T.);
#10383=ADVANCED_FACE('',(#924),#445,.F.);
#10384=ADVANCED_FACE('',(#925),#446,.F.);
#10385=ADVANCED_FACE('',(#926),#447,.F.);
#10386=ADVANCED_FACE('',(#927),#10030,.T.);
#10387=ADVANCED_FACE('',(#928),#448,.F.);
#10388=ADVANCED_FACE('',(#929),#449,.F.);
#10389=ADVANCED_FACE('',(#930),#450,.F.);
#10390=ADVANCED_FACE('',(#931),#10031,.T.);
#10391=ADVANCED_FACE('',(#932),#451,.F.);
#10392=ADVANCED_FACE('',(#933),#452,.F.);
#10393=ADVANCED_FACE('',(#934),#453,.F.);
#10394=ADVANCED_FACE('',(#935),#10032,.T.);
#10395=ADVANCED_FACE('',(#936),#454,.F.);
#10396=ADVANCED_FACE('',(#937),#455,.F.);
#10397=ADVANCED_FACE('',(#938),#456,.F.);
#10398=ADVANCED_FACE('',(#939),#10033,.T.);
#10399=ADVANCED_FACE('',(#940),#457,.F.);
#10400=ADVANCED_FACE('',(#941),#458,.F.);
#10401=ADVANCED_FACE('',(#942),#459,.F.);
#10402=ADVANCED_FACE('',(#943),#10034,.T.);
#10403=ADVANCED_FACE('',(#944),#460,.F.);
#10404=ADVANCED_FACE('',(#945),#461,.F.);
#10405=ADVANCED_FACE('',(#946),#462,.F.);
#10406=ADVANCED_FACE('',(#947),#10035,.T.);
#10407=ADVANCED_FACE('',(#948),#463,.F.);
#10408=ADVANCED_FACE('',(#949),#464,.F.);
#10409=ADVANCED_FACE('',(#950),#465,.F.);
#10410=ADVANCED_FACE('',(#951),#10036,.T.);
#10411=ADVANCED_FACE('',(#952),#466,.F.);
#10412=ADVANCED_FACE('',(#953),#467,.F.);
#10413=ADVANCED_FACE('',(#954),#468,.F.);
#10414=ADVANCED_FACE('',(#955),#10037,.T.);
#10415=ADVANCED_FACE('',(#956),#469,.F.);
#10416=ADVANCED_FACE('',(#957),#470,.F.);
#10417=ADVANCED_FACE('',(#958),#471,.F.);
#10418=ADVANCED_FACE('',(#959),#10038,.T.);
#10419=ADVANCED_FACE('',(#960),#472,.F.);
#10420=ADVANCED_FACE('',(#961),#473,.F.);
#10421=ADVANCED_FACE('',(#962),#474,.F.);
#10422=ADVANCED_FACE('',(#963),#10039,.T.);
#10423=ADVANCED_FACE('',(#964),#475,.F.);
#10424=ADVANCED_FACE('',(#965),#476,.F.);
#10425=ADVANCED_FACE('',(#966),#477,.F.);
#10426=ADVANCED_FACE('',(#967),#10040,.T.);
#10427=ADVANCED_FACE('',(#968),#478,.F.);
#10428=ADVANCED_FACE('',(#969),#479,.F.);
#10429=ADVANCED_FACE('',(#970),#480,.F.);
#10430=ADVANCED_FACE('',(#971),#10041,.T.);
#10431=ADVANCED_FACE('',(#972),#481,.F.);
#10432=ADVANCED_FACE('',(#973),#482,.F.);
#10433=ADVANCED_FACE('',(#974),#483,.F.);
#10434=ADVANCED_FACE('',(#975),#10042,.T.);
#10435=ADVANCED_FACE('',(#976),#484,.F.);
#10436=ADVANCED_FACE('',(#977),#485,.F.);
#10437=ADVANCED_FACE('',(#978),#486,.F.);
#10438=ADVANCED_FACE('',(#979),#10043,.T.);
#10439=ADVANCED_FACE('',(#980),#487,.F.);
#10440=ADVANCED_FACE('',(#981),#488,.F.);
#10441=ADVANCED_FACE('',(#982),#489,.F.);
#10442=ADVANCED_FACE('',(#983),#10044,.T.);
#10443=ADVANCED_FACE('',(#984),#490,.F.);
#10444=ADVANCED_FACE('',(#985),#491,.F.);
#10445=ADVANCED_FACE('',(#986),#492,.F.);
#10446=ADVANCED_FACE('',(#987),#10045,.T.);
#10447=ADVANCED_FACE('',(#988),#493,.F.);
#10448=ADVANCED_FACE('',(#989),#494,.F.);
#10449=ADVANCED_FACE('',(#990),#495,.F.);
#10450=ADVANCED_FACE('',(#991),#10046,.T.);
#10451=ADVANCED_FACE('',(#992),#496,.F.);
#10452=ADVANCED_FACE('',(#993),#497,.F.);
#10453=ADVANCED_FACE('',(#994),#498,.F.);
#10454=ADVANCED_FACE('',(#995),#10047,.T.);
#10455=ADVANCED_FACE('',(#996),#499,.F.);
#10456=ADVANCED_FACE('',(#997),#500,.F.);
#10457=ADVANCED_FACE('',(#998),#501,.F.);
#10458=ADVANCED_FACE('',(#999),#10048,.T.);
#10459=ADVANCED_FACE('',(#1000),#502,.F.);
#10460=ADVANCED_FACE('',(#1001),#503,.F.);
#10461=ADVANCED_FACE('',(#1002),#504,.F.);
#10462=ADVANCED_FACE('',(#1003),#10049,.T.);
#10463=ADVANCED_FACE('',(#1004),#505,.F.);
#10464=ADVANCED_FACE('',(#1005),#506,.F.);
#10465=ADVANCED_FACE('',(#1006),#507,.F.);
#10466=ADVANCED_FACE('',(#1007),#10050,.T.);
#10467=ADVANCED_FACE('',(#1008),#508,.F.);
#10468=ADVANCED_FACE('',(#1009),#509,.F.);
#10469=ADVANCED_FACE('',(#1010),#510,.F.);
#10470=ADVANCED_FACE('',(#1011),#10051,.T.);
#10471=ADVANCED_FACE('',(#1012),#511,.F.);
#10472=ADVANCED_FACE('',(#1013),#512,.F.);
#10473=ADVANCED_FACE('',(#1014),#513,.F.);
#10474=ADVANCED_FACE('',(#1015),#10052,.T.);
#10475=ADVANCED_FACE('',(#1016),#514,.F.);
#10476=ADVANCED_FACE('',(#1017),#515,.F.);
#10477=ADVANCED_FACE('',(#1018),#516,.F.);
#10478=ADVANCED_FACE('',(#1019),#10053,.T.);
#10479=ADVANCED_FACE('',(#1020),#517,.F.);
#10480=ADVANCED_FACE('',(#1021),#518,.F.);
#10481=ADVANCED_FACE('',(#1022),#519,.F.);
#10482=ADVANCED_FACE('',(#1023),#10054,.T.);
#10483=ADVANCED_FACE('',(#1024),#520,.F.);
#10484=ADVANCED_FACE('',(#1025),#521,.F.);
#10485=ADVANCED_FACE('',(#1026),#522,.F.);
#10486=ADVANCED_FACE('',(#1027),#10055,.T.);
#10487=ADVANCED_FACE('',(#1028),#523,.F.);
#10488=ADVANCED_FACE('',(#1029),#524,.F.);
#10489=ADVANCED_FACE('',(#1030),#525,.F.);
#10490=ADVANCED_FACE('',(#1031),#10056,.T.);
#10491=ADVANCED_FACE('',(#1032),#526,.F.);
#10492=ADVANCED_FACE('',(#1033),#527,.F.);
#10493=ADVANCED_FACE('',(#1034),#528,.F.);
#10494=ADVANCED_FACE('',(#1035),#10057,.T.);
#10495=ADVANCED_FACE('',(#1036),#529,.F.);
#10496=ADVANCED_FACE('',(#1037),#530,.F.);
#10497=ADVANCED_FACE('',(#1038),#531,.F.);
#10498=ADVANCED_FACE('',(#1039),#10058,.T.);
#10499=ADVANCED_FACE('',(#1040),#532,.F.);
#10500=ADVANCED_FACE('',(#1041),#533,.F.);
#10501=ADVANCED_FACE('',(#1042),#534,.F.);
#10502=ADVANCED_FACE('',(#1043),#10059,.T.);
#10503=ADVANCED_FACE('',(#1044),#535,.F.);
#10504=ADVANCED_FACE('',(#1045),#536,.F.);
#10505=ADVANCED_FACE('',(#1046),#537,.F.);
#10506=ADVANCED_FACE('',(#1047),#10060,.T.);
#10507=ADVANCED_FACE('',(#1048),#538,.F.);
#10508=ADVANCED_FACE('',(#1049),#539,.F.);
#10509=ADVANCED_FACE('',(#1050),#540,.F.);
#10510=ADVANCED_FACE('',(#1051),#10061,.T.);
#10511=ADVANCED_FACE('',(#1052),#541,.F.);
#10512=ADVANCED_FACE('',(#1053),#542,.F.);
#10513=ADVANCED_FACE('',(#1054),#543,.F.);
#10514=ADVANCED_FACE('',(#1055),#10062,.T.);
#10515=ADVANCED_FACE('',(#1056),#544,.F.);
#10516=ADVANCED_FACE('',(#1057),#545,.F.);
#10517=ADVANCED_FACE('',(#1058),#546,.F.);
#10518=ADVANCED_FACE('',(#1059),#10063,.T.);
#10519=ADVANCED_FACE('',(#1060),#547,.F.);
#10520=ADVANCED_FACE('',(#1061),#548,.F.);
#10521=ADVANCED_FACE('',(#1062),#549,.F.);
#10522=ADVANCED_FACE('',(#1063),#10064,.T.);
#10523=ADVANCED_FACE('',(#1064),#550,.F.);
#10524=ADVANCED_FACE('',(#1065),#551,.F.);
#10525=ADVANCED_FACE('',(#1066),#552,.F.);
#10526=ADVANCED_FACE('',(#1067),#10065,.T.);
#10527=ADVANCED_FACE('',(#1068),#553,.F.);
#10528=ADVANCED_FACE('',(#1069),#554,.F.);
#10529=ADVANCED_FACE('',(#1070),#555,.F.);
#10530=ADVANCED_FACE('',(#1071),#10066,.T.);
#10531=ADVANCED_FACE('',(#1072),#556,.F.);
#10532=ADVANCED_FACE('',(#1073),#557,.F.);
#10533=ADVANCED_FACE('',(#1074),#558,.F.);
#10534=ADVANCED_FACE('',(#1075),#10067,.T.);
#10535=ADVANCED_FACE('',(#1076),#559,.F.);
#10536=ADVANCED_FACE('',(#1077),#560,.F.);
#10537=ADVANCED_FACE('',(#1078),#561,.F.);
#10538=ADVANCED_FACE('',(#1079),#10068,.T.);
#10539=ADVANCED_FACE('',(#1080),#562,.F.);
#10540=ADVANCED_FACE('',(#1081),#563,.F.);
#10541=ADVANCED_FACE('',(#1082),#564,.F.);
#10542=ADVANCED_FACE('',(#1083),#10069,.T.);
#10543=ADVANCED_FACE('',(#1084),#565,.F.);
#10544=ADVANCED_FACE('',(#1085),#566,.F.);
#10545=ADVANCED_FACE('',(#1086),#567,.F.);
#10546=ADVANCED_FACE('',(#1087),#10070,.T.);
#10547=ADVANCED_FACE('',(#1088),#568,.F.);
#10548=ADVANCED_FACE('',(#1089),#569,.F.);
#10549=ADVANCED_FACE('',(#1090),#570,.F.);
#10550=ADVANCED_FACE('',(#1091),#10071,.T.);
#10551=ADVANCED_FACE('',(#1092),#571,.F.);
#10552=ADVANCED_FACE('',(#1093),#572,.F.);
#10553=ADVANCED_FACE('',(#1094),#573,.F.);
#10554=ADVANCED_FACE('',(#1095),#10072,.T.);
#10555=ADVANCED_FACE('',(#1096),#574,.F.);
#10556=ADVANCED_FACE('',(#1097),#575,.F.);
#10557=ADVANCED_FACE('',(#1098),#576,.F.);
#10558=ADVANCED_FACE('',(#1099),#10073,.T.);
#10559=ADVANCED_FACE('',(#1100),#577,.F.);
#10560=ADVANCED_FACE('',(#1101),#578,.F.);
#10561=ADVANCED_FACE('',(#1102),#579,.F.);
#10562=ADVANCED_FACE('',(#1103),#10074,.T.);
#10563=ADVANCED_FACE('',(#1104),#580,.F.);
#10564=ADVANCED_FACE('',(#1105),#581,.F.);
#10565=ADVANCED_FACE('',(#1106),#582,.F.);
#10566=ADVANCED_FACE('',(#1107),#10075,.T.);
#10567=ADVANCED_FACE('',(#1108),#583,.F.);
#10568=ADVANCED_FACE('',(#1109),#584,.F.);
#10569=ADVANCED_FACE('',(#1110),#585,.F.);
#10570=ADVANCED_FACE('',(#1111),#10076,.T.);
#10571=ADVANCED_FACE('',(#1112),#586,.F.);
#10572=ADVANCED_FACE('',(#1113),#587,.F.);
#10573=ADVANCED_FACE('',(#1114),#588,.F.);
#10574=ADVANCED_FACE('',(#1115),#10077,.T.);
#10575=ADVANCED_FACE('',(#1116),#589,.F.);
#10576=ADVANCED_FACE('',(#1117),#590,.F.);
#10577=ADVANCED_FACE('',(#1118),#591,.F.);
#10578=ADVANCED_FACE('',(#1119),#10078,.T.);
#10579=ADVANCED_FACE('',(#1120),#592,.F.);
#10580=ADVANCED_FACE('',(#1121),#593,.F.);
#10581=ADVANCED_FACE('',(#1122),#594,.F.);
#10582=ADVANCED_FACE('',(#1123),#10079,.T.);
#10583=ADVANCED_FACE('',(#1124,#250,#251,#252,#253,#254),#595,.T.);
#10584=ADVANCED_FACE('',(#1125),#10080,.F.);
#10585=ADVANCED_FACE('',(#1126),#596,.F.);
#10586=ADVANCED_FACE('',(#1127),#597,.F.);
#10587=ADVANCED_FACE('',(#1128),#598,.F.);
#10588=ADVANCED_FACE('',(#1129,#255),#599,.T.);
#10589=ADVANCED_FACE('',(#1130),#10081,.T.);
#10590=ADVANCED_FACE('',(#1131),#600,.F.);
#10591=ADVANCED_FACE('',(#1132),#601,.F.);
#10592=ADVANCED_FACE('',(#1133),#602,.F.);
#10593=ADVANCED_FACE('',(#1134),#10082,.T.);
#10594=ADVANCED_FACE('',(#1135),#603,.F.);
#10595=ADVANCED_FACE('',(#1136),#604,.F.);
#10596=ADVANCED_FACE('',(#1137),#605,.F.);
#10597=ADVANCED_FACE('',(#1138),#10083,.T.);
#10598=ADVANCED_FACE('',(#1139),#606,.F.);
#10599=ADVANCED_FACE('',(#1140),#607,.F.);
#10600=ADVANCED_FACE('',(#1141),#608,.F.);
#10601=ADVANCED_FACE('',(#1142),#10084,.T.);
#10602=ADVANCED_FACE('',(#1143),#609,.F.);
#10603=ADVANCED_FACE('',(#1144),#610,.F.);
#10604=ADVANCED_FACE('',(#1145),#611,.F.);
#10605=ADVANCED_FACE('',(#1146),#10085,.T.);
#10606=ADVANCED_FACE('',(#1147),#612,.F.);
#10607=ADVANCED_FACE('',(#1148),#613,.F.);
#10608=ADVANCED_FACE('',(#1149),#614,.F.);
#10609=ADVANCED_FACE('',(#1150),#10086,.T.);
#10610=ADVANCED_FACE('',(#1151),#615,.F.);
#10611=ADVANCED_FACE('',(#1152),#616,.F.);
#10612=ADVANCED_FACE('',(#1153),#617,.F.);
#10613=ADVANCED_FACE('',(#1154),#10087,.T.);
#10614=ADVANCED_FACE('',(#1155),#618,.F.);
#10615=ADVANCED_FACE('',(#1156),#619,.F.);
#10616=ADVANCED_FACE('',(#1157),#620,.F.);
#10617=ADVANCED_FACE('',(#1158),#10088,.T.);
#10618=ADVANCED_FACE('',(#1159),#621,.F.);
#10619=ADVANCED_FACE('',(#1160),#622,.F.);
#10620=ADVANCED_FACE('',(#1161),#623,.F.);
#10621=ADVANCED_FACE('',(#1162),#10089,.T.);
#10622=ADVANCED_FACE('',(#1163),#624,.F.);
#10623=ADVANCED_FACE('',(#1164),#625,.F.);
#10624=ADVANCED_FACE('',(#1165),#626,.F.);
#10625=ADVANCED_FACE('',(#1166),#10090,.T.);
#10626=ADVANCED_FACE('',(#1167),#627,.F.);
#10627=ADVANCED_FACE('',(#1168),#628,.F.);
#10628=ADVANCED_FACE('',(#1169),#629,.F.);
#10629=ADVANCED_FACE('',(#1170),#10091,.T.);
#10630=ADVANCED_FACE('',(#1171),#630,.F.);
#10631=ADVANCED_FACE('',(#1172),#631,.F.);
#10632=ADVANCED_FACE('',(#1173),#632,.F.);
#10633=ADVANCED_FACE('',(#1174),#10092,.T.);
#10634=ADVANCED_FACE('',(#1175,#256),#633,.T.);
#10635=CLOSED_SHELL('',(#10093,#10094,#10095,#10096,#10097,#10098,#10099,
#10100,#10101,#10102,#10103,#10104,#10105,#10106,#10107,#10108,#10109,#10110,
#10111,#10112,#10113,#10114,#10115,#10116,#10117,#10118,#10119,#10120,#10121,
#10122,#10123,#10124,#10125,#10126,#10127,#10128,#10129,#10130,#10131,#10132,
#10133,#10134,#10135,#10136,#10137,#10138,#10139,#10140,#10141,#10142,#10143,
#10144,#10145,#10146,#10147,#10148,#10149,#10150,#10151,#10152,#10153,#10154,
#10155,#10156,#10157,#10158,#10159,#10160,#10161,#10162,#10163,#10164,#10165,
#10166,#10167,#10168,#10169,#10170,#10171,#10172,#10173,#10174,#10175,#10176,
#10177,#10178,#10179,#10180,#10181,#10182,#10183,#10184,#10185,#10186,#10187,
#10188,#10189));
#10636=CLOSED_SHELL('',(#10190,#10191,#10192,#10193,#10194,#10195,#10196,
#10197,#10198,#10199,#10200,#10201,#10202,#10203,#10204,#10205,#10206,#10207,
#10208,#10209,#10210,#10211,#10212,#10213,#10214,#10215,#10216,#10217,#10218,
#10219,#10220,#10221,#10222,#10223,#10224,#10225,#10226,#10227));
#10637=CLOSED_SHELL('',(#10228,#10229,#10230,#10231,#10232,#10233,#10234,
#10235,#10236));
#10638=CLOSED_SHELL('',(#10237,#10238,#10239,#10240,#10241,#10242,#10243,
#10244,#10245));
#10639=CLOSED_SHELL('',(#10246,#10247,#10248,#10249,#10250,#10251,#10252,
#10253));
#10640=CLOSED_SHELL('',(#10254,#10255,#10256,#10257,#10258,#10259,#10260,
#10261,#10262,#10263,#10264,#10265,#10266,#10267,#10268,#10269,#10270,#10271));
#10641=CLOSED_SHELL('',(#10272,#10273,#10274));
#10642=CLOSED_SHELL('',(#10275,#10276,#10277));
#10643=CLOSED_SHELL('',(#10278,#10279,#10280,#10281));
#10644=CLOSED_SHELL('',(#10282,#10283,#10284,#10285));
#10645=CLOSED_SHELL('',(#10286,#10287,#10288));
#10646=CLOSED_SHELL('',(#10289,#10290,#10291));
#10647=CLOSED_SHELL('',(#10292,#10293,#10294));
#10648=CLOSED_SHELL('',(#10295,#10296,#10297));
#10649=CLOSED_SHELL('',(#10298,#10299,#10300,#10301,#10302,#10303,#10304,
#10305,#10306,#10307,#10308,#10309,#10310,#10311,#10312));
#10650=CLOSED_SHELL('',(#10313,#10314,#10315,#10316,#10317,#10318,#10319,
#10320,#10321,#10322));
#10651=CLOSED_SHELL('',(#10323,#10324,#10325,#10326,#10327,#10328,#10329,
#10330,#10331,#10332,#10333,#10334,#10335,#10336));
#10652=CLOSED_SHELL('',(#10337,#10338,#10339,#10340,#10341,#10342,#10343,
#10344,#10345,#10346,#10347,#10348,#10349,#10350,#10351,#10352,#10353,#10354,
#10355,#10356,#10357,#10358,#10359,#10360,#10361,#10362,#10363,#10364,#10365,
#10366,#10367,#10368,#10369,#10370,#10371,#10372,#10373,#10374,#10375,#10376,
#10377,#10378,#10379,#10380,#10381,#10382,#10383,#10384,#10385,#10386,#10387,
#10388,#10389,#10390,#10391,#10392,#10393,#10394,#10395,#10396,#10397,#10398,
#10399,#10400,#10401,#10402,#10403,#10404,#10405,#10406,#10407,#10408,#10409,
#10410,#10411,#10412,#10413,#10414,#10415,#10416,#10417,#10418,#10419,#10420,
#10421,#10422,#10423,#10424,#10425,#10426,#10427,#10428,#10429,#10430,#10431,
#10432,#10433,#10434,#10435,#10436,#10437,#10438,#10439,#10440,#10441,#10442,
#10443,#10444,#10445,#10446,#10447,#10448,#10449,#10450,#10451,#10452,#10453,
#10454,#10455,#10456,#10457,#10458,#10459,#10460,#10461,#10462,#10463,#10464,
#10465,#10466,#10467,#10468,#10469,#10470,#10471,#10472,#10473,#10474,#10475,
#10476,#10477,#10478,#10479,#10480,#10481,#10482,#10483,#10484,#10485,#10486,
#10487,#10488,#10489,#10490,#10491,#10492,#10493,#10494,#10495,#10496,#10497,
#10498,#10499,#10500,#10501,#10502,#10503,#10504,#10505,#10506,#10507,#10508,
#10509,#10510,#10511,#10512,#10513,#10514,#10515,#10516,#10517,#10518,#10519,
#10520,#10521,#10522,#10523,#10524,#10525,#10526,#10527,#10528,#10529,#10530,
#10531,#10532,#10533,#10534,#10535,#10536,#10537,#10538,#10539,#10540,#10541,
#10542,#10543,#10544,#10545,#10546,#10547,#10548,#10549,#10550,#10551,#10552,
#10553,#10554,#10555,#10556,#10557,#10558,#10559,#10560,#10561,#10562,#10563,
#10564,#10565,#10566,#10567,#10568,#10569,#10570,#10571,#10572,#10573,#10574,
#10575,#10576,#10577,#10578,#10579,#10580,#10581,#10582,#10583));
#10653=CLOSED_SHELL('',(#10584,#10585,#10586,#10587,#10588,#10589,#10590,
#10591,#10592,#10593,#10594,#10595,#10596,#10597,#10598,#10599,#10600,#10601,
#10602,#10603,#10604,#10605,#10606,#10607,#10608,#10609,#10610,#10611,#10612,
#10613,#10614,#10615,#10616,#10617,#10618,#10619,#10620,#10621,#10622,#10623,
#10624,#10625,#10626,#10627,#10628,#10629,#10630,#10631,#10632,#10633,#10634));
#10654=DERIVED_UNIT_ELEMENT(#10668,1.);
#10655=DERIVED_UNIT_ELEMENT(#17973,-3.);
#10656=DERIVED_UNIT_ELEMENT(#10668,1.);
#10657=DERIVED_UNIT_ELEMENT(#17973,-3.);
#10658=DERIVED_UNIT_ELEMENT(#10668,1.);
#10659=DERIVED_UNIT_ELEMENT(#17973,-3.);
#10660=DERIVED_UNIT_ELEMENT(#10668,1.);
#10661=DERIVED_UNIT_ELEMENT(#17973,-3.);
#10662=DERIVED_UNIT_ELEMENT(#10668,1.);
#10663=DERIVED_UNIT_ELEMENT(#17973,-3.);
#10664=DERIVED_UNIT_ELEMENT(#10668,1.);
#10665=DERIVED_UNIT_ELEMENT(#17973,-3.);
#10666=DERIVED_UNIT_ELEMENT(#10668,1.);
#10667=DERIVED_UNIT_ELEMENT(#17973,-3.);
#10668=(
MASS_UNIT()
NAMED_UNIT(*)
SI_UNIT(.KILO.,.GRAM.)
);
#10669=DERIVED_UNIT((#10654,#10655));
#10670=DERIVED_UNIT((#10656,#10657));
#10671=DERIVED_UNIT((#10658,#10659));
#10672=DERIVED_UNIT((#10660,#10661));
#10673=DERIVED_UNIT((#10662,#10663));
#10674=DERIVED_UNIT((#10664,#10665));
#10675=DERIVED_UNIT((#10666,#10667));
#10676=MEASURE_REPRESENTATION_ITEM('density measure',
POSITIVE_RATIO_MEASURE(7850.),#10669);
#10677=MEASURE_REPRESENTATION_ITEM('density measure',
POSITIVE_RATIO_MEASURE(7850.),#10670);
#10678=MEASURE_REPRESENTATION_ITEM('density measure',
POSITIVE_RATIO_MEASURE(7850.),#10671);
#10679=MEASURE_REPRESENTATION_ITEM('density measure',
POSITIVE_RATIO_MEASURE(7850.),#10672);
#10680=MEASURE_REPRESENTATION_ITEM('density measure',
POSITIVE_RATIO_MEASURE(7850.),#10673);
#10681=MEASURE_REPRESENTATION_ITEM('density measure',
POSITIVE_RATIO_MEASURE(7850.),#10674);
#10682=MEASURE_REPRESENTATION_ITEM('density measure',
POSITIVE_RATIO_MEASURE(7850.),#10675);
#10683=PROPERTY_DEFINITION_REPRESENTATION(#10718,#10697);
#10684=PROPERTY_DEFINITION_REPRESENTATION(#10719,#10698);
#10685=PROPERTY_DEFINITION_REPRESENTATION(#10720,#10699);
#10686=PROPERTY_DEFINITION_REPRESENTATION(#10721,#10700);
#10687=PROPERTY_DEFINITION_REPRESENTATION(#10722,#10701);
#10688=PROPERTY_DEFINITION_REPRESENTATION(#10723,#10702);
#10689=PROPERTY_DEFINITION_REPRESENTATION(#10724,#10703);
#10690=PROPERTY_DEFINITION_REPRESENTATION(#10725,#10704);
#10691=PROPERTY_DEFINITION_REPRESENTATION(#10726,#10705);
#10692=PROPERTY_DEFINITION_REPRESENTATION(#10727,#10706);
#10693=PROPERTY_DEFINITION_REPRESENTATION(#10728,#10707);
#10694=PROPERTY_DEFINITION_REPRESENTATION(#10729,#10708);
#10695=PROPERTY_DEFINITION_REPRESENTATION(#10730,#10709);
#10696=PROPERTY_DEFINITION_REPRESENTATION(#10731,#10710);
#10697=REPRESENTATION('material name',(#10711),#17964);
#10698=REPRESENTATION('density',(#10676),#17964);
#10699=REPRESENTATION('material name',(#10712),#17965);
#10700=REPRESENTATION('density',(#10677),#17965);
#10701=REPRESENTATION('material name',(#10713),#17966);
#10702=REPRESENTATION('density',(#10678),#17966);
#10703=REPRESENTATION('material name',(#10714),#17967);
#10704=REPRESENTATION('density',(#10679),#17967);
#10705=REPRESENTATION('material name',(#10715),#17968);
#10706=REPRESENTATION('density',(#10680),#17968);
#10707=REPRESENTATION('material name',(#10716),#17969);
#10708=REPRESENTATION('density',(#10681),#17969);
#10709=REPRESENTATION('material name',(#10717),#17970);
#10710=REPRESENTATION('density',(#10682),#17970);
#10711=DESCRIPTIVE_REPRESENTATION_ITEM('Steel','Steel');
#10712=DESCRIPTIVE_REPRESENTATION_ITEM('Steel','Steel');
#10713=DESCRIPTIVE_REPRESENTATION_ITEM('Steel','Steel');
#10714=DESCRIPTIVE_REPRESENTATION_ITEM('Steel','Steel');
#10715=DESCRIPTIVE_REPRESENTATION_ITEM('Steel','Steel');
#10716=DESCRIPTIVE_REPRESENTATION_ITEM('Steel','Steel');
#10717=DESCRIPTIVE_REPRESENTATION_ITEM('Steel','Steel');
#10718=PROPERTY_DEFINITION('material property','material name',#18015);
#10719=PROPERTY_DEFINITION('material property','density of part',#18015);
#10720=PROPERTY_DEFINITION('material property','material name',#18016);
#10721=PROPERTY_DEFINITION('material property','density of part',#18016);
#10722=PROPERTY_DEFINITION('material property','material name',#18017);
#10723=PROPERTY_DEFINITION('material property','density of part',#18017);
#10724=PROPERTY_DEFINITION('material property','material name',#18018);
#10725=PROPERTY_DEFINITION('material property','density of part',#18018);
#10726=PROPERTY_DEFINITION('material property','material name',#18019);
#10727=PROPERTY_DEFINITION('material property','density of part',#18019);
#10728=PROPERTY_DEFINITION('material property','material name',#18020);
#10729=PROPERTY_DEFINITION('material property','density of part',#18020);
#10730=PROPERTY_DEFINITION('material property','material name',#18021);
#10731=PROPERTY_DEFINITION('material property','density of part',#18021);
#10732=AXIS2_PLACEMENT_3D('',#14606,#11649,#11650);
#10733=AXIS2_PLACEMENT_3D('',#14607,#11651,#11652);
#10734=AXIS2_PLACEMENT_3D('',#14608,#11653,#11654);
#10735=AXIS2_PLACEMENT_3D('',#14610,#11655,#11656);
#10736=AXIS2_PLACEMENT_3D('',#14613,#11658,#11659);
#10737=AXIS2_PLACEMENT_3D('',#14614,#11660,#11661);
#10738=AXIS2_PLACEMENT_3D('',#14619,#11663,#11664);
#10739=AXIS2_PLACEMENT_3D('',#14620,#11665,#11666);
#10740=AXIS2_PLACEMENT_3D('',#14621,#11667,#11668);
#10741=AXIS2_PLACEMENT_3D('',#14623,#11669,#11670);
#10742=AXIS2_PLACEMENT_3D('',#14628,#11673,#11674);
#10743=AXIS2_PLACEMENT_3D('',#14630,#11676,#11677);
#10744=AXIS2_PLACEMENT_3D('',#14640,#11683,#11684);
#10745=AXIS2_PLACEMENT_3D('',#14645,#11686,#11687);
#10746=AXIS2_PLACEMENT_3D('',#14646,#11688,#11689);
#10747=AXIS2_PLACEMENT_3D('',#14647,#11690,#11691);
#10748=AXIS2_PLACEMENT_3D('',#14649,#11692,#11693);
#10749=AXIS2_PLACEMENT_3D('',#14654,#11696,#11697);
#10750=AXIS2_PLACEMENT_3D('',#14656,#11699,#11700);
#10751=AXIS2_PLACEMENT_3D('',#14666,#11706,#11707);
#10752=AXIS2_PLACEMENT_3D('',#14668,#11708,#11709);
#10753=AXIS2_PLACEMENT_3D('',#14672,#11711,#11712);
#10754=AXIS2_PLACEMENT_3D('',#14676,#11714,#11715);
#10755=AXIS2_PLACEMENT_3D('',#14679,#11717,#11718);
#10756=AXIS2_PLACEMENT_3D('',#14680,#11719,#11720);
#10757=AXIS2_PLACEMENT_3D('',#14681,#11721,#11722);
#10758=AXIS2_PLACEMENT_3D('',#14682,#11723,#11724);
#10759=AXIS2_PLACEMENT_3D('',#14685,#11725,#11726);
#10760=AXIS2_PLACEMENT_3D('',#14693,#11730,#11731);
#10761=AXIS2_PLACEMENT_3D('',#14701,#11735,#11736);
#10762=AXIS2_PLACEMENT_3D('',#14709,#11740,#11741);
#10763=AXIS2_PLACEMENT_3D('',#14721,#11748,#11749);
#10764=AXIS2_PLACEMENT_3D('',#14723,#11750,#11751);
#10765=AXIS2_PLACEMENT_3D('',#14725,#11752,#11753);
#10766=AXIS2_PLACEMENT_3D('',#14729,#11755,#11756);
#10767=AXIS2_PLACEMENT_3D('',#14733,#11758,#11759);
#10768=AXIS2_PLACEMENT_3D('',#14741,#11763,#11764);
#10769=AXIS2_PLACEMENT_3D('',#14745,#11766,#11767);
#10770=AXIS2_PLACEMENT_3D('',#14753,#11771,#11772);
#10771=AXIS2_PLACEMENT_3D('',#14757,#11774,#11775);
#10772=AXIS2_PLACEMENT_3D('',#14765,#11779,#11780);
#10773=AXIS2_PLACEMENT_3D('',#14769,#11782,#11783);
#10774=AXIS2_PLACEMENT_3D('',#14772,#11785,#11786);
#10775=AXIS2_PLACEMENT_3D('',#14774,#11787,#11788);
#10776=AXIS2_PLACEMENT_3D('',#14779,#11791,#11792);
#10777=AXIS2_PLACEMENT_3D('',#14781,#11793,#11794);
#10778=AXIS2_PLACEMENT_3D('',#14783,#11795,#11796);
#10779=AXIS2_PLACEMENT_3D('',#14785,#11797,#11798);
#10780=AXIS2_PLACEMENT_3D('',#14786,#11799,#11800);
#10781=AXIS2_PLACEMENT_3D('',#14789,#11801,#11802);
#10782=AXIS2_PLACEMENT_3D('',#14791,#11803,#11804);
#10783=AXIS2_PLACEMENT_3D('',#14792,#11805,#11806);
#10784=AXIS2_PLACEMENT_3D('',#14793,#11807,#11808);
#10785=AXIS2_PLACEMENT_3D('',#14795,#11809,#11810);
#10786=AXIS2_PLACEMENT_3D('',#14799,#11814,#11815);
#10787=AXIS2_PLACEMENT_3D('',#14801,#11816,#11817);
#10788=AXIS2_PLACEMENT_3D('',#14805,#11819,#11820);
#10789=AXIS2_PLACEMENT_3D('',#14809,#11822,#11823);
#10790=AXIS2_PLACEMENT_3D('',#14810,#11824,#11825);
#10791=AXIS2_PLACEMENT_3D('',#14814,#11827,#11828);
#10792=AXIS2_PLACEMENT_3D('',#14816,#11830,#11831);
#10793=AXIS2_PLACEMENT_3D('',#14820,#11833,#11834);
#10794=AXIS2_PLACEMENT_3D('',#14822,#11836,#11837);
#10795=AXIS2_PLACEMENT_3D('',#14826,#11839,#11840);
#10796=AXIS2_PLACEMENT_3D('',#14829,#11842,#11843);
#10797=AXIS2_PLACEMENT_3D('',#14831,#11844,#11845);
#10798=AXIS2_PLACEMENT_3D('',#14834,#11847,#11848);
#10799=AXIS2_PLACEMENT_3D('',#14835,#11849,#11850);
#10800=AXIS2_PLACEMENT_3D('',#14837,#11851,#11852);
#10801=AXIS2_PLACEMENT_3D('',#14840,#11854,#11855);
#10802=AXIS2_PLACEMENT_3D('',#14841,#11856,#11857);
#10803=AXIS2_PLACEMENT_3D('',#14842,#11858,#11859);
#10804=AXIS2_PLACEMENT_3D('',#14844,#11860,#11861);
#10805=AXIS2_PLACEMENT_3D('',#14847,#11863,#11864);
#10806=AXIS2_PLACEMENT_3D('',#14848,#11865,#11866);
#10807=AXIS2_PLACEMENT_3D('',#14849,#11867,#11868);
#10808=AXIS2_PLACEMENT_3D('',#14851,#11869,#11870);
#10809=AXIS2_PLACEMENT_3D('',#14854,#11872,#11873);
#10810=AXIS2_PLACEMENT_3D('',#14855,#11874,#11875);
#10811=AXIS2_PLACEMENT_3D('',#14856,#11876,#11877);
#10812=AXIS2_PLACEMENT_3D('',#14858,#11878,#11879);
#10813=AXIS2_PLACEMENT_3D('',#14861,#11881,#11882);
#10814=AXIS2_PLACEMENT_3D('',#14862,#11883,#11884);
#10815=AXIS2_PLACEMENT_3D('',#14863,#11885,#11886);
#10816=AXIS2_PLACEMENT_3D('',#14865,#11887,#11888);
#10817=AXIS2_PLACEMENT_3D('',#14868,#11890,#11891);
#10818=AXIS2_PLACEMENT_3D('',#14869,#11892,#11893);
#10819=AXIS2_PLACEMENT_3D('',#14870,#11894,#11895);
#10820=AXIS2_PLACEMENT_3D('',#14872,#11896,#11897);
#10821=AXIS2_PLACEMENT_3D('',#14875,#11899,#11900);
#10822=AXIS2_PLACEMENT_3D('',#14876,#11901,#11902);
#10823=AXIS2_PLACEMENT_3D('',#14877,#11903,#11904);
#10824=AXIS2_PLACEMENT_3D('',#14886,#11909,#11910);
#10825=AXIS2_PLACEMENT_3D('',#14889,#11913,#11914);
#10826=AXIS2_PLACEMENT_3D('',#14895,#11918,#11919);
#10827=AXIS2_PLACEMENT_3D('',#14903,#11925,#11926);
#10828=AXIS2_PLACEMENT_3D('',#14905,#11927,#11928);
#10829=AXIS2_PLACEMENT_3D('',#14908,#11930,#11931);
#10830=AXIS2_PLACEMENT_3D('',#14909,#11932,#11933);
#10831=AXIS2_PLACEMENT_3D('',#14910,#11934,#11935);
#10832=AXIS2_PLACEMENT_3D('',#14912,#11936,#11937);
#10833=AXIS2_PLACEMENT_3D('',#14915,#11939,#11940);
#10834=AXIS2_PLACEMENT_3D('',#14916,#11941,#11942);
#10835=AXIS2_PLACEMENT_3D('',#14917,#11943,#11944);
#10836=AXIS2_PLACEMENT_3D('',#14924,#11949,#11950);
#10837=AXIS2_PLACEMENT_3D('',#14926,#11952,#11953);
#10838=AXIS2_PLACEMENT_3D('',#14927,#11954,#11955);
#10839=AXIS2_PLACEMENT_3D('',#14929,#11957,#11958);
#10840=AXIS2_PLACEMENT_3D('',#14935,#11962,#11963);
#10841=AXIS2_PLACEMENT_3D('',#14937,#11965,#11966);
#10842=AXIS2_PLACEMENT_3D('',#14939,#11968,#11969);
#10843=AXIS2_PLACEMENT_3D('',#14940,#11970,#11971);
#10844=AXIS2_PLACEMENT_3D('',#14946,#11975,#11976);
#10845=AXIS2_PLACEMENT_3D('',#14948,#11978,#11979);
#10846=AXIS2_PLACEMENT_3D('',#14950,#11981,#11982);
#10847=AXIS2_PLACEMENT_3D('',#14951,#11983,#11984);
#10848=AXIS2_PLACEMENT_3D('',#14953,#11985,#11986);
#10849=AXIS2_PLACEMENT_3D('',#14956,#11988,#11989);
#10850=AXIS2_PLACEMENT_3D('',#14957,#11990,#11991);
#10851=AXIS2_PLACEMENT_3D('',#14963,#11995,#11996);
#10852=AXIS2_PLACEMENT_3D('',#14965,#11998,#11999);
#10853=AXIS2_PLACEMENT_3D('',#14967,#12001,#12002);
#10854=AXIS2_PLACEMENT_3D('',#14968,#12003,#12004);
#10855=AXIS2_PLACEMENT_3D('',#14970,#12006,#12007);
#10856=AXIS2_PLACEMENT_3D('',#14971,#12008,#12009);
#10857=AXIS2_PLACEMENT_3D('',#14975,#12012,#12013);
#10858=AXIS2_PLACEMENT_3D('',#14979,#12016,#12017);
#10859=AXIS2_PLACEMENT_3D('',#14983,#12020,#12021);
#10860=AXIS2_PLACEMENT_3D('',#14987,#12024,#12025);
#10861=AXIS2_PLACEMENT_3D('',#14989,#12026,#12027);
#10862=AXIS2_PLACEMENT_3D('',#14992,#12029,#12030);
#10863=AXIS2_PLACEMENT_3D('',#14993,#12031,#12032);
#10864=AXIS2_PLACEMENT_3D('',#14994,#12033,#12034);
#10865=AXIS2_PLACEMENT_3D('',#14996,#12035,#12036);
#10866=AXIS2_PLACEMENT_3D('',#14997,#12037,#12038);
#10867=AXIS2_PLACEMENT_3D('',#15000,#12040,#12041);
#10868=AXIS2_PLACEMENT_3D('',#15001,#12042,#12043);
#10869=AXIS2_PLACEMENT_3D('',#15002,#12044,#12045);
#10870=AXIS2_PLACEMENT_3D('',#15004,#12046,#12047);
#10871=AXIS2_PLACEMENT_3D('',#15006,#12049,#12050);
#10872=AXIS2_PLACEMENT_3D('',#15008,#12051,#12052);
#10873=AXIS2_PLACEMENT_3D('',#15010,#12054,#12055);
#10874=AXIS2_PLACEMENT_3D('',#15012,#12056,#12057);
#10875=AXIS2_PLACEMENT_3D('',#15014,#12059,#12060);
#10876=AXIS2_PLACEMENT_3D('',#15016,#12061,#12062);
#10877=AXIS2_PLACEMENT_3D('',#15018,#12064,#12065);
#10878=AXIS2_PLACEMENT_3D('',#15024,#12069,#12070);
#10879=AXIS2_PLACEMENT_3D('',#15030,#12074,#12075);
#10880=AXIS2_PLACEMENT_3D('',#15036,#12079,#12080);
#10881=AXIS2_PLACEMENT_3D('',#15042,#12084,#12085);
#10882=AXIS2_PLACEMENT_3D('',#15048,#12089,#12090);
#10883=AXIS2_PLACEMENT_3D('',#15054,#12094,#12095);
#10884=AXIS2_PLACEMENT_3D('',#15060,#12099,#12100);
#10885=AXIS2_PLACEMENT_3D('',#15062,#12102,#12103);
#10886=AXIS2_PLACEMENT_3D('',#15068,#12107,#12108);
#10887=AXIS2_PLACEMENT_3D('',#15070,#12110,#12111);
#10888=AXIS2_PLACEMENT_3D('',#15074,#12114,#12115);
#10889=AXIS2_PLACEMENT_3D('',#15078,#12118,#12119);
#10890=AXIS2_PLACEMENT_3D('',#15082,#12122,#12123);
#10891=AXIS2_PLACEMENT_3D('',#15083,#12124,#12125);
#10892=AXIS2_PLACEMENT_3D('',#15084,#12126,#12127);
#10893=AXIS2_PLACEMENT_3D('',#15086,#12128,#12129);
#10894=AXIS2_PLACEMENT_3D('',#15088,#12131,#12132);
#10895=AXIS2_PLACEMENT_3D('',#15090,#12133,#12134);
#10896=AXIS2_PLACEMENT_3D('',#15092,#12136,#12137);
#10897=AXIS2_PLACEMENT_3D('',#15093,#12138,#12139);
#10898=AXIS2_PLACEMENT_3D('',#15094,#12140,#12141);
#10899=AXIS2_PLACEMENT_3D('',#15095,#12142,#12143);
#10900=AXIS2_PLACEMENT_3D('',#15096,#12144,#12145);
#10901=AXIS2_PLACEMENT_3D('',#15098,#12146,#12147);
#10902=AXIS2_PLACEMENT_3D('',#15100,#12149,#12150);
#10903=AXIS2_PLACEMENT_3D('',#15102,#12151,#12152);
#10904=AXIS2_PLACEMENT_3D('',#15109,#12156,#12157);
#10905=AXIS2_PLACEMENT_3D('',#15116,#12162,#12163);
#10906=AXIS2_PLACEMENT_3D('',#15118,#12165,#12166);
#10907=AXIS2_PLACEMENT_3D('',#15121,#12169,#12170);
#10908=AXIS2_PLACEMENT_3D('',#15122,#12171,#12172);
#10909=AXIS2_PLACEMENT_3D('',#15124,#12174,#12175);
#10910=AXIS2_PLACEMENT_3D('',#15127,#12178,#12179);
#10911=AXIS2_PLACEMENT_3D('',#15128,#12180,#12181);
#10912=AXIS2_PLACEMENT_3D('',#15129,#12182,#12183);
#10913=AXIS2_PLACEMENT_3D('',#15130,#12184,#12185);
#10914=AXIS2_PLACEMENT_3D('',#15131,#12186,#12187);
#10915=AXIS2_PLACEMENT_3D('',#15133,#12188,#12189);
#10916=AXIS2_PLACEMENT_3D('',#15134,#12190,#12191);
#10917=AXIS2_PLACEMENT_3D('',#15137,#12193,#12194);
#10918=AXIS2_PLACEMENT_3D('',#15138,#12195,#12196);
#10919=AXIS2_PLACEMENT_3D('',#15139,#12197,#12198);
#10920=AXIS2_PLACEMENT_3D('',#15140,#12199,#12200);
#10921=AXIS2_PLACEMENT_3D('',#15142,#12201,#12202);
#10922=AXIS2_PLACEMENT_3D('',#15143,#12203,#12204);
#10923=AXIS2_PLACEMENT_3D('',#15152,#12209,#12210);
#10924=AXIS2_PLACEMENT_3D('',#15161,#12215,#12216);
#10925=AXIS2_PLACEMENT_3D('',#15166,#12220,#12221);
#10926=AXIS2_PLACEMENT_3D('',#15170,#12224,#12225);
#10927=AXIS2_PLACEMENT_3D('',#15173,#12228,#12229);
#10928=AXIS2_PLACEMENT_3D('',#15174,#12230,#12231);
#10929=AXIS2_PLACEMENT_3D('',#15180,#12234,#12235);
#10930=AXIS2_PLACEMENT_3D('',#15188,#12239,#12240);
#10931=AXIS2_PLACEMENT_3D('',#15196,#12244,#12245);
#10932=AXIS2_PLACEMENT_3D('',#15204,#12249,#12250);
#10933=AXIS2_PLACEMENT_3D('',#15209,#12253,#12254);
#10934=AXIS2_PLACEMENT_3D('',#15211,#12255,#12256);
#10935=AXIS2_PLACEMENT_3D('',#15213,#12257,#12258);
#10936=AXIS2_PLACEMENT_3D('',#15215,#12259,#12260);
#10937=AXIS2_PLACEMENT_3D('',#15217,#12261,#12262);
#10938=AXIS2_PLACEMENT_3D('',#15219,#12263,#12264);
#10939=AXIS2_PLACEMENT_3D('',#15221,#12265,#12266);
#10940=AXIS2_PLACEMENT_3D('',#15223,#12267,#12268);
#10941=AXIS2_PLACEMENT_3D('',#15225,#12269,#12270);
#10942=AXIS2_PLACEMENT_3D('',#15227,#12271,#12272);
#10943=AXIS2_PLACEMENT_3D('',#15229,#12273,#12274);
#10944=AXIS2_PLACEMENT_3D('',#15231,#12275,#12276);
#10945=AXIS2_PLACEMENT_3D('',#15232,#12277,#12278);
#10946=AXIS2_PLACEMENT_3D('',#15235,#12280,#12281);
#10947=AXIS2_PLACEMENT_3D('',#15236,#12282,#12283);
#10948=AXIS2_PLACEMENT_3D('',#15239,#12285,#12286);
#10949=AXIS2_PLACEMENT_3D('',#15240,#12287,#12288);
#10950=AXIS2_PLACEMENT_3D('',#15243,#12290,#12291);
#10951=AXIS2_PLACEMENT_3D('',#15244,#12292,#12293);
#10952=AXIS2_PLACEMENT_3D('',#15247,#12295,#12296);
#10953=AXIS2_PLACEMENT_3D('',#15248,#12297,#12298);
#10954=AXIS2_PLACEMENT_3D('',#15251,#12300,#12301);
#10955=AXIS2_PLACEMENT_3D('',#15252,#12302,#12303);
#10956=AXIS2_PLACEMENT_3D('',#15255,#12305,#12306);
#10957=AXIS2_PLACEMENT_3D('',#15256,#12307,#12308);
#10958=AXIS2_PLACEMENT_3D('',#15262,#12312,#12313);
#10959=AXIS2_PLACEMENT_3D('',#15268,#12317,#12318);
#10960=AXIS2_PLACEMENT_3D('',#15270,#12320,#12321);
#10961=AXIS2_PLACEMENT_3D('',#15272,#12322,#12323);
#10962=AXIS2_PLACEMENT_3D('',#15280,#12327,#12328);
#10963=AXIS2_PLACEMENT_3D('',#15288,#12332,#12333);
#10964=AXIS2_PLACEMENT_3D('',#15295,#12337,#12338);
#10965=AXIS2_PLACEMENT_3D('',#15297,#12339,#12340);
#10966=AXIS2_PLACEMENT_3D('',#15299,#12341,#12342);
#10967=AXIS2_PLACEMENT_3D('',#15301,#12343,#12344);
#10968=AXIS2_PLACEMENT_3D('',#15303,#12345,#12346);
#10969=AXIS2_PLACEMENT_3D('',#15305,#12347,#12348);
#10970=AXIS2_PLACEMENT_3D('',#15307,#12349,#12350);
#10971=AXIS2_PLACEMENT_3D('',#15309,#12351,#12352);
#10972=AXIS2_PLACEMENT_3D('',#15310,#12353,#12354);
#10973=AXIS2_PLACEMENT_3D('',#15312,#12356,#12357);
#10974=AXIS2_PLACEMENT_3D('',#15314,#12359,#12360);
#10975=AXIS2_PLACEMENT_3D('',#15316,#12362,#12363);
#10976=AXIS2_PLACEMENT_3D('',#15319,#12366,#12367);
#10977=AXIS2_PLACEMENT_3D('',#15322,#12370,#12371);
#10978=AXIS2_PLACEMENT_3D('',#15323,#12372,#12373);
#10979=AXIS2_PLACEMENT_3D('',#15324,#12374,#12375);
#10980=AXIS2_PLACEMENT_3D('',#15326,#12377,#12378);
#10981=AXIS2_PLACEMENT_3D('',#15328,#12380,#12381);
#10982=AXIS2_PLACEMENT_3D('',#15331,#12384,#12385);
#10983=AXIS2_PLACEMENT_3D('',#15334,#12388,#12389);
#10984=AXIS2_PLACEMENT_3D('',#15335,#12390,#12391);
#10985=AXIS2_PLACEMENT_3D('',#15336,#12392,#12393);
#10986=AXIS2_PLACEMENT_3D('',#15338,#12395,#12396);
#10987=AXIS2_PLACEMENT_3D('',#15340,#12398,#12399);
#10988=AXIS2_PLACEMENT_3D('',#15342,#12401,#12402);
#10989=AXIS2_PLACEMENT_3D('',#15345,#12405,#12406);
#10990=AXIS2_PLACEMENT_3D('',#15346,#12407,#12408);
#10991=AXIS2_PLACEMENT_3D('',#15348,#12410,#12411);
#10992=AXIS2_PLACEMENT_3D('',#15349,#12412,#12413);
#10993=AXIS2_PLACEMENT_3D('',#15350,#12414,#12415);
#10994=AXIS2_PLACEMENT_3D('',#15352,#12416,#12417);
#10995=AXIS2_PLACEMENT_3D('',#15355,#12419,#12420);
#10996=AXIS2_PLACEMENT_3D('',#15356,#12421,#12422);
#10997=AXIS2_PLACEMENT_3D('',#15365,#12427,#12428);
#10998=AXIS2_PLACEMENT_3D('',#15371,#12432,#12433);
#10999=AXIS2_PLACEMENT_3D('',#15380,#12438,#12439);
#11000=AXIS2_PLACEMENT_3D('',#15385,#12443,#12444);
#11001=AXIS2_PLACEMENT_3D('',#15389,#12447,#12448);
#11002=AXIS2_PLACEMENT_3D('',#15391,#12450,#12451);
#11003=AXIS2_PLACEMENT_3D('',#15393,#12453,#12454);
#11004=AXIS2_PLACEMENT_3D('',#15394,#12455,#12456);
#11005=AXIS2_PLACEMENT_3D('',#15403,#12461,#12462);
#11006=AXIS2_PLACEMENT_3D('',#15414,#12468,#12469);
#11007=AXIS2_PLACEMENT_3D('',#15415,#12470,#12471);
#11008=AXIS2_PLACEMENT_3D('',#15421,#12475,#12476);
#11009=AXIS2_PLACEMENT_3D('',#15425,#12479,#12480);
#11010=AXIS2_PLACEMENT_3D('',#15431,#12484,#12485);
#11011=AXIS2_PLACEMENT_3D('',#15432,#12486,#12487);
#11012=AXIS2_PLACEMENT_3D('',#15433,#12488,#12489);
#11013=AXIS2_PLACEMENT_3D('',#15435,#12491,#12492);
#11014=AXIS2_PLACEMENT_3D('',#15436,#12493,#12494);
#11015=AXIS2_PLACEMENT_3D('',#15438,#12496,#12497);
#11016=AXIS2_PLACEMENT_3D('',#15440,#12498,#12499);
#11017=AXIS2_PLACEMENT_3D('',#15443,#12501,#12502);
#11018=AXIS2_PLACEMENT_3D('',#15444,#12503,#12504);
#11019=AXIS2_PLACEMENT_3D('',#15446,#12505,#12506);
#11020=AXIS2_PLACEMENT_3D('',#15449,#12508,#12509);
#11021=AXIS2_PLACEMENT_3D('',#15450,#12510,#12511);
#11022=AXIS2_PLACEMENT_3D('',#15459,#12516,#12517);
#11023=AXIS2_PLACEMENT_3D('',#15468,#12522,#12523);
#11024=AXIS2_PLACEMENT_3D('',#15471,#12526,#12527);
#11025=AXIS2_PLACEMENT_3D('',#15473,#12529,#12530);
#11026=AXIS2_PLACEMENT_3D('',#15475,#12532,#12533);
#11027=AXIS2_PLACEMENT_3D('',#15476,#12534,#12535);
#11028=AXIS2_PLACEMENT_3D('',#15477,#12536,#12537);
#11029=AXIS2_PLACEMENT_3D('',#15494,#12546,#12547);
#11030=AXIS2_PLACEMENT_3D('',#15500,#12551,#12552);
#11031=AXIS2_PLACEMENT_3D('',#15506,#12556,#12557);
#11032=AXIS2_PLACEMENT_3D('',#15512,#12561,#12562);
#11033=AXIS2_PLACEMENT_3D('',#15514,#12564,#12565);
#11034=AXIS2_PLACEMENT_3D('',#15516,#12567,#12568);
#11035=AXIS2_PLACEMENT_3D('',#15533,#12577,#12578);
#11036=AXIS2_PLACEMENT_3D('',#15534,#12579,#12580);
#11037=AXIS2_PLACEMENT_3D('',#15538,#12583,#12584);
#11038=AXIS2_PLACEMENT_3D('',#15540,#12585,#12586);
#11039=AXIS2_PLACEMENT_3D('',#15542,#12588,#12589);
#11040=AXIS2_PLACEMENT_3D('',#15544,#12590,#12591);
#11041=AXIS2_PLACEMENT_3D('',#15548,#12594,#12595);
#11042=AXIS2_PLACEMENT_3D('',#15550,#12596,#12597);
#11043=AXIS2_PLACEMENT_3D('',#15555,#12600,#12601);
#11044=AXIS2_PLACEMENT_3D('',#15556,#12602,#12603);
#11045=AXIS2_PLACEMENT_3D('',#15558,#12605,#12606);
#11046=AXIS2_PLACEMENT_3D('',#15560,#12608,#12609);
#11047=AXIS2_PLACEMENT_3D('',#15566,#12613,#12614);
#11048=AXIS2_PLACEMENT_3D('',#15567,#12615,#12616);
#11049=AXIS2_PLACEMENT_3D('',#15568,#12617,#12618);
#11050=AXIS2_PLACEMENT_3D('',#15569,#12619,#12620);
#11051=AXIS2_PLACEMENT_3D('',#15570,#12621,#12622);
#11052=AXIS2_PLACEMENT_3D('',#15572,#12623,#12624);
#11053=AXIS2_PLACEMENT_3D('',#15574,#12626,#12627);
#11054=AXIS2_PLACEMENT_3D('',#15575,#12628,#12629);
#11055=AXIS2_PLACEMENT_3D('',#15577,#12630,#12631);
#11056=AXIS2_PLACEMENT_3D('',#15578,#12632,#12633);
#11057=AXIS2_PLACEMENT_3D('',#15580,#12634,#12635);
#11058=AXIS2_PLACEMENT_3D('',#15582,#12637,#12638);
#11059=AXIS2_PLACEMENT_3D('',#15583,#12639,#12640);
#11060=AXIS2_PLACEMENT_3D('',#15584,#12641,#12642);
#11061=AXIS2_PLACEMENT_3D('',#15586,#12643,#12644);
#11062=AXIS2_PLACEMENT_3D('',#15589,#12646,#12647);
#11063=AXIS2_PLACEMENT_3D('',#15590,#12648,#12649);
#11064=AXIS2_PLACEMENT_3D('',#15591,#12650,#12651);
#11065=AXIS2_PLACEMENT_3D('',#15592,#12652,#12653);
#11066=AXIS2_PLACEMENT_3D('',#15594,#12654,#12655);
#11067=AXIS2_PLACEMENT_3D('',#15597,#12657,#12658);
#11068=AXIS2_PLACEMENT_3D('',#15598,#12659,#12660);
#11069=AXIS2_PLACEMENT_3D('',#15600,#12661,#12662);
#11070=AXIS2_PLACEMENT_3D('',#15603,#12664,#12665);
#11071=AXIS2_PLACEMENT_3D('',#15604,#12666,#12667);
#11072=AXIS2_PLACEMENT_3D('',#15605,#12668,#12669);
#11073=AXIS2_PLACEMENT_3D('',#15606,#12670,#12671);
#11074=AXIS2_PLACEMENT_3D('',#15608,#12672,#12673);
#11075=AXIS2_PLACEMENT_3D('',#15611,#12675,#12676);
#11076=AXIS2_PLACEMENT_3D('',#15612,#12677,#12678);
#11077=AXIS2_PLACEMENT_3D('',#15614,#12679,#12680);
#11078=AXIS2_PLACEMENT_3D('',#15617,#12682,#12683);
#11079=AXIS2_PLACEMENT_3D('',#15618,#12684,#12685);
#11080=AXIS2_PLACEMENT_3D('',#15619,#12686,#12687);
#11081=AXIS2_PLACEMENT_3D('',#15620,#12688,#12689);
#11082=AXIS2_PLACEMENT_3D('',#15622,#12690,#12691);
#11083=AXIS2_PLACEMENT_3D('',#15625,#12693,#12694);
#11084=AXIS2_PLACEMENT_3D('',#15626,#12695,#12696);
#11085=AXIS2_PLACEMENT_3D('',#15627,#12697,#12698);
#11086=AXIS2_PLACEMENT_3D('',#15628,#12699,#12700);
#11087=AXIS2_PLACEMENT_3D('',#15630,#12701,#12702);
#11088=AXIS2_PLACEMENT_3D('',#15633,#12704,#12705);
#11089=AXIS2_PLACEMENT_3D('',#15634,#12706,#12707);
#11090=AXIS2_PLACEMENT_3D('',#15635,#12708,#12709);
#11091=AXIS2_PLACEMENT_3D('',#15636,#12710,#12711);
#11092=AXIS2_PLACEMENT_3D('',#15638,#12712,#12713);
#11093=AXIS2_PLACEMENT_3D('',#15641,#12715,#12716);
#11094=AXIS2_PLACEMENT_3D('',#15642,#12717,#12718);
#11095=AXIS2_PLACEMENT_3D('',#15643,#12719,#12720);
#11096=AXIS2_PLACEMENT_3D('',#15644,#12721,#12722);
#11097=AXIS2_PLACEMENT_3D('',#15646,#12723,#12724);
#11098=AXIS2_PLACEMENT_3D('',#15649,#12726,#12727);
#11099=AXIS2_PLACEMENT_3D('',#15650,#12728,#12729);
#11100=AXIS2_PLACEMENT_3D('',#15651,#12730,#12731);
#11101=AXIS2_PLACEMENT_3D('',#15652,#12732,#12733);
#11102=AXIS2_PLACEMENT_3D('',#15653,#12734,#12735);
#11103=AXIS2_PLACEMENT_3D('',#15655,#12736,#12737);
#11104=AXIS2_PLACEMENT_3D('',#15658,#12739,#12740);
#11105=AXIS2_PLACEMENT_3D('',#15659,#12741,#12742);
#11106=AXIS2_PLACEMENT_3D('',#15661,#12743,#12744);
#11107=AXIS2_PLACEMENT_3D('',#15664,#12746,#12747);
#11108=AXIS2_PLACEMENT_3D('',#15665,#12748,#12749);
#11109=AXIS2_PLACEMENT_3D('',#15667,#12750,#12751);
#11110=AXIS2_PLACEMENT_3D('',#15670,#12753,#12754);
#11111=AXIS2_PLACEMENT_3D('',#15671,#12755,#12756);
#11112=AXIS2_PLACEMENT_3D('',#15673,#12757,#12758);
#11113=AXIS2_PLACEMENT_3D('',#15676,#12760,#12761);
#11114=AXIS2_PLACEMENT_3D('',#15677,#12762,#12763);
#11115=AXIS2_PLACEMENT_3D('',#15679,#12764,#12765);
#11116=AXIS2_PLACEMENT_3D('',#15682,#12767,#12768);
#11117=AXIS2_PLACEMENT_3D('',#15683,#12769,#12770);
#11118=AXIS2_PLACEMENT_3D('',#15685,#12771,#12772);
#11119=AXIS2_PLACEMENT_3D('',#15688,#12774,#12775);
#11120=AXIS2_PLACEMENT_3D('',#15689,#12776,#12777);
#11121=AXIS2_PLACEMENT_3D('',#15691,#12778,#12779);
#11122=AXIS2_PLACEMENT_3D('',#15694,#12781,#12782);
#11123=AXIS2_PLACEMENT_3D('',#15695,#12783,#12784);
#11124=AXIS2_PLACEMENT_3D('',#15697,#12785,#12786);
#11125=AXIS2_PLACEMENT_3D('',#15700,#12788,#12789);
#11126=AXIS2_PLACEMENT_3D('',#15701,#12790,#12791);
#11127=AXIS2_PLACEMENT_3D('',#15703,#12792,#12793);
#11128=AXIS2_PLACEMENT_3D('',#15706,#12795,#12796);
#11129=AXIS2_PLACEMENT_3D('',#15707,#12797,#12798);
#11130=AXIS2_PLACEMENT_3D('',#15716,#12803,#12804);
#11131=AXIS2_PLACEMENT_3D('',#15725,#12809,#12810);
#11132=AXIS2_PLACEMENT_3D('',#15728,#12813,#12814);
#11133=AXIS2_PLACEMENT_3D('',#15730,#12816,#12817);
#11134=AXIS2_PLACEMENT_3D('',#15732,#12819,#12820);
#11135=AXIS2_PLACEMENT_3D('',#15733,#12821,#12822);
#11136=AXIS2_PLACEMENT_3D('',#15817,#12824,#12825);
#11137=AXIS2_PLACEMENT_3D('',#15895,#12827,#12828);
#11138=AXIS2_PLACEMENT_3D('',#15987,#12830,#12831);
#11139=AXIS2_PLACEMENT_3D('',#16073,#12833,#12834);
#11140=AXIS2_PLACEMENT_3D('',#16075,#12835,#12836);
#11141=AXIS2_PLACEMENT_3D('',#16079,#12839,#12840);
#11142=AXIS2_PLACEMENT_3D('',#16080,#12841,#12842);
#11143=AXIS2_PLACEMENT_3D('',#16082,#12843,#12844);
#11144=AXIS2_PLACEMENT_3D('',#16083,#12845,#12846);
#11145=AXIS2_PLACEMENT_3D('',#16085,#12847,#12848);
#11146=AXIS2_PLACEMENT_3D('',#16088,#12851,#12852);
#11147=AXIS2_PLACEMENT_3D('',#16090,#12853,#12854);
#11148=AXIS2_PLACEMENT_3D('',#16095,#12858,#12859);
#11149=AXIS2_PLACEMENT_3D('',#16096,#12860,#12861);
#11150=AXIS2_PLACEMENT_3D('',#16097,#12862,#12863);
#11151=AXIS2_PLACEMENT_3D('',#16098,#12864,#12865);
#11152=AXIS2_PLACEMENT_3D('',#16099,#12866,#12867);
#11153=AXIS2_PLACEMENT_3D('',#16101,#12868,#12869);
#11154=AXIS2_PLACEMENT_3D('',#16104,#12871,#12872);
#11155=AXIS2_PLACEMENT_3D('',#16105,#12873,#12874);
#11156=AXIS2_PLACEMENT_3D('',#16107,#12875,#12876);
#11157=AXIS2_PLACEMENT_3D('',#16110,#12878,#12879);
#11158=AXIS2_PLACEMENT_3D('',#16111,#12880,#12881);
#11159=AXIS2_PLACEMENT_3D('',#16113,#12882,#12883);
#11160=AXIS2_PLACEMENT_3D('',#16116,#12885,#12886);
#11161=AXIS2_PLACEMENT_3D('',#16117,#12887,#12888);
#11162=AXIS2_PLACEMENT_3D('',#16119,#12889,#12890);
#11163=AXIS2_PLACEMENT_3D('',#16122,#12892,#12893);
#11164=AXIS2_PLACEMENT_3D('',#16123,#12894,#12895);
#11165=AXIS2_PLACEMENT_3D('',#16125,#12896,#12897);
#11166=AXIS2_PLACEMENT_3D('',#16128,#12899,#12900);
#11167=AXIS2_PLACEMENT_3D('',#16129,#12901,#12902);
#11168=AXIS2_PLACEMENT_3D('',#16131,#12903,#12904);
#11169=AXIS2_PLACEMENT_3D('',#16134,#12906,#12907);
#11170=AXIS2_PLACEMENT_3D('',#16135,#12908,#12909);
#11171=AXIS2_PLACEMENT_3D('',#16137,#12910,#12911);
#11172=AXIS2_PLACEMENT_3D('',#16140,#12913,#12914);
#11173=AXIS2_PLACEMENT_3D('',#16141,#12915,#12916);
#11174=AXIS2_PLACEMENT_3D('',#16143,#12917,#12918);
#11175=AXIS2_PLACEMENT_3D('',#16146,#12920,#12921);
#11176=AXIS2_PLACEMENT_3D('',#16147,#12922,#12923);
#11177=AXIS2_PLACEMENT_3D('',#16156,#12928,#12929);
#11178=AXIS2_PLACEMENT_3D('',#16165,#12934,#12935);
#11179=AXIS2_PLACEMENT_3D('',#16168,#12938,#12939);
#11180=AXIS2_PLACEMENT_3D('',#16170,#12941,#12942);
#11181=AXIS2_PLACEMENT_3D('',#16172,#12944,#12945);
#11182=AXIS2_PLACEMENT_3D('',#16173,#12946,#12947);
#11183=AXIS2_PLACEMENT_3D('',#16175,#12948,#12949);
#11184=AXIS2_PLACEMENT_3D('',#16178,#12951,#12952);
#11185=AXIS2_PLACEMENT_3D('',#16179,#12953,#12954);
#11186=AXIS2_PLACEMENT_3D('',#16181,#12955,#12956);
#11187=AXIS2_PLACEMENT_3D('',#16184,#12958,#12959);
#11188=AXIS2_PLACEMENT_3D('',#16185,#12960,#12961);
#11189=AXIS2_PLACEMENT_3D('',#16187,#12962,#12963);
#11190=AXIS2_PLACEMENT_3D('',#16190,#12965,#12966);
#11191=AXIS2_PLACEMENT_3D('',#16191,#12967,#12968);
#11192=AXIS2_PLACEMENT_3D('',#16193,#12969,#12970);
#11193=AXIS2_PLACEMENT_3D('',#16196,#12972,#12973);
#11194=AXIS2_PLACEMENT_3D('',#16197,#12974,#12975);
#11195=AXIS2_PLACEMENT_3D('',#16199,#12976,#12977);
#11196=AXIS2_PLACEMENT_3D('',#16202,#12979,#12980);
#11197=AXIS2_PLACEMENT_3D('',#16203,#12981,#12982);
#11198=AXIS2_PLACEMENT_3D('',#16212,#12987,#12988);
#11199=AXIS2_PLACEMENT_3D('',#16221,#12993,#12994);
#11200=AXIS2_PLACEMENT_3D('',#16224,#12997,#12998);
#11201=AXIS2_PLACEMENT_3D('',#16226,#12999,#13000);
#11202=AXIS2_PLACEMENT_3D('',#16234,#13004,#13005);
#11203=AXIS2_PLACEMENT_3D('',#16242,#13009,#13010);
#11204=AXIS2_PLACEMENT_3D('',#16250,#13014,#13015);
#11205=AXIS2_PLACEMENT_3D('',#16258,#13019,#13020);
#11206=AXIS2_PLACEMENT_3D('',#16266,#13024,#13025);
#11207=AXIS2_PLACEMENT_3D('',#16274,#13029,#13030);
#11208=AXIS2_PLACEMENT_3D('',#16282,#13034,#13035);
#11209=AXIS2_PLACEMENT_3D('',#16290,#13039,#13040);
#11210=AXIS2_PLACEMENT_3D('',#16298,#13044,#13045);
#11211=AXIS2_PLACEMENT_3D('',#16306,#13049,#13050);
#11212=AXIS2_PLACEMENT_3D('',#16314,#13054,#13055);
#11213=AXIS2_PLACEMENT_3D('',#16322,#13059,#13060);
#11214=AXIS2_PLACEMENT_3D('',#16330,#13064,#13065);
#11215=AXIS2_PLACEMENT_3D('',#16338,#13069,#13070);
#11216=AXIS2_PLACEMENT_3D('',#16346,#13074,#13075);
#11217=AXIS2_PLACEMENT_3D('',#16354,#13079,#13080);
#11218=AXIS2_PLACEMENT_3D('',#16362,#13084,#13085);
#11219=AXIS2_PLACEMENT_3D('',#16370,#13089,#13090);
#11220=AXIS2_PLACEMENT_3D('',#16378,#13094,#13095);
#11221=AXIS2_PLACEMENT_3D('',#16386,#13099,#13100);
#11222=AXIS2_PLACEMENT_3D('',#16394,#13104,#13105);
#11223=AXIS2_PLACEMENT_3D('',#16402,#13109,#13110);
#11224=AXIS2_PLACEMENT_3D('',#16410,#13114,#13115);
#11225=AXIS2_PLACEMENT_3D('',#16418,#13119,#13120);
#11226=AXIS2_PLACEMENT_3D('',#16426,#13124,#13125);
#11227=AXIS2_PLACEMENT_3D('',#16434,#13129,#13130);
#11228=AXIS2_PLACEMENT_3D('',#16442,#13134,#13135);
#11229=AXIS2_PLACEMENT_3D('',#16450,#13139,#13140);
#11230=AXIS2_PLACEMENT_3D('',#16458,#13144,#13145);
#11231=AXIS2_PLACEMENT_3D('',#16466,#13149,#13150);
#11232=AXIS2_PLACEMENT_3D('',#16474,#13154,#13155);
#11233=AXIS2_PLACEMENT_3D('',#16482,#13159,#13160);
#11234=AXIS2_PLACEMENT_3D('',#16490,#13164,#13165);
#11235=AXIS2_PLACEMENT_3D('',#16498,#13169,#13170);
#11236=AXIS2_PLACEMENT_3D('',#16506,#13174,#13175);
#11237=AXIS2_PLACEMENT_3D('',#16514,#13179,#13180);
#11238=AXIS2_PLACEMENT_3D('',#16522,#13184,#13185);
#11239=AXIS2_PLACEMENT_3D('',#16530,#13189,#13190);
#11240=AXIS2_PLACEMENT_3D('',#16538,#13194,#13195);
#11241=AXIS2_PLACEMENT_3D('',#16546,#13199,#13200);
#11242=AXIS2_PLACEMENT_3D('',#16554,#13204,#13205);
#11243=AXIS2_PLACEMENT_3D('',#16562,#13209,#13210);
#11244=AXIS2_PLACEMENT_3D('',#16570,#13214,#13215);
#11245=AXIS2_PLACEMENT_3D('',#16578,#13219,#13220);
#11246=AXIS2_PLACEMENT_3D('',#16586,#13224,#13225);
#11247=AXIS2_PLACEMENT_3D('',#16594,#13229,#13230);
#11248=AXIS2_PLACEMENT_3D('',#16602,#13234,#13235);
#11249=AXIS2_PLACEMENT_3D('',#16610,#13239,#13240);
#11250=AXIS2_PLACEMENT_3D('',#16618,#13244,#13245);
#11251=AXIS2_PLACEMENT_3D('',#16626,#13249,#13250);
#11252=AXIS2_PLACEMENT_3D('',#16634,#13254,#13255);
#11253=AXIS2_PLACEMENT_3D('',#16642,#13259,#13260);
#11254=AXIS2_PLACEMENT_3D('',#16650,#13264,#13265);
#11255=AXIS2_PLACEMENT_3D('',#16658,#13269,#13270);
#11256=AXIS2_PLACEMENT_3D('',#16666,#13274,#13275);
#11257=AXIS2_PLACEMENT_3D('',#16674,#13279,#13280);
#11258=AXIS2_PLACEMENT_3D('',#16682,#13284,#13285);
#11259=AXIS2_PLACEMENT_3D('',#16690,#13289,#13290);
#11260=AXIS2_PLACEMENT_3D('',#16697,#13294,#13295);
#11261=AXIS2_PLACEMENT_3D('',#16698,#13296,#13297);
#11262=AXIS2_PLACEMENT_3D('',#16700,#13298,#13299);
#11263=AXIS2_PLACEMENT_3D('',#16702,#13301,#13302);
#11264=AXIS2_PLACEMENT_3D('',#16708,#13306,#13307);
#11265=AXIS2_PLACEMENT_3D('',#16714,#13311,#13312);
#11266=AXIS2_PLACEMENT_3D('',#16716,#13314,#13315);
#11267=AXIS2_PLACEMENT_3D('',#16717,#13316,#13317);
#11268=AXIS2_PLACEMENT_3D('',#16718,#13318,#13319);
#11269=AXIS2_PLACEMENT_3D('',#16724,#13323,#13324);
#11270=AXIS2_PLACEMENT_3D('',#16730,#13328,#13329);
#11271=AXIS2_PLACEMENT_3D('',#16732,#13331,#13332);
#11272=AXIS2_PLACEMENT_3D('',#16733,#13333,#13334);
#11273=AXIS2_PLACEMENT_3D('',#16734,#13335,#13336);
#11274=AXIS2_PLACEMENT_3D('',#16740,#13340,#13341);
#11275=AXIS2_PLACEMENT_3D('',#16746,#13345,#13346);
#11276=AXIS2_PLACEMENT_3D('',#16748,#13348,#13349);
#11277=AXIS2_PLACEMENT_3D('',#16749,#13350,#13351);
#11278=AXIS2_PLACEMENT_3D('',#16750,#13352,#13353);
#11279=AXIS2_PLACEMENT_3D('',#16756,#13357,#13358);
#11280=AXIS2_PLACEMENT_3D('',#16762,#13362,#13363);
#11281=AXIS2_PLACEMENT_3D('',#16764,#13365,#13366);
#11282=AXIS2_PLACEMENT_3D('',#16765,#13367,#13368);
#11283=AXIS2_PLACEMENT_3D('',#16766,#13369,#13370);
#11284=AXIS2_PLACEMENT_3D('',#16772,#13374,#13375);
#11285=AXIS2_PLACEMENT_3D('',#16778,#13379,#13380);
#11286=AXIS2_PLACEMENT_3D('',#16780,#13382,#13383);
#11287=AXIS2_PLACEMENT_3D('',#16781,#13384,#13385);
#11288=AXIS2_PLACEMENT_3D('',#16782,#13386,#13387);
#11289=AXIS2_PLACEMENT_3D('',#16788,#13391,#13392);
#11290=AXIS2_PLACEMENT_3D('',#16794,#13396,#13397);
#11291=AXIS2_PLACEMENT_3D('',#16796,#13399,#13400);
#11292=AXIS2_PLACEMENT_3D('',#16797,#13401,#13402);
#11293=AXIS2_PLACEMENT_3D('',#16798,#13403,#13404);
#11294=AXIS2_PLACEMENT_3D('',#16804,#13408,#13409);
#11295=AXIS2_PLACEMENT_3D('',#16810,#13413,#13414);
#11296=AXIS2_PLACEMENT_3D('',#16812,#13416,#13417);
#11297=AXIS2_PLACEMENT_3D('',#16813,#13418,#13419);
#11298=AXIS2_PLACEMENT_3D('',#16814,#13420,#13421);
#11299=AXIS2_PLACEMENT_3D('',#16820,#13425,#13426);
#11300=AXIS2_PLACEMENT_3D('',#16826,#13430,#13431);
#11301=AXIS2_PLACEMENT_3D('',#16828,#13433,#13434);
#11302=AXIS2_PLACEMENT_3D('',#16829,#13435,#13436);
#11303=AXIS2_PLACEMENT_3D('',#16830,#13437,#13438);
#11304=AXIS2_PLACEMENT_3D('',#16836,#13442,#13443);
#11305=AXIS2_PLACEMENT_3D('',#16842,#13447,#13448);
#11306=AXIS2_PLACEMENT_3D('',#16844,#13450,#13451);
#11307=AXIS2_PLACEMENT_3D('',#16845,#13452,#13453);
#11308=AXIS2_PLACEMENT_3D('',#16846,#13454,#13455);
#11309=AXIS2_PLACEMENT_3D('',#16852,#13459,#13460);
#11310=AXIS2_PLACEMENT_3D('',#16858,#13464,#13465);
#11311=AXIS2_PLACEMENT_3D('',#16860,#13467,#13468);
#11312=AXIS2_PLACEMENT_3D('',#16861,#13469,#13470);
#11313=AXIS2_PLACEMENT_3D('',#16862,#13471,#13472);
#11314=AXIS2_PLACEMENT_3D('',#16868,#13476,#13477);
#11315=AXIS2_PLACEMENT_3D('',#16874,#13481,#13482);
#11316=AXIS2_PLACEMENT_3D('',#16876,#13484,#13485);
#11317=AXIS2_PLACEMENT_3D('',#16877,#13486,#13487);
#11318=AXIS2_PLACEMENT_3D('',#16878,#13488,#13489);
#11319=AXIS2_PLACEMENT_3D('',#16884,#13493,#13494);
#11320=AXIS2_PLACEMENT_3D('',#16890,#13498,#13499);
#11321=AXIS2_PLACEMENT_3D('',#16892,#13501,#13502);
#11322=AXIS2_PLACEMENT_3D('',#16893,#13503,#13504);
#11323=AXIS2_PLACEMENT_3D('',#16894,#13505,#13506);
#11324=AXIS2_PLACEMENT_3D('',#16900,#13510,#13511);
#11325=AXIS2_PLACEMENT_3D('',#16906,#13515,#13516);
#11326=AXIS2_PLACEMENT_3D('',#16908,#13518,#13519);
#11327=AXIS2_PLACEMENT_3D('',#16909,#13520,#13521);
#11328=AXIS2_PLACEMENT_3D('',#16910,#13522,#13523);
#11329=AXIS2_PLACEMENT_3D('',#16916,#13527,#13528);
#11330=AXIS2_PLACEMENT_3D('',#16922,#13532,#13533);
#11331=AXIS2_PLACEMENT_3D('',#16924,#13535,#13536);
#11332=AXIS2_PLACEMENT_3D('',#16925,#13537,#13538);
#11333=AXIS2_PLACEMENT_3D('',#16926,#13539,#13540);
#11334=AXIS2_PLACEMENT_3D('',#16932,#13544,#13545);
#11335=AXIS2_PLACEMENT_3D('',#16938,#13549,#13550);
#11336=AXIS2_PLACEMENT_3D('',#16940,#13552,#13553);
#11337=AXIS2_PLACEMENT_3D('',#16941,#13554,#13555);
#11338=AXIS2_PLACEMENT_3D('',#16942,#13556,#13557);
#11339=AXIS2_PLACEMENT_3D('',#16948,#13561,#13562);
#11340=AXIS2_PLACEMENT_3D('',#16954,#13566,#13567);
#11341=AXIS2_PLACEMENT_3D('',#16956,#13569,#13570);
#11342=AXIS2_PLACEMENT_3D('',#16957,#13571,#13572);
#11343=AXIS2_PLACEMENT_3D('',#16958,#13573,#13574);
#11344=AXIS2_PLACEMENT_3D('',#16964,#13578,#13579);
#11345=AXIS2_PLACEMENT_3D('',#16970,#13583,#13584);
#11346=AXIS2_PLACEMENT_3D('',#16972,#13586,#13587);
#11347=AXIS2_PLACEMENT_3D('',#16973,#13588,#13589);
#11348=AXIS2_PLACEMENT_3D('',#16974,#13590,#13591);
#11349=AXIS2_PLACEMENT_3D('',#16980,#13595,#13596);
#11350=AXIS2_PLACEMENT_3D('',#16986,#13600,#13601);
#11351=AXIS2_PLACEMENT_3D('',#16988,#13603,#13604);
#11352=AXIS2_PLACEMENT_3D('',#16989,#13605,#13606);
#11353=AXIS2_PLACEMENT_3D('',#16990,#13607,#13608);
#11354=AXIS2_PLACEMENT_3D('',#16996,#13612,#13613);
#11355=AXIS2_PLACEMENT_3D('',#17002,#13617,#13618);
#11356=AXIS2_PLACEMENT_3D('',#17004,#13620,#13621);
#11357=AXIS2_PLACEMENT_3D('',#17005,#13622,#13623);
#11358=AXIS2_PLACEMENT_3D('',#17006,#13624,#13625);
#11359=AXIS2_PLACEMENT_3D('',#17012,#13629,#13630);
#11360=AXIS2_PLACEMENT_3D('',#17018,#13634,#13635);
#11361=AXIS2_PLACEMENT_3D('',#17020,#13637,#13638);
#11362=AXIS2_PLACEMENT_3D('',#17021,#13639,#13640);
#11363=AXIS2_PLACEMENT_3D('',#17022,#13641,#13642);
#11364=AXIS2_PLACEMENT_3D('',#17028,#13646,#13647);
#11365=AXIS2_PLACEMENT_3D('',#17034,#13651,#13652);
#11366=AXIS2_PLACEMENT_3D('',#17036,#13654,#13655);
#11367=AXIS2_PLACEMENT_3D('',#17037,#13656,#13657);
#11368=AXIS2_PLACEMENT_3D('',#17038,#13658,#13659);
#11369=AXIS2_PLACEMENT_3D('',#17044,#13663,#13664);
#11370=AXIS2_PLACEMENT_3D('',#17050,#13668,#13669);
#11371=AXIS2_PLACEMENT_3D('',#17052,#13671,#13672);
#11372=AXIS2_PLACEMENT_3D('',#17053,#13673,#13674);
#11373=AXIS2_PLACEMENT_3D('',#17054,#13675,#13676);
#11374=AXIS2_PLACEMENT_3D('',#17060,#13680,#13681);
#11375=AXIS2_PLACEMENT_3D('',#17066,#13685,#13686);
#11376=AXIS2_PLACEMENT_3D('',#17068,#13688,#13689);
#11377=AXIS2_PLACEMENT_3D('',#17069,#13690,#13691);
#11378=AXIS2_PLACEMENT_3D('',#17070,#13692,#13693);
#11379=AXIS2_PLACEMENT_3D('',#17076,#13697,#13698);
#11380=AXIS2_PLACEMENT_3D('',#17082,#13702,#13703);
#11381=AXIS2_PLACEMENT_3D('',#17084,#13705,#13706);
#11382=AXIS2_PLACEMENT_3D('',#17085,#13707,#13708);
#11383=AXIS2_PLACEMENT_3D('',#17086,#13709,#13710);
#11384=AXIS2_PLACEMENT_3D('',#17092,#13714,#13715);
#11385=AXIS2_PLACEMENT_3D('',#17098,#13719,#13720);
#11386=AXIS2_PLACEMENT_3D('',#17100,#13722,#13723);
#11387=AXIS2_PLACEMENT_3D('',#17101,#13724,#13725);
#11388=AXIS2_PLACEMENT_3D('',#17102,#13726,#13727);
#11389=AXIS2_PLACEMENT_3D('',#17108,#13731,#13732);
#11390=AXIS2_PLACEMENT_3D('',#17114,#13736,#13737);
#11391=AXIS2_PLACEMENT_3D('',#17116,#13739,#13740);
#11392=AXIS2_PLACEMENT_3D('',#17117,#13741,#13742);
#11393=AXIS2_PLACEMENT_3D('',#17118,#13743,#13744);
#11394=AXIS2_PLACEMENT_3D('',#17124,#13748,#13749);
#11395=AXIS2_PLACEMENT_3D('',#17130,#13753,#13754);
#11396=AXIS2_PLACEMENT_3D('',#17132,#13756,#13757);
#11397=AXIS2_PLACEMENT_3D('',#17133,#13758,#13759);
#11398=AXIS2_PLACEMENT_3D('',#17134,#13760,#13761);
#11399=AXIS2_PLACEMENT_3D('',#17140,#13765,#13766);
#11400=AXIS2_PLACEMENT_3D('',#17146,#13770,#13771);
#11401=AXIS2_PLACEMENT_3D('',#17148,#13773,#13774);
#11402=AXIS2_PLACEMENT_3D('',#17149,#13775,#13776);
#11403=AXIS2_PLACEMENT_3D('',#17150,#13777,#13778);
#11404=AXIS2_PLACEMENT_3D('',#17156,#13782,#13783);
#11405=AXIS2_PLACEMENT_3D('',#17162,#13787,#13788);
#11406=AXIS2_PLACEMENT_3D('',#17164,#13790,#13791);
#11407=AXIS2_PLACEMENT_3D('',#17165,#13792,#13793);
#11408=AXIS2_PLACEMENT_3D('',#17166,#13794,#13795);
#11409=AXIS2_PLACEMENT_3D('',#17172,#13799,#13800);
#11410=AXIS2_PLACEMENT_3D('',#17178,#13804,#13805);
#11411=AXIS2_PLACEMENT_3D('',#17180,#13807,#13808);
#11412=AXIS2_PLACEMENT_3D('',#17181,#13809,#13810);
#11413=AXIS2_PLACEMENT_3D('',#17182,#13811,#13812);
#11414=AXIS2_PLACEMENT_3D('',#17188,#13816,#13817);
#11415=AXIS2_PLACEMENT_3D('',#17194,#13821,#13822);
#11416=AXIS2_PLACEMENT_3D('',#17196,#13824,#13825);
#11417=AXIS2_PLACEMENT_3D('',#17197,#13826,#13827);
#11418=AXIS2_PLACEMENT_3D('',#17198,#13828,#13829);
#11419=AXIS2_PLACEMENT_3D('',#17204,#13833,#13834);
#11420=AXIS2_PLACEMENT_3D('',#17210,#13838,#13839);
#11421=AXIS2_PLACEMENT_3D('',#17212,#13841,#13842);
#11422=AXIS2_PLACEMENT_3D('',#17213,#13843,#13844);
#11423=AXIS2_PLACEMENT_3D('',#17214,#13845,#13846);
#11424=AXIS2_PLACEMENT_3D('',#17220,#13850,#13851);
#11425=AXIS2_PLACEMENT_3D('',#17226,#13855,#13856);
#11426=AXIS2_PLACEMENT_3D('',#17228,#13858,#13859);
#11427=AXIS2_PLACEMENT_3D('',#17229,#13860,#13861);
#11428=AXIS2_PLACEMENT_3D('',#17230,#13862,#13863);
#11429=AXIS2_PLACEMENT_3D('',#17236,#13867,#13868);
#11430=AXIS2_PLACEMENT_3D('',#17242,#13872,#13873);
#11431=AXIS2_PLACEMENT_3D('',#17244,#13875,#13876);
#11432=AXIS2_PLACEMENT_3D('',#17245,#13877,#13878);
#11433=AXIS2_PLACEMENT_3D('',#17246,#13879,#13880);
#11434=AXIS2_PLACEMENT_3D('',#17252,#13884,#13885);
#11435=AXIS2_PLACEMENT_3D('',#17258,#13889,#13890);
#11436=AXIS2_PLACEMENT_3D('',#17260,#13892,#13893);
#11437=AXIS2_PLACEMENT_3D('',#17261,#13894,#13895);
#11438=AXIS2_PLACEMENT_3D('',#17262,#13896,#13897);
#11439=AXIS2_PLACEMENT_3D('',#17268,#13901,#13902);
#11440=AXIS2_PLACEMENT_3D('',#17274,#13906,#13907);
#11441=AXIS2_PLACEMENT_3D('',#17276,#13909,#13910);
#11442=AXIS2_PLACEMENT_3D('',#17277,#13911,#13912);
#11443=AXIS2_PLACEMENT_3D('',#17278,#13913,#13914);
#11444=AXIS2_PLACEMENT_3D('',#17284,#13918,#13919);
#11445=AXIS2_PLACEMENT_3D('',#17290,#13923,#13924);
#11446=AXIS2_PLACEMENT_3D('',#17292,#13926,#13927);
#11447=AXIS2_PLACEMENT_3D('',#17293,#13928,#13929);
#11448=AXIS2_PLACEMENT_3D('',#17294,#13930,#13931);
#11449=AXIS2_PLACEMENT_3D('',#17300,#13935,#13936);
#11450=AXIS2_PLACEMENT_3D('',#17306,#13940,#13941);
#11451=AXIS2_PLACEMENT_3D('',#17308,#13943,#13944);
#11452=AXIS2_PLACEMENT_3D('',#17309,#13945,#13946);
#11453=AXIS2_PLACEMENT_3D('',#17310,#13947,#13948);
#11454=AXIS2_PLACEMENT_3D('',#17316,#13952,#13953);
#11455=AXIS2_PLACEMENT_3D('',#17322,#13957,#13958);
#11456=AXIS2_PLACEMENT_3D('',#17324,#13960,#13961);
#11457=AXIS2_PLACEMENT_3D('',#17325,#13962,#13963);
#11458=AXIS2_PLACEMENT_3D('',#17326,#13964,#13965);
#11459=AXIS2_PLACEMENT_3D('',#17332,#13969,#13970);
#11460=AXIS2_PLACEMENT_3D('',#17338,#13974,#13975);
#11461=AXIS2_PLACEMENT_3D('',#17340,#13977,#13978);
#11462=AXIS2_PLACEMENT_3D('',#17341,#13979,#13980);
#11463=AXIS2_PLACEMENT_3D('',#17342,#13981,#13982);
#11464=AXIS2_PLACEMENT_3D('',#17348,#13986,#13987);
#11465=AXIS2_PLACEMENT_3D('',#17354,#13991,#13992);
#11466=AXIS2_PLACEMENT_3D('',#17356,#13994,#13995);
#11467=AXIS2_PLACEMENT_3D('',#17357,#13996,#13997);
#11468=AXIS2_PLACEMENT_3D('',#17358,#13998,#13999);
#11469=AXIS2_PLACEMENT_3D('',#17364,#14003,#14004);
#11470=AXIS2_PLACEMENT_3D('',#17370,#14008,#14009);
#11471=AXIS2_PLACEMENT_3D('',#17372,#14011,#14012);
#11472=AXIS2_PLACEMENT_3D('',#17373,#14013,#14014);
#11473=AXIS2_PLACEMENT_3D('',#17374,#14015,#14016);
#11474=AXIS2_PLACEMENT_3D('',#17380,#14020,#14021);
#11475=AXIS2_PLACEMENT_3D('',#17386,#14025,#14026);
#11476=AXIS2_PLACEMENT_3D('',#17388,#14028,#14029);
#11477=AXIS2_PLACEMENT_3D('',#17389,#14030,#14031);
#11478=AXIS2_PLACEMENT_3D('',#17390,#14032,#14033);
#11479=AXIS2_PLACEMENT_3D('',#17396,#14037,#14038);
#11480=AXIS2_PLACEMENT_3D('',#17402,#14042,#14043);
#11481=AXIS2_PLACEMENT_3D('',#17404,#14045,#14046);
#11482=AXIS2_PLACEMENT_3D('',#17405,#14047,#14048);
#11483=AXIS2_PLACEMENT_3D('',#17406,#14049,#14050);
#11484=AXIS2_PLACEMENT_3D('',#17412,#14054,#14055);
#11485=AXIS2_PLACEMENT_3D('',#17418,#14059,#14060);
#11486=AXIS2_PLACEMENT_3D('',#17420,#14062,#14063);
#11487=AXIS2_PLACEMENT_3D('',#17421,#14064,#14065);
#11488=AXIS2_PLACEMENT_3D('',#17422,#14066,#14067);
#11489=AXIS2_PLACEMENT_3D('',#17428,#14071,#14072);
#11490=AXIS2_PLACEMENT_3D('',#17434,#14076,#14077);
#11491=AXIS2_PLACEMENT_3D('',#17436,#14079,#14080);
#11492=AXIS2_PLACEMENT_3D('',#17437,#14081,#14082);
#11493=AXIS2_PLACEMENT_3D('',#17438,#14083,#14084);
#11494=AXIS2_PLACEMENT_3D('',#17444,#14088,#14089);
#11495=AXIS2_PLACEMENT_3D('',#17450,#14093,#14094);
#11496=AXIS2_PLACEMENT_3D('',#17452,#14096,#14097);
#11497=AXIS2_PLACEMENT_3D('',#17453,#14098,#14099);
#11498=AXIS2_PLACEMENT_3D('',#17454,#14100,#14101);
#11499=AXIS2_PLACEMENT_3D('',#17460,#14105,#14106);
#11500=AXIS2_PLACEMENT_3D('',#17466,#14110,#14111);
#11501=AXIS2_PLACEMENT_3D('',#17468,#14113,#14114);
#11502=AXIS2_PLACEMENT_3D('',#17469,#14115,#14116);
#11503=AXIS2_PLACEMENT_3D('',#17470,#14117,#14118);
#11504=AXIS2_PLACEMENT_3D('',#17476,#14122,#14123);
#11505=AXIS2_PLACEMENT_3D('',#17482,#14127,#14128);
#11506=AXIS2_PLACEMENT_3D('',#17484,#14130,#14131);
#11507=AXIS2_PLACEMENT_3D('',#17485,#14132,#14133);
#11508=AXIS2_PLACEMENT_3D('',#17486,#14134,#14135);
#11509=AXIS2_PLACEMENT_3D('',#17492,#14139,#14140);
#11510=AXIS2_PLACEMENT_3D('',#17498,#14144,#14145);
#11511=AXIS2_PLACEMENT_3D('',#17500,#14147,#14148);
#11512=AXIS2_PLACEMENT_3D('',#17501,#14149,#14150);
#11513=AXIS2_PLACEMENT_3D('',#17502,#14151,#14152);
#11514=AXIS2_PLACEMENT_3D('',#17508,#14156,#14157);
#11515=AXIS2_PLACEMENT_3D('',#17514,#14161,#14162);
#11516=AXIS2_PLACEMENT_3D('',#17516,#14164,#14165);
#11517=AXIS2_PLACEMENT_3D('',#17517,#14166,#14167);
#11518=AXIS2_PLACEMENT_3D('',#17518,#14168,#14169);
#11519=AXIS2_PLACEMENT_3D('',#17524,#14173,#14174);
#11520=AXIS2_PLACEMENT_3D('',#17530,#14178,#14179);
#11521=AXIS2_PLACEMENT_3D('',#17532,#14181,#14182);
#11522=AXIS2_PLACEMENT_3D('',#17533,#14183,#14184);
#11523=AXIS2_PLACEMENT_3D('',#17534,#14185,#14186);
#11524=AXIS2_PLACEMENT_3D('',#17540,#14190,#14191);
#11525=AXIS2_PLACEMENT_3D('',#17546,#14195,#14196);
#11526=AXIS2_PLACEMENT_3D('',#17548,#14198,#14199);
#11527=AXIS2_PLACEMENT_3D('',#17549,#14200,#14201);
#11528=AXIS2_PLACEMENT_3D('',#17550,#14202,#14203);
#11529=AXIS2_PLACEMENT_3D('',#17556,#14207,#14208);
#11530=AXIS2_PLACEMENT_3D('',#17562,#14212,#14213);
#11531=AXIS2_PLACEMENT_3D('',#17564,#14215,#14216);
#11532=AXIS2_PLACEMENT_3D('',#17565,#14217,#14218);
#11533=AXIS2_PLACEMENT_3D('',#17566,#14219,#14220);
#11534=AXIS2_PLACEMENT_3D('',#17572,#14224,#14225);
#11535=AXIS2_PLACEMENT_3D('',#17578,#14229,#14230);
#11536=AXIS2_PLACEMENT_3D('',#17580,#14232,#14233);
#11537=AXIS2_PLACEMENT_3D('',#17581,#14234,#14235);
#11538=AXIS2_PLACEMENT_3D('',#17582,#14236,#14237);
#11539=AXIS2_PLACEMENT_3D('',#17588,#14241,#14242);
#11540=AXIS2_PLACEMENT_3D('',#17594,#14246,#14247);
#11541=AXIS2_PLACEMENT_3D('',#17596,#14249,#14250);
#11542=AXIS2_PLACEMENT_3D('',#17597,#14251,#14252);
#11543=AXIS2_PLACEMENT_3D('',#17598,#14253,#14254);
#11544=AXIS2_PLACEMENT_3D('',#17604,#14258,#14259);
#11545=AXIS2_PLACEMENT_3D('',#17610,#14263,#14264);
#11546=AXIS2_PLACEMENT_3D('',#17612,#14266,#14267);
#11547=AXIS2_PLACEMENT_3D('',#17613,#14268,#14269);
#11548=AXIS2_PLACEMENT_3D('',#17614,#14270,#14271);
#11549=AXIS2_PLACEMENT_3D('',#17620,#14275,#14276);
#11550=AXIS2_PLACEMENT_3D('',#17626,#14280,#14281);
#11551=AXIS2_PLACEMENT_3D('',#17628,#14283,#14284);
#11552=AXIS2_PLACEMENT_3D('',#17629,#14285,#14286);
#11553=AXIS2_PLACEMENT_3D('',#17630,#14287,#14288);
#11554=AXIS2_PLACEMENT_3D('',#17634,#14291,#14292);
#11555=AXIS2_PLACEMENT_3D('',#17640,#14296,#14297);
#11556=AXIS2_PLACEMENT_3D('',#17642,#14299,#14300);
#11557=AXIS2_PLACEMENT_3D('',#17643,#14301,#14302);
#11558=AXIS2_PLACEMENT_3D('',#17644,#14303,#14304);
#11559=AXIS2_PLACEMENT_3D('',#17645,#14305,#14306);
#11560=AXIS2_PLACEMENT_3D('',#17647,#14307,#14308);
#11561=AXIS2_PLACEMENT_3D('',#17650,#14310,#14311);
#11562=AXIS2_PLACEMENT_3D('',#17651,#14312,#14313);
#11563=AXIS2_PLACEMENT_3D('',#17660,#14318,#14319);
#11564=AXIS2_PLACEMENT_3D('',#17669,#14324,#14325);
#11565=AXIS2_PLACEMENT_3D('',#17672,#14328,#14329);
#11566=AXIS2_PLACEMENT_3D('',#17674,#14330,#14331);
#11567=AXIS2_PLACEMENT_3D('',#17682,#14335,#14336);
#11568=AXIS2_PLACEMENT_3D('',#17690,#14340,#14341);
#11569=AXIS2_PLACEMENT_3D('',#17698,#14345,#14346);
#11570=AXIS2_PLACEMENT_3D('',#17706,#14350,#14351);
#11571=AXIS2_PLACEMENT_3D('',#17714,#14355,#14356);
#11572=AXIS2_PLACEMENT_3D('',#17722,#14360,#14361);
#11573=AXIS2_PLACEMENT_3D('',#17730,#14365,#14366);
#11574=AXIS2_PLACEMENT_3D('',#17738,#14370,#14371);
#11575=AXIS2_PLACEMENT_3D('',#17746,#14375,#14376);
#11576=AXIS2_PLACEMENT_3D('',#17754,#14380,#14381);
#11577=AXIS2_PLACEMENT_3D('',#17761,#14385,#14386);
#11578=AXIS2_PLACEMENT_3D('',#17762,#14387,#14388);
#11579=AXIS2_PLACEMENT_3D('',#17764,#14389,#14390);
#11580=AXIS2_PLACEMENT_3D('',#17766,#14392,#14393);
#11581=AXIS2_PLACEMENT_3D('',#17772,#14397,#14398);
#11582=AXIS2_PLACEMENT_3D('',#17778,#14402,#14403);
#11583=AXIS2_PLACEMENT_3D('',#17780,#14405,#14406);
#11584=AXIS2_PLACEMENT_3D('',#17781,#14407,#14408);
#11585=AXIS2_PLACEMENT_3D('',#17782,#14409,#14410);
#11586=AXIS2_PLACEMENT_3D('',#17788,#14414,#14415);
#11587=AXIS2_PLACEMENT_3D('',#17794,#14419,#14420);
#11588=AXIS2_PLACEMENT_3D('',#17796,#14422,#14423);
#11589=AXIS2_PLACEMENT_3D('',#17797,#14424,#14425);
#11590=AXIS2_PLACEMENT_3D('',#17798,#14426,#14427);
#11591=AXIS2_PLACEMENT_3D('',#17804,#14431,#14432);
#11592=AXIS2_PLACEMENT_3D('',#17810,#14436,#14437);
#11593=AXIS2_PLACEMENT_3D('',#17812,#14439,#14440);
#11594=AXIS2_PLACEMENT_3D('',#17813,#14441,#14442);
#11595=AXIS2_PLACEMENT_3D('',#17814,#14443,#14444);
#11596=AXIS2_PLACEMENT_3D('',#17820,#14448,#14449);
#11597=AXIS2_PLACEMENT_3D('',#17826,#14453,#14454);
#11598=AXIS2_PLACEMENT_3D('',#17828,#14456,#14457);
#11599=AXIS2_PLACEMENT_3D('',#17829,#14458,#14459);
#11600=AXIS2_PLACEMENT_3D('',#17830,#14460,#14461);
#11601=AXIS2_PLACEMENT_3D('',#17836,#14465,#14466);
#11602=AXIS2_PLACEMENT_3D('',#17842,#14470,#14471);
#11603=AXIS2_PLACEMENT_3D('',#17844,#14473,#14474);
#11604=AXIS2_PLACEMENT_3D('',#17845,#14475,#14476);
#11605=AXIS2_PLACEMENT_3D('',#17846,#14477,#14478);
#11606=AXIS2_PLACEMENT_3D('',#17852,#14482,#14483);
#11607=AXIS2_PLACEMENT_3D('',#17858,#14487,#14488);
#11608=AXIS2_PLACEMENT_3D('',#17860,#14490,#14491);
#11609=AXIS2_PLACEMENT_3D('',#17861,#14492,#14493);
#11610=AXIS2_PLACEMENT_3D('',#17862,#14494,#14495);
#11611=AXIS2_PLACEMENT_3D('',#17868,#14499,#14500);
#11612=AXIS2_PLACEMENT_3D('',#17874,#14504,#14505);
#11613=AXIS2_PLACEMENT_3D('',#17876,#14507,#14508);
#11614=AXIS2_PLACEMENT_3D('',#17877,#14509,#14510);
#11615=AXIS2_PLACEMENT_3D('',#17878,#14511,#14512);
#11616=AXIS2_PLACEMENT_3D('',#17884,#14516,#14517);
#11617=AXIS2_PLACEMENT_3D('',#17890,#14521,#14522);
#11618=AXIS2_PLACEMENT_3D('',#17892,#14524,#14525);
#11619=AXIS2_PLACEMENT_3D('',#17893,#14526,#14527);
#11620=AXIS2_PLACEMENT_3D('',#17894,#14528,#14529);
#11621=AXIS2_PLACEMENT_3D('',#17900,#14533,#14534);
#11622=AXIS2_PLACEMENT_3D('',#17906,#14538,#14539);
#11623=AXIS2_PLACEMENT_3D('',#17908,#14541,#14542);
#11624=AXIS2_PLACEMENT_3D('',#17909,#14543,#14544);
#11625=AXIS2_PLACEMENT_3D('',#17910,#14545,#14546);
#11626=AXIS2_PLACEMENT_3D('',#17916,#14550,#14551);
#11627=AXIS2_PLACEMENT_3D('',#17922,#14555,#14556);
#11628=AXIS2_PLACEMENT_3D('',#17924,#14558,#14559);
#11629=AXIS2_PLACEMENT_3D('',#17925,#14560,#14561);
#11630=AXIS2_PLACEMENT_3D('',#17926,#14562,#14563);
#11631=AXIS2_PLACEMENT_3D('',#17930,#14566,#14567);
#11632=AXIS2_PLACEMENT_3D('',#17936,#14571,#14572);
#11633=AXIS2_PLACEMENT_3D('',#17938,#14574,#14575);
#11634=AXIS2_PLACEMENT_3D('',#17939,#14576,#14577);
#11635=AXIS2_PLACEMENT_3D('',#17940,#14578,#14579);
#11636=AXIS2_PLACEMENT_3D('',#17941,#14580,#14581);
#11637=AXIS2_PLACEMENT_3D('',#17942,#14582,#14583);
#11638=AXIS2_PLACEMENT_3D('',#17943,#14584,#14585);
#11639=AXIS2_PLACEMENT_3D('',#17944,#14586,#14587);
#11640=AXIS2_PLACEMENT_3D('',#17945,#14588,#14589);
#11641=AXIS2_PLACEMENT_3D('',#17946,#14590,#14591);
#11642=AXIS2_PLACEMENT_3D('',#17947,#14592,#14593);
#11643=AXIS2_PLACEMENT_3D('',#17948,#14594,#14595);
#11644=AXIS2_PLACEMENT_3D('',#17949,#14596,#14597);
#11645=AXIS2_PLACEMENT_3D('',#17950,#14598,#14599);
#11646=AXIS2_PLACEMENT_3D('',#17951,#14600,#14601);
#11647=AXIS2_PLACEMENT_3D('',#17952,#14602,#14603);
#11648=AXIS2_PLACEMENT_3D('',#17953,#14604,#14605);
#11649=DIRECTION('axis',(0.,0.,1.));
#11650=DIRECTION('refdir',(1.,0.,0.));
#11651=DIRECTION('axis',(0.,0.,1.));
#11652=DIRECTION('refdir',(1.,0.,0.));
#11653=DIRECTION('center_axis',(0.,0.,1.));
#11654=DIRECTION('ref_axis',(1.,0.,0.));
#11655=DIRECTION('center_axis',(0.,0.,-1.));
#11656=DIRECTION('ref_axis',(1.,0.,0.));
#11657=DIRECTION('',(0.,0.,1.));
#11658=DIRECTION('center_axis',(0.,0.,1.));
#11659=DIRECTION('ref_axis',(1.,0.,0.));
#11660=DIRECTION('center_axis',(0.,0.,1.));
#11661=DIRECTION('ref_axis',(1.,0.,0.));
#11662=DIRECTION('',(-1.,0.,0.));
#11663=DIRECTION('center_axis',(0.,0.,1.));
#11664=DIRECTION('ref_axis',(1.,0.,0.));
#11665=DIRECTION('center_axis',(0.,0.,1.));
#11666=DIRECTION('ref_axis',(1.,0.,0.));
#11667=DIRECTION('center_axis',(0.,0.,1.));
#11668=DIRECTION('ref_axis',(1.,0.,0.));
#11669=DIRECTION('center_axis',(0.,0.,1.));
#11670=DIRECTION('ref_axis',(1.,0.,0.));
#11671=DIRECTION('',(0.,0.,1.));
#11672=DIRECTION('',(0.,0.,1.));
#11673=DIRECTION('center_axis',(0.,0.,-1.));
#11674=DIRECTION('ref_axis',(1.,0.,0.));
#11675=DIRECTION('',(0.,0.,-1.));
#11676=DIRECTION('center_axis',(0.,-1.,0.));
#11677=DIRECTION('ref_axis',(0.,0.,-1.));
#11678=DIRECTION('',(1.,0.,0.));
#11679=DIRECTION('',(0.,0.,-1.));
#11680=DIRECTION('',(-1.,0.,0.));
#11681=DIRECTION('',(0.,0.,-1.));
#11682=DIRECTION('',(1.,0.,0.));
#11683=DIRECTION('center_axis',(0.,0.,1.));
#11684=DIRECTION('ref_axis',(1.,0.,0.));
#11685=DIRECTION('',(1.,0.,0.));
#11686=DIRECTION('center_axis',(0.,0.,1.));
#11687=DIRECTION('ref_axis',(1.,0.,0.));
#11688=DIRECTION('center_axis',(0.,0.,1.));
#11689=DIRECTION('ref_axis',(1.,0.,0.));
#11690=DIRECTION('center_axis',(0.,0.,1.));
#11691=DIRECTION('ref_axis',(1.,0.,0.));
#11692=DIRECTION('center_axis',(0.,0.,1.));
#11693=DIRECTION('ref_axis',(1.,0.,0.));
#11694=DIRECTION('',(0.,0.,1.));
#11695=DIRECTION('',(0.,0.,1.));
#11696=DIRECTION('center_axis',(0.,0.,-1.));
#11697=DIRECTION('ref_axis',(1.,0.,0.));
#11698=DIRECTION('',(0.,0.,-1.));
#11699=DIRECTION('center_axis',(0.,1.,0.));
#11700=DIRECTION('ref_axis',(0.,0.,1.));
#11701=DIRECTION('',(-1.,0.,0.));
#11702=DIRECTION('',(0.,0.,-1.));
#11703=DIRECTION('',(1.,0.,0.));
#11704=DIRECTION('',(0.,0.,-1.));
#11705=DIRECTION('',(-1.,0.,0.));
#11706=DIRECTION('center_axis',(0.,0.,1.));
#11707=DIRECTION('ref_axis',(1.,0.,0.));
#11708=DIRECTION('center_axis',(0.,0.,1.));
#11709=DIRECTION('ref_axis',(1.,0.,0.));
#11710=DIRECTION('',(0.,0.,1.));
#11711=DIRECTION('center_axis',(0.,0.,1.));
#11712=DIRECTION('ref_axis',(1.,0.,0.));
#11713=DIRECTION('',(0.,0.,1.));
#11714=DIRECTION('center_axis',(0.,0.,-1.));
#11715=DIRECTION('ref_axis',(1.,0.,0.));
#11716=DIRECTION('',(0.,0.,-1.));
#11717=DIRECTION('center_axis',(0.,0.,1.));
#11718=DIRECTION('ref_axis',(1.,0.,0.));
#11719=DIRECTION('center_axis',(0.,0.,1.));
#11720=DIRECTION('ref_axis',(1.,0.,0.));
#11721=DIRECTION('center_axis',(0.,0.,1.));
#11722=DIRECTION('ref_axis',(1.,0.,0.));
#11723=DIRECTION('center_axis',(0.,0.,1.));
#11724=DIRECTION('ref_axis',(1.,0.,0.));
#11725=DIRECTION('center_axis',(0.,0.,1.));
#11726=DIRECTION('ref_axis',(1.,0.,0.));
#11727=DIRECTION('',(-1.,0.,0.));
#11728=DIRECTION('',(0.,-1.,0.));
#11729=DIRECTION('',(1.,0.,0.));
#11730=DIRECTION('center_axis',(0.,0.,1.));
#11731=DIRECTION('ref_axis',(1.,0.,0.));
#11732=DIRECTION('',(0.,-1.,0.));
#11733=DIRECTION('',(1.,0.,0.));
#11734=DIRECTION('',(0.,1.,0.));
#11735=DIRECTION('center_axis',(0.,0.,1.));
#11736=DIRECTION('ref_axis',(1.,0.,0.));
#11737=DIRECTION('',(1.,0.,0.));
#11738=DIRECTION('',(0.,1.,0.));
#11739=DIRECTION('',(-1.,0.,0.));
#11740=DIRECTION('center_axis',(0.,0.,1.));
#11741=DIRECTION('ref_axis',(1.,0.,0.));
#11742=DIRECTION('',(0.,1.,0.));
#11743=DIRECTION('',(-1.,0.,0.));
#11744=DIRECTION('',(0.,-1.,0.));
#11745=DIRECTION('',(0.,-1.,0.));
#11746=DIRECTION('',(0.,1.,0.));
#11747=DIRECTION('',(-1.,0.,0.));
#11748=DIRECTION('center_axis',(0.,0.,-1.));
#11749=DIRECTION('ref_axis',(1.,0.,0.));
#11750=DIRECTION('center_axis',(0.,0.,-1.));
#11751=DIRECTION('ref_axis',(1.,0.,0.));
#11752=DIRECTION('center_axis',(0.,0.,-1.));
#11753=DIRECTION('ref_axis',(1.,0.,0.));
#11754=DIRECTION('',(1.,0.,0.));
#11755=DIRECTION('center_axis',(0.,0.,-1.));
#11756=DIRECTION('ref_axis',(1.,0.,0.));
#11757=DIRECTION('',(0.,1.,0.));
#11758=DIRECTION('center_axis',(0.,0.,-1.));
#11759=DIRECTION('ref_axis',(1.,0.,0.));
#11760=DIRECTION('',(-1.83697019872103E-16,-1.,0.));
#11761=DIRECTION('',(-1.,1.83697019872103E-16,0.));
#11762=DIRECTION('',(1.83697019872103E-16,1.,0.));
#11763=DIRECTION('center_axis',(0.,0.,-1.));
#11764=DIRECTION('ref_axis',(1.,0.,0.));
#11765=DIRECTION('',(0.,-1.,0.));
#11766=DIRECTION('center_axis',(0.,0.,-1.));
#11767=DIRECTION('ref_axis',(1.,0.,0.));
#11768=DIRECTION('',(-1.,0.,0.));
#11769=DIRECTION('',(0.,1.,0.));
#11770=DIRECTION('',(1.,0.,0.));
#11771=DIRECTION('center_axis',(0.,0.,-1.));
#11772=DIRECTION('ref_axis',(1.,0.,0.));
#11773=DIRECTION('',(0.,-1.,0.));
#11774=DIRECTION('center_axis',(0.,0.,-1.));
#11775=DIRECTION('ref_axis',(1.,0.,0.));
#11776=DIRECTION('',(6.12323399573677E-17,1.,0.));
#11777=DIRECTION('',(1.,-6.12323399573677E-17,0.));
#11778=DIRECTION('',(-6.12323399573677E-17,-1.,0.));
#11779=DIRECTION('center_axis',(0.,0.,-1.));
#11780=DIRECTION('ref_axis',(1.,0.,0.));
#11781=DIRECTION('',(0.,1.,0.));
#11782=DIRECTION('center_axis',(0.,0.,-1.));
#11783=DIRECTION('ref_axis',(1.,0.,0.));
#11784=DIRECTION('',(-1.,0.,0.));
#11785=DIRECTION('center_axis',(0.,0.,-1.));
#11786=DIRECTION('ref_axis',(1.,0.,0.));
#11787=DIRECTION('center_axis',(0.,0.,-1.));
#11788=DIRECTION('ref_axis',(1.,0.,0.));
#11789=DIRECTION('',(1.,0.,0.));
#11790=DIRECTION('',(0.,1.,0.));
#11791=DIRECTION('center_axis',(0.,0.,-1.));
#11792=DIRECTION('ref_axis',(1.,0.,0.));
#11793=DIRECTION('center_axis',(0.,0.,-1.));
#11794=DIRECTION('ref_axis',(1.,0.,0.));
#11795=DIRECTION('center_axis',(0.,0.,-1.));
#11796=DIRECTION('ref_axis',(1.,0.,0.));
#11797=DIRECTION('center_axis',(0.,0.,-1.));
#11798=DIRECTION('ref_axis',(1.,0.,0.));
#11799=DIRECTION('center_axis',(0.,0.,1.));
#11800=DIRECTION('ref_axis',(1.,0.,0.));
#11801=DIRECTION('center_axis',(0.,0.,1.));
#11802=DIRECTION('ref_axis',(1.,0.,0.));
#11803=DIRECTION('center_axis',(0.,0.,1.));
#11804=DIRECTION('ref_axis',(1.,0.,0.));
#11805=DIRECTION('center_axis',(0.,0.,1.));
#11806=DIRECTION('ref_axis',(1.,0.,0.));
#11807=DIRECTION('center_axis',(0.,0.,1.));
#11808=DIRECTION('ref_axis',(1.,0.,0.));
#11809=DIRECTION('center_axis',(0.,0.,1.));
#11810=DIRECTION('ref_axis',(1.,0.,0.));
#11811=DIRECTION('',(0.,0.,1.));
#11812=DIRECTION('',(0.,0.,1.));
#11813=DIRECTION('',(0.,0.,-1.));
#11814=DIRECTION('center_axis',(0.,0.,1.));
#11815=DIRECTION('ref_axis',(1.,0.,0.));
#11816=DIRECTION('center_axis',(0.,0.,1.));
#11817=DIRECTION('ref_axis',(1.,0.,0.));
#11818=DIRECTION('',(0.,0.,-1.));
#11819=DIRECTION('center_axis',(0.,0.,1.));
#11820=DIRECTION('ref_axis',(1.,0.,0.));
#11821=DIRECTION('',(0.,0.,-1.));
#11822=DIRECTION('center_axis',(0.,0.,-1.));
#11823=DIRECTION('ref_axis',(1.,0.,0.));
#11824=DIRECTION('center_axis',(0.,0.,-1.));
#11825=DIRECTION('ref_axis',(1.,0.,0.));
#11826=DIRECTION('',(0.,0.,1.));
#11827=DIRECTION('center_axis',(0.,0.,1.));
#11828=DIRECTION('ref_axis',(1.,0.,0.));
#11829=DIRECTION('',(0.,0.,-1.));
#11830=DIRECTION('center_axis',(0.,0.,-1.));
#11831=DIRECTION('ref_axis',(1.,0.,0.));
#11832=DIRECTION('',(0.,0.,1.));
#11833=DIRECTION('center_axis',(0.,0.,1.));
#11834=DIRECTION('ref_axis',(1.,0.,0.));
#11835=DIRECTION('',(0.,0.,-1.));
#11836=DIRECTION('center_axis',(0.,0.,-1.));
#11837=DIRECTION('ref_axis',(1.,0.,0.));
#11838=DIRECTION('',(0.,0.,1.));
#11839=DIRECTION('center_axis',(0.,0.,1.));
#11840=DIRECTION('ref_axis',(1.,0.,0.));
#11841=DIRECTION('',(0.,0.,-1.));
#11842=DIRECTION('center_axis',(0.,0.,-1.));
#11843=DIRECTION('ref_axis',(1.,0.,0.));
#11844=DIRECTION('center_axis',(0.,0.,-1.));
#11845=DIRECTION('ref_axis',(1.,0.,0.));
#11846=DIRECTION('',(0.,0.,1.));
#11847=DIRECTION('center_axis',(0.,0.,1.));
#11848=DIRECTION('ref_axis',(1.,0.,0.));
#11849=DIRECTION('center_axis',(0.,0.,1.));
#11850=DIRECTION('ref_axis',(1.,0.,0.));
#11851=DIRECTION('center_axis',(0.,0.,1.));
#11852=DIRECTION('ref_axis',(1.,0.,0.));
#11853=DIRECTION('',(0.,0.,1.));
#11854=DIRECTION('center_axis',(0.,0.,1.));
#11855=DIRECTION('ref_axis',(1.,0.,0.));
#11856=DIRECTION('center_axis',(0.,0.,1.));
#11857=DIRECTION('ref_axis',(1.,0.,0.));
#11858=DIRECTION('center_axis',(0.,0.,1.));
#11859=DIRECTION('ref_axis',(1.,0.,0.));
#11860=DIRECTION('center_axis',(0.,0.,1.));
#11861=DIRECTION('ref_axis',(1.,0.,0.));
#11862=DIRECTION('',(0.,0.,1.));
#11863=DIRECTION('center_axis',(0.,0.,1.));
#11864=DIRECTION('ref_axis',(1.,0.,0.));
#11865=DIRECTION('center_axis',(0.,0.,1.));
#11866=DIRECTION('ref_axis',(1.,0.,0.));
#11867=DIRECTION('center_axis',(0.,0.,1.));
#11868=DIRECTION('ref_axis',(1.,0.,0.));
#11869=DIRECTION('center_axis',(0.,0.,1.));
#11870=DIRECTION('ref_axis',(1.,0.,0.));
#11871=DIRECTION('',(0.,0.,1.));
#11872=DIRECTION('center_axis',(0.,0.,1.));
#11873=DIRECTION('ref_axis',(1.,0.,0.));
#11874=DIRECTION('center_axis',(0.,0.,1.));
#11875=DIRECTION('ref_axis',(1.,0.,0.));
#11876=DIRECTION('center_axis',(0.,0.,1.));
#11877=DIRECTION('ref_axis',(1.,0.,0.));
#11878=DIRECTION('center_axis',(0.,0.,1.));
#11879=DIRECTION('ref_axis',(1.,0.,0.));
#11880=DIRECTION('',(0.,0.,1.));
#11881=DIRECTION('center_axis',(0.,0.,1.));
#11882=DIRECTION('ref_axis',(1.,0.,0.));
#11883=DIRECTION('center_axis',(0.,0.,1.));
#11884=DIRECTION('ref_axis',(1.,0.,0.));
#11885=DIRECTION('center_axis',(0.,0.,1.));
#11886=DIRECTION('ref_axis',(1.,0.,0.));
#11887=DIRECTION('center_axis',(0.,0.,-1.));
#11888=DIRECTION('ref_axis',(1.,0.,0.));
#11889=DIRECTION('',(0.,0.,1.));
#11890=DIRECTION('center_axis',(0.,0.,-1.));
#11891=DIRECTION('ref_axis',(1.,0.,0.));
#11892=DIRECTION('center_axis',(0.,0.,-1.));
#11893=DIRECTION('ref_axis',(-1.,0.,0.));
#11894=DIRECTION('center_axis',(0.,0.,1.));
#11895=DIRECTION('ref_axis',(1.,0.,0.));
#11896=DIRECTION('center_axis',(0.,0.,-1.));
#11897=DIRECTION('ref_axis',(1.,0.,0.));
#11898=DIRECTION('',(0.,0.,1.));
#11899=DIRECTION('center_axis',(0.,0.,-1.));
#11900=DIRECTION('ref_axis',(1.,0.,0.));
#11901=DIRECTION('center_axis',(0.,0.,-1.));
#11902=DIRECTION('ref_axis',(-1.,0.,0.));
#11903=DIRECTION('center_axis',(0.,0.,1.));
#11904=DIRECTION('ref_axis',(1.,0.,0.));
#11905=DIRECTION('',(0.,1.,0.));
#11906=DIRECTION('',(-1.,0.,0.));
#11907=DIRECTION('',(0.,-1.,0.));
#11908=DIRECTION('',(1.,0.,0.));
#11909=DIRECTION('center_axis',(1.,0.,0.));
#11910=DIRECTION('ref_axis',(0.,0.,-1.));
#11911=DIRECTION('',(0.,0.,-1.));
#11912=DIRECTION('',(0.,0.,-1.));
#11913=DIRECTION('center_axis',(-1.,0.,0.));
#11914=DIRECTION('ref_axis',(0.,0.,1.));
#11915=DIRECTION('',(0.,0.,-1.));
#11916=DIRECTION('',(0.,-1.,0.));
#11917=DIRECTION('',(0.,0.,-1.));
#11918=DIRECTION('center_axis',(0.,0.,1.));
#11919=DIRECTION('ref_axis',(1.,0.,0.));
#11920=DIRECTION('',(1.,0.,0.));
#11921=DIRECTION('',(-1.,1.22464679914735E-16,0.));
#11922=DIRECTION('',(1.22464679914735E-16,1.,0.));
#11923=DIRECTION('',(1.,-1.22464679914735E-16,0.));
#11924=DIRECTION('',(-1.,0.,0.));
#11925=DIRECTION('center_axis',(0.,0.,1.));
#11926=DIRECTION('ref_axis',(1.,0.,0.));
#11927=DIRECTION('center_axis',(0.,0.,-1.));
#11928=DIRECTION('ref_axis',(1.,0.,0.));
#11929=DIRECTION('',(0.,0.,1.));
#11930=DIRECTION('center_axis',(0.,0.,-1.));
#11931=DIRECTION('ref_axis',(1.,0.,0.));
#11932=DIRECTION('center_axis',(0.,0.,-1.));
#11933=DIRECTION('ref_axis',(-1.,0.,0.));
#11934=DIRECTION('center_axis',(0.,0.,1.));
#11935=DIRECTION('ref_axis',(1.,0.,0.));
#11936=DIRECTION('center_axis',(0.,0.,-1.));
#11937=DIRECTION('ref_axis',(1.,0.,0.));
#11938=DIRECTION('',(0.,0.,1.));
#11939=DIRECTION('center_axis',(0.,0.,-1.));
#11940=DIRECTION('ref_axis',(1.,0.,0.));
#11941=DIRECTION('center_axis',(0.,0.,-1.));
#11942=DIRECTION('ref_axis',(-1.,0.,0.));
#11943=DIRECTION('center_axis',(1.,0.,0.));
#11944=DIRECTION('ref_axis',(0.,0.,-1.));
#11945=DIRECTION('',(0.,0.,-1.));
#11946=DIRECTION('',(0.,1.,0.));
#11947=DIRECTION('',(0.,0.,1.));
#11948=DIRECTION('',(0.,-1.,0.));
#11949=DIRECTION('center_axis',(0.,0.,1.));
#11950=DIRECTION('ref_axis',(1.,0.,0.));
#11951=DIRECTION('',(0.,1.,0.));
#11952=DIRECTION('center_axis',(-1.,0.,0.));
#11953=DIRECTION('ref_axis',(0.,0.,1.));
#11954=DIRECTION('center_axis',(0.,-1.,0.));
#11955=DIRECTION('ref_axis',(0.,0.,-1.));
#11956=DIRECTION('',(-1.,0.,0.));
#11957=DIRECTION('center_axis',(0.,0.,1.));
#11958=DIRECTION('ref_axis',(-1.83697019872103E-16,-1.,0.));
#11959=DIRECTION('',(-1.83697019872103E-16,-1.,0.));
#11960=DIRECTION('',(1.,-1.83697019872103E-16,0.));
#11961=DIRECTION('',(1.83697019872103E-16,1.,0.));
#11962=DIRECTION('center_axis',(1.,-1.83697019872103E-16,0.));
#11963=DIRECTION('ref_axis',(0.,0.,1.));
#11964=DIRECTION('',(0.,0.,-1.));
#11965=DIRECTION('center_axis',(-1.,1.83697019872103E-16,0.));
#11966=DIRECTION('ref_axis',(0.,0.,-1.));
#11967=DIRECTION('',(0.,0.,-1.));
#11968=DIRECTION('center_axis',(1.83697019872103E-16,1.,0.));
#11969=DIRECTION('ref_axis',(0.,0.,1.));
#11970=DIRECTION('center_axis',(0.,0.,1.));
#11971=DIRECTION('ref_axis',(-1.,1.22464679914735E-16,0.));
#11972=DIRECTION('',(-1.,1.22464679914735E-16,0.));
#11973=DIRECTION('',(-1.22464679914735E-16,-1.,0.));
#11974=DIRECTION('',(1.,-1.22464679914735E-16,0.));
#11975=DIRECTION('center_axis',(1.22464679914735E-16,1.,0.));
#11976=DIRECTION('ref_axis',(0.,0.,-1.));
#11977=DIRECTION('',(0.,0.,-1.));
#11978=DIRECTION('center_axis',(-1.22464679914735E-16,-1.,0.));
#11979=DIRECTION('ref_axis',(0.,0.,1.));
#11980=DIRECTION('',(0.,0.,-1.));
#11981=DIRECTION('center_axis',(1.,-1.22464679914735E-16,0.));
#11982=DIRECTION('ref_axis',(0.,0.,1.));
#11983=DIRECTION('center_axis',(0.,0.,1.));
#11984=DIRECTION('ref_axis',(1.,0.,0.));
#11985=DIRECTION('center_axis',(0.,0.,1.));
#11986=DIRECTION('ref_axis',(1.,0.,0.));
#11987=DIRECTION('',(0.,0.,1.));
#11988=DIRECTION('center_axis',(0.,0.,1.));
#11989=DIRECTION('ref_axis',(1.,0.,0.));
#11990=DIRECTION('center_axis',(0.,0.,1.));
#11991=DIRECTION('ref_axis',(6.12323399573677E-17,1.,0.));
#11992=DIRECTION('',(6.12323399573677E-17,1.,0.));
#11993=DIRECTION('',(-1.,6.12323399573677E-17,0.));
#11994=DIRECTION('',(-6.12323399573677E-17,-1.,0.));
#11995=DIRECTION('center_axis',(1.,-6.12323399573677E-17,0.));
#11996=DIRECTION('ref_axis',(0.,0.,-1.));
#11997=DIRECTION('',(0.,0.,-1.));
#11998=DIRECTION('center_axis',(-1.,6.12323399573677E-17,0.));
#11999=DIRECTION('ref_axis',(0.,0.,1.));
#12000=DIRECTION('',(0.,0.,-1.));
#12001=DIRECTION('center_axis',(-6.12323399573677E-17,-1.,0.));
#12002=DIRECTION('ref_axis',(0.,0.,1.));
#12003=DIRECTION('center_axis',(0.,1.,0.));
#12004=DIRECTION('ref_axis',(0.,0.,1.));
#12005=DIRECTION('',(1.,0.,0.));
#12006=DIRECTION('center_axis',(0.,0.,1.));
#12007=DIRECTION('ref_axis',(1.,0.,0.));
#12008=DIRECTION('center_axis',(0.,0.,-1.));
#12009=DIRECTION('ref_axis',(-1.,0.,0.));
#12010=DIRECTION('',(0.,-1.,0.));
#12011=DIRECTION('',(-1.,0.,0.));
#12012=DIRECTION('center_axis',(0.,0.,-1.));
#12013=DIRECTION('ref_axis',(-1.,0.,0.));
#12014=DIRECTION('',(0.,-1.,0.));
#12015=DIRECTION('',(1.,0.,0.));
#12016=DIRECTION('center_axis',(0.,0.,-1.));
#12017=DIRECTION('ref_axis',(-1.,0.,0.));
#12018=DIRECTION('',(1.,0.,0.));
#12019=DIRECTION('',(0.,1.,0.));
#12020=DIRECTION('center_axis',(0.,0.,-1.));
#12021=DIRECTION('ref_axis',(-1.,0.,0.));
#12022=DIRECTION('',(-1.,0.,0.));
#12023=DIRECTION('',(0.,1.,0.));
#12024=DIRECTION('center_axis',(0.,0.,1.));
#12025=DIRECTION('ref_axis',(1.,0.,0.));
#12026=DIRECTION('center_axis',(0.,0.,-1.));
#12027=DIRECTION('ref_axis',(1.,0.,0.));
#12028=DIRECTION('',(0.,0.,1.));
#12029=DIRECTION('center_axis',(0.,0.,1.));
#12030=DIRECTION('ref_axis',(1.,0.,0.));
#12031=DIRECTION('center_axis',(0.,0.,-1.));
#12032=DIRECTION('ref_axis',(-1.,0.,0.));
#12033=DIRECTION('center_axis',(0.,0.,1.));
#12034=DIRECTION('ref_axis',(1.,0.,0.));
#12035=DIRECTION('center_axis',(0.,0.,-1.));
#12036=DIRECTION('ref_axis',(1.,0.,0.));
#12037=DIRECTION('center_axis',(0.,0.,1.));
#12038=DIRECTION('ref_axis',(1.,0.,0.));
#12039=DIRECTION('',(0.,0.,1.));
#12040=DIRECTION('center_axis',(0.,0.,-1.));
#12041=DIRECTION('ref_axis',(1.,0.,0.));
#12042=DIRECTION('center_axis',(0.,0.,1.));
#12043=DIRECTION('ref_axis',(1.,0.,0.));
#12044=DIRECTION('center_axis',(0.,0.,1.));
#12045=DIRECTION('ref_axis',(1.,0.,0.));
#12046=DIRECTION('center_axis',(0.,0.,1.));
#12047=DIRECTION('ref_axis',(1.,0.,0.));
#12048=DIRECTION('',(0.,0.,1.));
#12049=DIRECTION('center_axis',(0.,0.,1.));
#12050=DIRECTION('ref_axis',(1.,0.,0.));
#12051=DIRECTION('center_axis',(0.,0.,1.));
#12052=DIRECTION('ref_axis',(1.,0.,0.));
#12053=DIRECTION('',(0.,0.,1.));
#12054=DIRECTION('center_axis',(0.,0.,1.));
#12055=DIRECTION('ref_axis',(1.,0.,0.));
#12056=DIRECTION('center_axis',(0.,0.,1.));
#12057=DIRECTION('ref_axis',(1.,0.,0.));
#12058=DIRECTION('',(0.,0.,1.));
#12059=DIRECTION('center_axis',(0.,0.,1.));
#12060=DIRECTION('ref_axis',(1.,0.,0.));
#12061=DIRECTION('center_axis',(0.,0.,1.));
#12062=DIRECTION('ref_axis',(1.,0.,0.));
#12063=DIRECTION('',(0.,0.,1.));
#12064=DIRECTION('center_axis',(1.,0.,0.));
#12065=DIRECTION('ref_axis',(0.,0.,-1.));
#12066=DIRECTION('',(0.,0.,1.));
#12067=DIRECTION('',(0.,1.,0.));
#12068=DIRECTION('',(0.,0.,-1.));
#12069=DIRECTION('center_axis',(1.,0.,0.));
#12070=DIRECTION('ref_axis',(0.,0.,-1.));
#12071=DIRECTION('',(0.,0.,1.));
#12072=DIRECTION('',(0.,1.,0.));
#12073=DIRECTION('',(0.,0.,-1.));
#12074=DIRECTION('center_axis',(1.,0.,0.));
#12075=DIRECTION('ref_axis',(0.,0.,-1.));
#12076=DIRECTION('',(0.,0.,-1.));
#12077=DIRECTION('',(0.,0.,-1.));
#12078=DIRECTION('',(0.,1.,0.));
#12079=DIRECTION('center_axis',(-1.,0.,0.));
#12080=DIRECTION('ref_axis',(0.,0.,1.));
#12081=DIRECTION('',(0.,0.,-1.));
#12082=DIRECTION('',(0.,0.,-1.));
#12083=DIRECTION('',(0.,-1.,0.));
#12084=DIRECTION('center_axis',(-1.,0.,0.));
#12085=DIRECTION('ref_axis',(0.,0.,1.));
#12086=DIRECTION('',(0.,0.,1.));
#12087=DIRECTION('',(0.,-1.,0.));
#12088=DIRECTION('',(0.,0.,-1.));
#12089=DIRECTION('center_axis',(-1.,0.,0.));
#12090=DIRECTION('ref_axis',(0.,0.,1.));
#12091=DIRECTION('',(0.,0.,-1.));
#12092=DIRECTION('',(0.,0.,1.));
#12093=DIRECTION('',(0.,-1.,0.));
#12094=DIRECTION('center_axis',(-1.,0.,0.));
#12095=DIRECTION('ref_axis',(0.,0.,1.));
#12096=DIRECTION('',(0.,0.,1.));
#12097=DIRECTION('',(0.,-1.,0.));
#12098=DIRECTION('',(0.,0.,-1.));
#12099=DIRECTION('center_axis',(0.,1.,0.));
#12100=DIRECTION('ref_axis',(0.,0.,1.));
#12101=DIRECTION('',(-1.,0.,0.));
#12102=DIRECTION('center_axis',(1.,0.,0.));
#12103=DIRECTION('ref_axis',(0.,0.,-1.));
#12104=DIRECTION('',(0.,0.,-1.));
#12105=DIRECTION('',(0.,0.,1.));
#12106=DIRECTION('',(0.,1.,0.));
#12107=DIRECTION('center_axis',(0.,-1.,0.));
#12108=DIRECTION('ref_axis',(0.,0.,-1.));
#12109=DIRECTION('',(1.,0.,0.));
#12110=DIRECTION('center_axis',(0.,-1.,0.));
#12111=DIRECTION('ref_axis',(0.,0.,-1.));
#12112=DIRECTION('',(1.,0.,0.));
#12113=DIRECTION('',(0.,0.,-1.));
#12114=DIRECTION('center_axis',(0.,1.,0.));
#12115=DIRECTION('ref_axis',(0.,0.,1.));
#12116=DIRECTION('',(0.,0.,1.));
#12117=DIRECTION('',(-1.,0.,0.));
#12118=DIRECTION('center_axis',(0.,1.,0.));
#12119=DIRECTION('ref_axis',(0.,0.,1.));
#12120=DIRECTION('',(-1.,0.,0.));
#12121=DIRECTION('',(0.,0.,-1.));
#12122=DIRECTION('center_axis',(0.,0.,1.));
#12123=DIRECTION('ref_axis',(1.,0.,0.));
#12124=DIRECTION('center_axis',(0.,0.,1.));
#12125=DIRECTION('ref_axis',(1.,0.,0.));
#12126=DIRECTION('center_axis',(0.,0.,1.));
#12127=DIRECTION('ref_axis',(1.,0.,0.));
#12128=DIRECTION('center_axis',(0.,0.,1.));
#12129=DIRECTION('ref_axis',(1.,0.,0.));
#12130=DIRECTION('',(0.,0.,1.));
#12131=DIRECTION('center_axis',(0.,0.,1.));
#12132=DIRECTION('ref_axis',(1.,0.,0.));
#12133=DIRECTION('center_axis',(0.,0.,-1.));
#12134=DIRECTION('ref_axis',(1.,0.,0.));
#12135=DIRECTION('',(0.,0.,1.));
#12136=DIRECTION('center_axis',(0.,0.,1.));
#12137=DIRECTION('ref_axis',(1.,0.,0.));
#12138=DIRECTION('center_axis',(0.,0.,1.));
#12139=DIRECTION('ref_axis',(1.,0.,0.));
#12140=DIRECTION('center_axis',(0.,0.,1.));
#12141=DIRECTION('ref_axis',(1.,0.,0.));
#12142=DIRECTION('center_axis',(0.,0.,1.));
#12143=DIRECTION('ref_axis',(1.,0.,0.));
#12144=DIRECTION('center_axis',(0.,0.,1.));
#12145=DIRECTION('ref_axis',(1.,0.,0.));
#12146=DIRECTION('center_axis',(0.,0.,-1.));
#12147=DIRECTION('ref_axis',(1.,0.,0.));
#12148=DIRECTION('',(0.,0.,1.));
#12149=DIRECTION('center_axis',(0.,0.,-1.));
#12150=DIRECTION('ref_axis',(-1.,0.,0.));
#12151=DIRECTION('center_axis',(0.,0.,-1.));
#12152=DIRECTION('ref_axis',(1.,0.,0.));
#12153=DIRECTION('',(1.,0.,0.));
#12154=DIRECTION('',(0.,-1.,0.));
#12155=DIRECTION('',(-1.,0.,0.));
#12156=DIRECTION('center_axis',(0.,0.,-1.));
#12157=DIRECTION('ref_axis',(1.,0.,0.));
#12158=DIRECTION('',(-1.,0.,0.));
#12159=DIRECTION('',(0.,1.,0.));
#12160=DIRECTION('',(1.,0.,0.));
#12161=DIRECTION('',(1.,0.,0.));
#12162=DIRECTION('center_axis',(0.,-1.,0.));
#12163=DIRECTION('ref_axis',(0.,0.,-1.));
#12164=DIRECTION('',(0.,0.,-1.));
#12165=DIRECTION('center_axis',(0.,-1.,0.));
#12166=DIRECTION('ref_axis',(0.,0.,-1.));
#12167=DIRECTION('',(0.,0.,-1.));
#12168=DIRECTION('',(0.,0.,-1.));
#12169=DIRECTION('center_axis',(0.,-1.,0.));
#12170=DIRECTION('ref_axis',(0.,0.,-1.));
#12171=DIRECTION('center_axis',(0.,1.,0.));
#12172=DIRECTION('ref_axis',(0.,0.,1.));
#12173=DIRECTION('',(0.,0.,-1.));
#12174=DIRECTION('center_axis',(0.,1.,0.));
#12175=DIRECTION('ref_axis',(0.,0.,1.));
#12176=DIRECTION('',(0.,0.,-1.));
#12177=DIRECTION('',(0.,0.,-1.));
#12178=DIRECTION('center_axis',(1.,0.,0.));
#12179=DIRECTION('ref_axis',(0.,0.,-1.));
#12180=DIRECTION('center_axis',(-1.,0.,0.));
#12181=DIRECTION('ref_axis',(0.,0.,1.));
#12182=DIRECTION('center_axis',(0.,0.,1.));
#12183=DIRECTION('ref_axis',(1.,0.,0.));
#12184=DIRECTION('center_axis',(0.,0.,1.));
#12185=DIRECTION('ref_axis',(1.,0.,0.));
#12186=DIRECTION('center_axis',(0.,0.,-1.));
#12187=DIRECTION('ref_axis',(-1.,0.,0.));
#12188=DIRECTION('center_axis',(0.,0.,-1.));
#12189=DIRECTION('ref_axis',(1.,0.,0.));
#12190=DIRECTION('center_axis',(0.,0.,1.));
#12191=DIRECTION('ref_axis',(1.,0.,0.));
#12192=DIRECTION('',(0.,0.,1.));
#12193=DIRECTION('center_axis',(0.,0.,1.));
#12194=DIRECTION('ref_axis',(1.,0.,0.));
#12195=DIRECTION('center_axis',(0.,0.,1.));
#12196=DIRECTION('ref_axis',(1.,0.,0.));
#12197=DIRECTION('axis',(0.,0.,1.));
#12198=DIRECTION('refdir',(1.,0.,0.));
#12199=DIRECTION('center_axis',(0.,0.,1.));
#12200=DIRECTION('ref_axis',(1.,0.,0.));
#12201=DIRECTION('center_axis',(0.,0.,1.));
#12202=DIRECTION('ref_axis',(1.,0.,0.));
#12203=DIRECTION('center_axis',(0.,0.,1.));
#12204=DIRECTION('ref_axis',(1.,0.,0.));
#12205=DIRECTION('',(0.,-1.,0.));
#12206=DIRECTION('',(1.,0.,0.));
#12207=DIRECTION('',(0.,1.,0.));
#12208=DIRECTION('',(-1.,0.,0.));
#12209=DIRECTION('center_axis',(0.,0.,1.));
#12210=DIRECTION('ref_axis',(1.,0.,0.));
#12211=DIRECTION('',(0.,-1.,0.));
#12212=DIRECTION('',(-1.,0.,0.));
#12213=DIRECTION('',(0.,1.,0.));
#12214=DIRECTION('',(1.,0.,0.));
#12215=DIRECTION('center_axis',(0.,1.,0.));
#12216=DIRECTION('ref_axis',(0.,0.,1.));
#12217=DIRECTION('',(0.,0.,-1.));
#12218=DIRECTION('',(0.,0.,-1.));
#12219=DIRECTION('',(1.,0.,0.));
#12220=DIRECTION('center_axis',(1.,0.,0.));
#12221=DIRECTION('ref_axis',(0.,0.,-1.));
#12222=DIRECTION('',(0.,0.,-1.));
#12223=DIRECTION('',(0.,-1.,0.));
#12224=DIRECTION('center_axis',(0.,-1.,0.));
#12225=DIRECTION('ref_axis',(0.,0.,-1.));
#12226=DIRECTION('',(0.,0.,-1.));
#12227=DIRECTION('',(-1.,0.,0.));
#12228=DIRECTION('center_axis',(-1.,0.,0.));
#12229=DIRECTION('ref_axis',(0.,0.,1.));
#12230=DIRECTION('center_axis',(0.,0.,-1.));
#12231=DIRECTION('ref_axis',(-1.,0.,0.));
#12232=DIRECTION('',(0.,-1.,0.));
#12233=DIRECTION('',(-1.,0.,0.));
#12234=DIRECTION('center_axis',(0.,0.,-1.));
#12235=DIRECTION('ref_axis',(1.,0.,0.));
#12236=DIRECTION('',(-1.83697019872103E-16,-1.,0.));
#12237=DIRECTION('',(-1.,1.83697019872103E-16,0.));
#12238=DIRECTION('',(1.83697019872103E-16,1.,0.));
#12239=DIRECTION('center_axis',(0.,0.,-1.));
#12240=DIRECTION('ref_axis',(1.,0.,0.));
#12241=DIRECTION('',(-1.,1.22464679914735E-16,0.));
#12242=DIRECTION('',(1.22464679914735E-16,1.,0.));
#12243=DIRECTION('',(1.,-1.22464679914735E-16,0.));
#12244=DIRECTION('center_axis',(0.,0.,-1.));
#12245=DIRECTION('ref_axis',(1.,0.,0.));
#12246=DIRECTION('',(6.12323399573677E-17,1.,0.));
#12247=DIRECTION('',(1.,-6.12323399573677E-17,0.));
#12248=DIRECTION('',(-6.12323399573677E-17,-1.,0.));
#12249=DIRECTION('center_axis',(0.,0.,-1.));
#12250=DIRECTION('ref_axis',(1.,0.,0.));
#12251=DIRECTION('',(1.,0.,0.));
#12252=DIRECTION('',(0.,-1.,0.));
#12253=DIRECTION('center_axis',(0.,0.,1.));
#12254=DIRECTION('ref_axis',(1.,0.,0.));
#12255=DIRECTION('center_axis',(0.,0.,1.));
#12256=DIRECTION('ref_axis',(1.,0.,0.));
#12257=DIRECTION('center_axis',(0.,0.,1.));
#12258=DIRECTION('ref_axis',(1.,0.,0.));
#12259=DIRECTION('center_axis',(0.,0.,1.));
#12260=DIRECTION('ref_axis',(1.,0.,0.));
#12261=DIRECTION('center_axis',(0.,0.,1.));
#12262=DIRECTION('ref_axis',(1.,0.,0.));
#12263=DIRECTION('center_axis',(0.,0.,1.));
#12264=DIRECTION('ref_axis',(1.,0.,0.));
#12265=DIRECTION('center_axis',(0.,0.,1.));
#12266=DIRECTION('ref_axis',(1.,0.,0.));
#12267=DIRECTION('center_axis',(0.,0.,1.));
#12268=DIRECTION('ref_axis',(1.,0.,0.));
#12269=DIRECTION('center_axis',(0.,0.,1.));
#12270=DIRECTION('ref_axis',(1.,0.,0.));
#12271=DIRECTION('center_axis',(0.,0.,1.));
#12272=DIRECTION('ref_axis',(1.,0.,0.));
#12273=DIRECTION('center_axis',(0.,0.,1.));
#12274=DIRECTION('ref_axis',(1.,0.,0.));
#12275=DIRECTION('center_axis',(0.,0.,1.));
#12276=DIRECTION('ref_axis',(1.,0.,0.));
#12277=DIRECTION('center_axis',(0.,0.,1.));
#12278=DIRECTION('ref_axis',(1.,0.,0.));
#12279=DIRECTION('',(0.,0.,1.));
#12280=DIRECTION('center_axis',(0.,0.,-1.));
#12281=DIRECTION('ref_axis',(1.,0.,0.));
#12282=DIRECTION('center_axis',(0.,0.,1.));
#12283=DIRECTION('ref_axis',(1.,0.,0.));
#12284=DIRECTION('',(0.,0.,1.));
#12285=DIRECTION('center_axis',(0.,0.,-1.));
#12286=DIRECTION('ref_axis',(1.,0.,0.));
#12287=DIRECTION('center_axis',(0.,0.,1.));
#12288=DIRECTION('ref_axis',(1.,0.,0.));
#12289=DIRECTION('',(0.,0.,1.));
#12290=DIRECTION('center_axis',(0.,0.,-1.));
#12291=DIRECTION('ref_axis',(1.,0.,0.));
#12292=DIRECTION('center_axis',(0.,0.,1.));
#12293=DIRECTION('ref_axis',(1.,0.,0.));
#12294=DIRECTION('',(0.,0.,1.));
#12295=DIRECTION('center_axis',(0.,0.,-1.));
#12296=DIRECTION('ref_axis',(1.,0.,0.));
#12297=DIRECTION('center_axis',(0.,0.,1.));
#12298=DIRECTION('ref_axis',(1.,0.,0.));
#12299=DIRECTION('',(0.,0.,1.));
#12300=DIRECTION('center_axis',(0.,0.,-1.));
#12301=DIRECTION('ref_axis',(1.,0.,0.));
#12302=DIRECTION('center_axis',(0.,0.,1.));
#12303=DIRECTION('ref_axis',(1.,0.,0.));
#12304=DIRECTION('',(0.,0.,1.));
#12305=DIRECTION('center_axis',(0.,0.,-1.));
#12306=DIRECTION('ref_axis',(1.,0.,0.));
#12307=DIRECTION('center_axis',(1.,-1.83697019872103E-16,0.));
#12308=DIRECTION('ref_axis',(0.,0.,1.));
#12309=DIRECTION('',(0.,0.,1.));
#12310=DIRECTION('',(0.,0.,-1.));
#12311=DIRECTION('',(-1.83697019872103E-16,-1.,0.));
#12312=DIRECTION('center_axis',(-1.,1.83697019872103E-16,0.));
#12313=DIRECTION('ref_axis',(0.,0.,-1.));
#12314=DIRECTION('',(0.,0.,-1.));
#12315=DIRECTION('',(1.83697019872103E-16,1.,0.));
#12316=DIRECTION('',(0.,0.,-1.));
#12317=DIRECTION('center_axis',(1.83697019872103E-16,1.,0.));
#12318=DIRECTION('ref_axis',(0.,0.,1.));
#12319=DIRECTION('',(1.,-1.83697019872103E-16,0.));
#12320=DIRECTION('center_axis',(0.,0.,1.));
#12321=DIRECTION('ref_axis',(1.,0.,0.));
#12322=DIRECTION('center_axis',(0.,0.,1.));
#12323=DIRECTION('ref_axis',(1.,0.,0.));
#12324=DIRECTION('',(1.,0.,0.));
#12325=DIRECTION('',(0.,1.,0.));
#12326=DIRECTION('',(-1.,0.,0.));
#12327=DIRECTION('center_axis',(0.,0.,1.));
#12328=DIRECTION('ref_axis',(1.,0.,0.));
#12329=DIRECTION('',(6.12323399573677E-17,1.,0.));
#12330=DIRECTION('',(-1.,6.12323399573677E-17,0.));
#12331=DIRECTION('',(-6.12323399573677E-17,-1.,0.));
#12332=DIRECTION('center_axis',(0.,0.,1.));
#12333=DIRECTION('ref_axis',(1.,0.,0.));
#12334=DIRECTION('',(-1.,1.22464679914735E-16,0.));
#12335=DIRECTION('',(-1.22464679914735E-16,-1.,0.));
#12336=DIRECTION('',(1.,-1.22464679914735E-16,0.));
#12337=DIRECTION('center_axis',(0.,0.,1.));
#12338=DIRECTION('ref_axis',(1.,0.,0.));
#12339=DIRECTION('center_axis',(0.,0.,-1.));
#12340=DIRECTION('ref_axis',(1.,0.,0.));
#12341=DIRECTION('center_axis',(0.,0.,-1.));
#12342=DIRECTION('ref_axis',(1.,0.,0.));
#12343=DIRECTION('center_axis',(0.,0.,-1.));
#12344=DIRECTION('ref_axis',(1.,0.,0.));
#12345=DIRECTION('center_axis',(0.,0.,-1.));
#12346=DIRECTION('ref_axis',(1.,0.,0.));
#12347=DIRECTION('center_axis',(0.,0.,-1.));
#12348=DIRECTION('ref_axis',(1.,0.,0.));
#12349=DIRECTION('center_axis',(0.,0.,-1.));
#12350=DIRECTION('ref_axis',(1.,0.,0.));
#12351=DIRECTION('center_axis',(0.,0.,-1.));
#12352=DIRECTION('ref_axis',(1.,0.,0.));
#12353=DIRECTION('center_axis',(0.,0.,1.));
#12354=DIRECTION('ref_axis',(1.,0.,0.));
#12355=DIRECTION('',(0.,0.,1.));
#12356=DIRECTION('center_axis',(0.,0.,1.));
#12357=DIRECTION('ref_axis',(1.,0.,0.));
#12358=DIRECTION('',(0.,0.,1.));
#12359=DIRECTION('center_axis',(0.,0.,1.));
#12360=DIRECTION('ref_axis',(1.,0.,0.));
#12361=DIRECTION('',(0.,0.,1.));
#12362=DIRECTION('center_axis',(-1.22464679914735E-16,-1.,0.));
#12363=DIRECTION('ref_axis',(0.,0.,1.));
#12364=DIRECTION('',(0.,0.,1.));
#12365=DIRECTION('',(0.,0.,-1.));
#12366=DIRECTION('center_axis',(1.22464679914735E-16,1.,0.));
#12367=DIRECTION('ref_axis',(0.,0.,-1.));
#12368=DIRECTION('',(0.,0.,-1.));
#12369=DIRECTION('',(0.,0.,-1.));
#12370=DIRECTION('center_axis',(1.,-1.22464679914735E-16,0.));
#12371=DIRECTION('ref_axis',(0.,0.,1.));
#12372=DIRECTION('center_axis',(0.,0.,1.));
#12373=DIRECTION('ref_axis',(1.,0.,0.));
#12374=DIRECTION('center_axis',(0.,0.,1.));
#12375=DIRECTION('ref_axis',(1.,0.,0.));
#12376=DIRECTION('',(0.,0.,1.));
#12377=DIRECTION('center_axis',(0.,0.,1.));
#12378=DIRECTION('ref_axis',(1.,0.,0.));
#12379=DIRECTION('',(0.,0.,1.));
#12380=DIRECTION('center_axis',(-1.,6.12323399573677E-17,0.));
#12381=DIRECTION('ref_axis',(0.,0.,1.));
#12382=DIRECTION('',(0.,0.,1.));
#12383=DIRECTION('',(0.,0.,-1.));
#12384=DIRECTION('center_axis',(1.,-6.12323399573677E-17,0.));
#12385=DIRECTION('ref_axis',(0.,0.,-1.));
#12386=DIRECTION('',(0.,0.,-1.));
#12387=DIRECTION('',(0.,0.,-1.));
#12388=DIRECTION('center_axis',(-6.12323399573677E-17,-1.,0.));
#12389=DIRECTION('ref_axis',(0.,0.,1.));
#12390=DIRECTION('center_axis',(0.,0.,1.));
#12391=DIRECTION('ref_axis',(1.,0.,0.));
#12392=DIRECTION('center_axis',(0.,0.,1.));
#12393=DIRECTION('ref_axis',(1.,0.,0.));
#12394=DIRECTION('',(0.,0.,1.));
#12395=DIRECTION('center_axis',(0.,0.,1.));
#12396=DIRECTION('ref_axis',(1.,0.,0.));
#12397=DIRECTION('',(0.,0.,1.));
#12398=DIRECTION('center_axis',(0.,1.,0.));
#12399=DIRECTION('ref_axis',(0.,0.,1.));
#12400=DIRECTION('',(0.,0.,-1.));
#12401=DIRECTION('center_axis',(0.,-1.,0.));
#12402=DIRECTION('ref_axis',(0.,0.,-1.));
#12403=DIRECTION('',(0.,0.,-1.));
#12404=DIRECTION('',(0.,0.,-1.));
#12405=DIRECTION('center_axis',(-1.,0.,0.));
#12406=DIRECTION('ref_axis',(0.,0.,1.));
#12407=DIRECTION('center_axis',(0.,0.,1.));
#12408=DIRECTION('ref_axis',(1.,0.,0.));
#12409=DIRECTION('',(0.,0.,1.));
#12410=DIRECTION('center_axis',(0.,0.,1.));
#12411=DIRECTION('ref_axis',(1.,0.,0.));
#12412=DIRECTION('axis',(0.,0.,1.));
#12413=DIRECTION('refdir',(1.,0.,0.));
#12414=DIRECTION('center_axis',(0.,1.,0.));
#12415=DIRECTION('ref_axis',(1.,0.,0.));
#12416=DIRECTION('center_axis',(0.,1.,0.));
#12417=DIRECTION('ref_axis',(1.,0.,0.));
#12418=DIRECTION('',(0.,1.,0.));
#12419=DIRECTION('center_axis',(0.,-1.,0.));
#12420=DIRECTION('ref_axis',(1.,0.,0.));
#12421=DIRECTION('center_axis',(1.,0.,0.));
#12422=DIRECTION('ref_axis',(0.,0.,-1.));
#12423=DIRECTION('',(0.,1.,0.));
#12424=DIRECTION('',(0.,0.,-1.));
#12425=DIRECTION('',(0.,-1.,0.));
#12426=DIRECTION('',(0.,0.,-1.));
#12427=DIRECTION('center_axis',(0.,0.,1.));
#12428=DIRECTION('ref_axis',(1.,0.,0.));
#12429=DIRECTION('',(0.,1.,0.));
#12430=DIRECTION('',(-1.,0.,0.));
#12431=DIRECTION('',(1.,0.,0.));
#12432=DIRECTION('center_axis',(0.,0.,1.));
#12433=DIRECTION('ref_axis',(1.,0.,0.));
#12434=DIRECTION('',(-1.,0.,0.));
#12435=DIRECTION('',(0.,1.,0.));
#12436=DIRECTION('',(1.,0.,0.));
#12437=DIRECTION('',(0.,-1.,0.));
#12438=DIRECTION('center_axis',(0.,1.,0.));
#12439=DIRECTION('ref_axis',(0.,0.,1.));
#12440=DIRECTION('',(1.,0.,0.));
#12441=DIRECTION('',(0.,0.,-1.));
#12442=DIRECTION('',(0.,0.,-1.));
#12443=DIRECTION('center_axis',(0.,0.,1.));
#12444=DIRECTION('ref_axis',(1.,0.,0.));
#12445=DIRECTION('',(-1.,0.,0.));
#12446=DIRECTION('',(0.,-1.,0.));
#12447=DIRECTION('center_axis',(1.,0.,0.));
#12448=DIRECTION('ref_axis',(0.,0.,-1.));
#12449=DIRECTION('',(0.,0.,-1.));
#12450=DIRECTION('center_axis',(0.,-1.,0.));
#12451=DIRECTION('ref_axis',(0.,0.,-1.));
#12452=DIRECTION('',(0.,0.,-1.));
#12453=DIRECTION('center_axis',(-1.,0.,0.));
#12454=DIRECTION('ref_axis',(0.,0.,1.));
#12455=DIRECTION('center_axis',(-1.,0.,0.));
#12456=DIRECTION('ref_axis',(0.,0.,1.));
#12457=DIRECTION('',(0.,0.,-1.));
#12458=DIRECTION('',(0.,-1.,0.));
#12459=DIRECTION('',(0.,0.,-1.));
#12460=DIRECTION('',(0.,1.,0.));
#12461=DIRECTION('center_axis',(0.,-1.,0.));
#12462=DIRECTION('ref_axis',(0.,0.,-1.));
#12463=DIRECTION('',(1.,0.,0.));
#12464=DIRECTION('',(0.,0.,-1.));
#12465=DIRECTION('',(-1.,0.,0.));
#12466=DIRECTION('',(0.,0.,-1.));
#12467=DIRECTION('',(-1.,0.,0.));
#12468=DIRECTION('center_axis',(0.,-1.,0.));
#12469=DIRECTION('ref_axis',(1.,0.,0.));
#12470=DIRECTION('center_axis',(1.,0.,0.));
#12471=DIRECTION('ref_axis',(0.,0.,-1.));
#12472=DIRECTION('',(0.,1.,0.));
#12473=DIRECTION('',(0.,0.,-1.));
#12474=DIRECTION('',(0.,-1.,0.));
#12475=DIRECTION('center_axis',(0.,0.,1.));
#12476=DIRECTION('ref_axis',(1.,0.,0.));
#12477=DIRECTION('',(0.,1.,0.));
#12478=DIRECTION('',(1.,0.,0.));
#12479=DIRECTION('center_axis',(0.,1.,0.));
#12480=DIRECTION('ref_axis',(0.,0.,1.));
#12481=DIRECTION('',(-1.,0.,0.));
#12482=DIRECTION('',(1.,0.,0.));
#12483=DIRECTION('',(0.,0.,-1.));
#12484=DIRECTION('center_axis',(0.,1.,0.));
#12485=DIRECTION('ref_axis',(1.,0.,0.));
#12486=DIRECTION('center_axis',(0.,0.,1.));
#12487=DIRECTION('ref_axis',(1.,0.,0.));
#12488=DIRECTION('center_axis',(0.,0.,1.));
#12489=DIRECTION('ref_axis',(1.,0.,0.));
#12490=DIRECTION('',(0.,-1.,0.));
#12491=DIRECTION('center_axis',(1.,0.,0.));
#12492=DIRECTION('ref_axis',(0.,0.,-1.));
#12493=DIRECTION('center_axis',(0.,1.,0.));
#12494=DIRECTION('ref_axis',(1.,0.,0.));
#12495=DIRECTION('',(0.,1.,0.));
#12496=DIRECTION('center_axis',(0.,0.,1.));
#12497=DIRECTION('ref_axis',(1.,0.,0.));
#12498=DIRECTION('center_axis',(0.,0.,1.));
#12499=DIRECTION('ref_axis',(1.,0.,0.));
#12500=DIRECTION('',(0.,0.,1.));
#12501=DIRECTION('center_axis',(0.,0.,-1.));
#12502=DIRECTION('ref_axis',(1.,0.,0.));
#12503=DIRECTION('center_axis',(0.,0.,1.));
#12504=DIRECTION('ref_axis',(1.,0.,0.));
#12505=DIRECTION('center_axis',(0.,0.,1.));
#12506=DIRECTION('ref_axis',(1.,0.,0.));
#12507=DIRECTION('',(0.,0.,1.));
#12508=DIRECTION('center_axis',(0.,0.,-1.));
#12509=DIRECTION('ref_axis',(1.,0.,0.));
#12510=DIRECTION('center_axis',(0.,0.,1.));
#12511=DIRECTION('ref_axis',(1.,0.,0.));
#12512=DIRECTION('',(0.,1.,0.));
#12513=DIRECTION('',(-1.,0.,0.));
#12514=DIRECTION('',(0.,-1.,0.));
#12515=DIRECTION('',(1.,0.,0.));
#12516=DIRECTION('center_axis',(0.,0.,1.));
#12517=DIRECTION('ref_axis',(1.,0.,0.));
#12518=DIRECTION('',(0.,-1.,0.));
#12519=DIRECTION('',(-1.,0.,0.));
#12520=DIRECTION('',(0.,1.,0.));
#12521=DIRECTION('',(1.,0.,0.));
#12522=DIRECTION('center_axis',(0.,1.,0.));
#12523=DIRECTION('ref_axis',(0.,0.,1.));
#12524=DIRECTION('',(0.,0.,-1.));
#12525=DIRECTION('',(0.,0.,-1.));
#12526=DIRECTION('center_axis',(1.,0.,0.));
#12527=DIRECTION('ref_axis',(0.,0.,-1.));
#12528=DIRECTION('',(0.,0.,-1.));
#12529=DIRECTION('center_axis',(0.,-1.,0.));
#12530=DIRECTION('ref_axis',(0.,0.,-1.));
#12531=DIRECTION('',(0.,0.,-1.));
#12532=DIRECTION('center_axis',(-1.,0.,0.));
#12533=DIRECTION('ref_axis',(0.,0.,1.));
#12534=DIRECTION('axis',(0.,0.,1.));
#12535=DIRECTION('refdir',(1.,0.,0.));
#12536=DIRECTION('center_axis',(-1.,0.,0.));
#12537=DIRECTION('ref_axis',(0.,0.,1.));
#12538=DIRECTION('',(0.,0.,1.));
#12539=DIRECTION('',(0.,1.,0.));
#12540=DIRECTION('',(0.,0.,-1.));
#12541=DIRECTION('',(0.,1.,0.));
#12542=DIRECTION('',(0.,0.,-1.));
#12543=DIRECTION('',(0.,-1.,0.));
#12544=DIRECTION('',(0.,0.,-1.));
#12545=DIRECTION('',(0.,1.,0.));
#12546=DIRECTION('center_axis',(0.,0.,1.));
#12547=DIRECTION('ref_axis',(1.,0.,0.));
#12548=DIRECTION('',(1.,0.,0.));
#12549=DIRECTION('',(0.,-1.,0.));
#12550=DIRECTION('',(1.,0.,0.));
#12551=DIRECTION('center_axis',(0.,0.,1.));
#12552=DIRECTION('ref_axis',(1.,0.,0.));
#12553=DIRECTION('',(-1.,0.,0.));
#12554=DIRECTION('',(-1.,0.,0.));
#12555=DIRECTION('',(0.,-1.,0.));
#12556=DIRECTION('center_axis',(0.,0.,1.));
#12557=DIRECTION('ref_axis',(1.,0.,0.));
#12558=DIRECTION('',(-1.,0.,0.));
#12559=DIRECTION('',(0.,1.,0.));
#12560=DIRECTION('',(1.,0.,0.));
#12561=DIRECTION('center_axis',(0.,1.,0.));
#12562=DIRECTION('ref_axis',(0.,0.,1.));
#12563=DIRECTION('',(0.,0.,-1.));
#12564=DIRECTION('center_axis',(0.,-1.,0.));
#12565=DIRECTION('ref_axis',(0.,0.,-1.));
#12566=DIRECTION('',(0.,0.,-1.));
#12567=DIRECTION('center_axis',(0.,-1.,0.));
#12568=DIRECTION('ref_axis',(0.,0.,-1.));
#12569=DIRECTION('',(0.,0.,-1.));
#12570=DIRECTION('',(-1.,0.,0.));
#12571=DIRECTION('',(0.,0.,-1.));
#12572=DIRECTION('',(1.,0.,0.));
#12573=DIRECTION('',(0.,0.,1.));
#12574=DIRECTION('',(-1.,0.,0.));
#12575=DIRECTION('',(0.,0.,-1.));
#12576=DIRECTION('',(1.,0.,0.));
#12577=DIRECTION('center_axis',(0.,-1.,0.));
#12578=DIRECTION('ref_axis',(1.,0.,0.));
#12579=DIRECTION('center_axis',(1.,0.,0.));
#12580=DIRECTION('ref_axis',(0.,0.,-1.));
#12581=DIRECTION('',(0.,0.,-1.));
#12582=DIRECTION('',(0.,-1.,0.));
#12583=DIRECTION('center_axis',(0.,1.,0.));
#12584=DIRECTION('ref_axis',(1.,0.,0.));
#12585=DIRECTION('center_axis',(0.,1.,0.));
#12586=DIRECTION('ref_axis',(1.,0.,0.));
#12587=DIRECTION('',(0.,1.,0.));
#12588=DIRECTION('center_axis',(-1.,0.,0.));
#12589=DIRECTION('ref_axis',(0.,0.,1.));
#12590=DIRECTION('center_axis',(1.,0.,0.));
#12591=DIRECTION('ref_axis',(0.,0.,-1.));
#12592=DIRECTION('',(0.,0.,-1.));
#12593=DIRECTION('',(0.,-1.,0.));
#12594=DIRECTION('center_axis',(-1.,0.,0.));
#12595=DIRECTION('ref_axis',(0.,0.,1.));
#12596=DIRECTION('center_axis',(1.,0.,0.));
#12597=DIRECTION('ref_axis',(0.,0.,-1.));
#12598=DIRECTION('',(0.,1.,0.));
#12599=DIRECTION('',(0.,0.,-1.));
#12600=DIRECTION('center_axis',(1.,0.,0.));
#12601=DIRECTION('ref_axis',(0.,0.,-1.));
#12602=DIRECTION('center_axis',(0.,0.,1.));
#12603=DIRECTION('ref_axis',(1.,0.,0.));
#12604=DIRECTION('',(1.,0.,0.));
#12605=DIRECTION('center_axis',(0.,0.,1.));
#12606=DIRECTION('ref_axis',(1.,0.,0.));
#12607=DIRECTION('',(-1.,0.,0.));
#12608=DIRECTION('center_axis',(0.,1.,0.));
#12609=DIRECTION('ref_axis',(0.,0.,1.));
#12610=DIRECTION('',(1.,0.,0.));
#12611=DIRECTION('',(0.,0.,-1.));
#12612=DIRECTION('',(-1.,0.,0.));
#12613=DIRECTION('center_axis',(-1.,0.,0.));
#12614=DIRECTION('ref_axis',(0.,0.,1.));
#12615=DIRECTION('center_axis',(-1.,0.,0.));
#12616=DIRECTION('ref_axis',(0.,0.,-1.));
#12617=DIRECTION('center_axis',(-1.,0.,0.));
#12618=DIRECTION('ref_axis',(0.,0.,1.));
#12619=DIRECTION('center_axis',(-1.,0.,0.));
#12620=DIRECTION('ref_axis',(0.,0.,-1.));
#12621=DIRECTION('center_axis',(1.,0.,0.));
#12622=DIRECTION('ref_axis',(0.,0.,-1.));
#12623=DIRECTION('center_axis',(1.,0.,0.));
#12624=DIRECTION('ref_axis',(0.,0.,-1.));
#12625=DIRECTION('',(-1.,0.,0.));
#12626=DIRECTION('center_axis',(1.,0.,0.));
#12627=DIRECTION('ref_axis',(0.,0.,-1.));
#12628=DIRECTION('center_axis',(1.,0.,0.));
#12629=DIRECTION('ref_axis',(0.,0.,-1.));
#12630=DIRECTION('center_axis',(1.,0.,0.));
#12631=DIRECTION('ref_axis',(0.,0.,-1.));
#12632=DIRECTION('center_axis',(1.,0.,0.));
#12633=DIRECTION('ref_axis',(0.,0.,-1.));
#12634=DIRECTION('center_axis',(-1.,0.,0.));
#12635=DIRECTION('ref_axis',(0.,0.,-1.));
#12636=DIRECTION('',(1.,0.,0.));
#12637=DIRECTION('center_axis',(-1.,0.,0.));
#12638=DIRECTION('ref_axis',(0.,0.,1.));
#12639=DIRECTION('axis',(0.,0.,1.));
#12640=DIRECTION('refdir',(1.,0.,0.));
#12641=DIRECTION('center_axis',(0.,0.,1.));
#12642=DIRECTION('ref_axis',(1.,0.,0.));
#12643=DIRECTION('center_axis',(0.,0.,1.));
#12644=DIRECTION('ref_axis',(1.,0.,0.));
#12645=DIRECTION('',(0.,0.,-1.));
#12646=DIRECTION('center_axis',(0.,0.,-1.));
#12647=DIRECTION('ref_axis',(1.,0.,0.));
#12648=DIRECTION('center_axis',(0.,0.,-1.));
#12649=DIRECTION('ref_axis',(-1.,0.,0.));
#12650=DIRECTION('center_axis',(0.,0.,1.));
#12651=DIRECTION('ref_axis',(1.,0.,0.));
#12652=DIRECTION('center_axis',(0.,0.,1.));
#12653=DIRECTION('ref_axis',(1.,0.,0.));
#12654=DIRECTION('center_axis',(0.,0.,1.));
#12655=DIRECTION('ref_axis',(1.,0.,0.));
#12656=DIRECTION('',(0.,0.,1.));
#12657=DIRECTION('center_axis',(0.,0.,-1.));
#12658=DIRECTION('ref_axis',(1.,0.,0.));
#12659=DIRECTION('center_axis',(0.,0.,1.));
#12660=DIRECTION('ref_axis',(1.,0.,0.));
#12661=DIRECTION('center_axis',(0.,0.,1.));
#12662=DIRECTION('ref_axis',(1.,0.,0.));
#12663=DIRECTION('',(0.,0.,-1.));
#12664=DIRECTION('center_axis',(0.,0.,-1.));
#12665=DIRECTION('ref_axis',(1.,0.,0.));
#12666=DIRECTION('center_axis',(0.,0.,-1.));
#12667=DIRECTION('ref_axis',(-1.,0.,0.));
#12668=DIRECTION('center_axis',(0.,0.,1.));
#12669=DIRECTION('ref_axis',(1.,0.,0.));
#12670=DIRECTION('center_axis',(0.,0.,1.));
#12671=DIRECTION('ref_axis',(1.,0.,0.));
#12672=DIRECTION('center_axis',(0.,0.,1.));
#12673=DIRECTION('ref_axis',(1.,0.,0.));
#12674=DIRECTION('',(0.,0.,1.));
#12675=DIRECTION('center_axis',(0.,0.,-1.));
#12676=DIRECTION('ref_axis',(1.,0.,0.));
#12677=DIRECTION('center_axis',(0.,0.,1.));
#12678=DIRECTION('ref_axis',(1.,0.,0.));
#12679=DIRECTION('center_axis',(0.,0.,1.));
#12680=DIRECTION('ref_axis',(1.,0.,0.));
#12681=DIRECTION('',(0.,0.,-1.));
#12682=DIRECTION('center_axis',(0.,0.,-1.));
#12683=DIRECTION('ref_axis',(1.,0.,0.));
#12684=DIRECTION('center_axis',(0.,0.,-1.));
#12685=DIRECTION('ref_axis',(-1.,0.,0.));
#12686=DIRECTION('center_axis',(0.,0.,1.));
#12687=DIRECTION('ref_axis',(1.,0.,0.));
#12688=DIRECTION('center_axis',(0.,1.,0.));
#12689=DIRECTION('ref_axis',(1.,0.,0.));
#12690=DIRECTION('center_axis',(0.,1.,0.));
#12691=DIRECTION('ref_axis',(1.,0.,0.));
#12692=DIRECTION('',(0.,-1.,0.));
#12693=DIRECTION('center_axis',(0.,-1.,0.));
#12694=DIRECTION('ref_axis',(1.,0.,0.));
#12695=DIRECTION('center_axis',(0.,-1.,0.));
#12696=DIRECTION('ref_axis',(-1.,0.,0.));
#12697=DIRECTION('center_axis',(0.,1.,0.));
#12698=DIRECTION('ref_axis',(1.,0.,0.));
#12699=DIRECTION('center_axis',(-1.,0.,0.));
#12700=DIRECTION('ref_axis',(0.,0.,1.));
#12701=DIRECTION('center_axis',(-1.,0.,0.));
#12702=DIRECTION('ref_axis',(0.,0.,1.));
#12703=DIRECTION('',(1.,0.,0.));
#12704=DIRECTION('center_axis',(1.,0.,0.));
#12705=DIRECTION('ref_axis',(0.,0.,1.));
#12706=DIRECTION('center_axis',(1.,0.,0.));
#12707=DIRECTION('ref_axis',(0.,0.,-1.));
#12708=DIRECTION('center_axis',(-1.,0.,0.));
#12709=DIRECTION('ref_axis',(0.,0.,1.));
#12710=DIRECTION('center_axis',(0.,-1.,0.));
#12711=DIRECTION('ref_axis',(1.,0.,0.));
#12712=DIRECTION('center_axis',(0.,-1.,0.));
#12713=DIRECTION('ref_axis',(1.,0.,0.));
#12714=DIRECTION('',(0.,1.,0.));
#12715=DIRECTION('center_axis',(0.,1.,0.));
#12716=DIRECTION('ref_axis',(1.,0.,0.));
#12717=DIRECTION('center_axis',(0.,1.,0.));
#12718=DIRECTION('ref_axis',(-1.,0.,0.));
#12719=DIRECTION('center_axis',(0.,-1.,0.));
#12720=DIRECTION('ref_axis',(1.,0.,0.));
#12721=DIRECTION('center_axis',(1.,0.,0.));
#12722=DIRECTION('ref_axis',(0.,0.,-1.));
#12723=DIRECTION('center_axis',(1.,0.,0.));
#12724=DIRECTION('ref_axis',(0.,0.,-1.));
#12725=DIRECTION('',(-1.,0.,0.));
#12726=DIRECTION('center_axis',(-1.,0.,0.));
#12727=DIRECTION('ref_axis',(0.,0.,-1.));
#12728=DIRECTION('center_axis',(-1.,0.,0.));
#12729=DIRECTION('ref_axis',(0.,0.,1.));
#12730=DIRECTION('center_axis',(1.,0.,0.));
#12731=DIRECTION('ref_axis',(0.,0.,-1.));
#12732=DIRECTION('axis',(0.,0.,1.));
#12733=DIRECTION('refdir',(1.,0.,0.));
#12734=DIRECTION('center_axis',(0.,0.,1.));
#12735=DIRECTION('ref_axis',(1.,0.,0.));
#12736=DIRECTION('center_axis',(0.,0.,1.));
#12737=DIRECTION('ref_axis',(1.,0.,0.));
#12738=DIRECTION('',(0.,0.,1.));
#12739=DIRECTION('center_axis',(0.,0.,-1.));
#12740=DIRECTION('ref_axis',(1.,0.,0.));
#12741=DIRECTION('center_axis',(0.,0.,1.));
#12742=DIRECTION('ref_axis',(1.,0.,0.));
#12743=DIRECTION('center_axis',(0.,0.,1.));
#12744=DIRECTION('ref_axis',(1.,0.,0.));
#12745=DIRECTION('',(0.,0.,1.));
#12746=DIRECTION('center_axis',(0.,0.,-1.));
#12747=DIRECTION('ref_axis',(1.,0.,0.));
#12748=DIRECTION('center_axis',(0.,0.,1.));
#12749=DIRECTION('ref_axis',(1.,0.,0.));
#12750=DIRECTION('center_axis',(0.,0.,1.));
#12751=DIRECTION('ref_axis',(1.,0.,0.));
#12752=DIRECTION('',(0.,0.,1.));
#12753=DIRECTION('center_axis',(0.,0.,-1.));
#12754=DIRECTION('ref_axis',(1.,0.,0.));
#12755=DIRECTION('center_axis',(0.,0.,1.));
#12756=DIRECTION('ref_axis',(1.,0.,0.));
#12757=DIRECTION('center_axis',(0.,0.,1.));
#12758=DIRECTION('ref_axis',(1.,0.,0.));
#12759=DIRECTION('',(0.,0.,1.));
#12760=DIRECTION('center_axis',(0.,0.,-1.));
#12761=DIRECTION('ref_axis',(1.,0.,0.));
#12762=DIRECTION('center_axis',(0.,0.,1.));
#12763=DIRECTION('ref_axis',(1.,0.,0.));
#12764=DIRECTION('center_axis',(0.,0.,1.));
#12765=DIRECTION('ref_axis',(1.,0.,0.));
#12766=DIRECTION('',(0.,0.,1.));
#12767=DIRECTION('center_axis',(0.,0.,-1.));
#12768=DIRECTION('ref_axis',(1.,0.,0.));
#12769=DIRECTION('center_axis',(0.,0.,1.));
#12770=DIRECTION('ref_axis',(1.,0.,0.));
#12771=DIRECTION('center_axis',(0.,0.,1.));
#12772=DIRECTION('ref_axis',(1.,0.,0.));
#12773=DIRECTION('',(0.,0.,1.));
#12774=DIRECTION('center_axis',(0.,0.,-1.));
#12775=DIRECTION('ref_axis',(1.,0.,0.));
#12776=DIRECTION('center_axis',(0.,0.,1.));
#12777=DIRECTION('ref_axis',(1.,0.,0.));
#12778=DIRECTION('center_axis',(0.,0.,1.));
#12779=DIRECTION('ref_axis',(1.,0.,0.));
#12780=DIRECTION('',(0.,0.,1.));
#12781=DIRECTION('center_axis',(0.,0.,-1.));
#12782=DIRECTION('ref_axis',(1.,0.,0.));
#12783=DIRECTION('center_axis',(0.,0.,1.));
#12784=DIRECTION('ref_axis',(1.,0.,0.));
#12785=DIRECTION('center_axis',(0.,0.,1.));
#12786=DIRECTION('ref_axis',(1.,0.,0.));
#12787=DIRECTION('',(0.,0.,1.));
#12788=DIRECTION('center_axis',(0.,0.,-1.));
#12789=DIRECTION('ref_axis',(1.,0.,0.));
#12790=DIRECTION('center_axis',(0.,0.,1.));
#12791=DIRECTION('ref_axis',(1.,0.,0.));
#12792=DIRECTION('center_axis',(0.,0.,1.));
#12793=DIRECTION('ref_axis',(1.,0.,0.));
#12794=DIRECTION('',(0.,0.,1.));
#12795=DIRECTION('center_axis',(0.,0.,-1.));
#12796=DIRECTION('ref_axis',(1.,0.,0.));
#12797=DIRECTION('center_axis',(0.,0.,1.));
#12798=DIRECTION('ref_axis',(1.,0.,0.));
#12799=DIRECTION('',(0.,1.,0.));
#12800=DIRECTION('',(-1.,0.,0.));
#12801=DIRECTION('',(0.,-1.,0.));
#12802=DIRECTION('',(1.,0.,0.));
#12803=DIRECTION('center_axis',(0.,0.,1.));
#12804=DIRECTION('ref_axis',(1.,0.,0.));
#12805=DIRECTION('',(0.,-1.,0.));
#12806=DIRECTION('',(-1.,0.,0.));
#12807=DIRECTION('',(0.,1.,0.));
#12808=DIRECTION('',(1.,0.,0.));
#12809=DIRECTION('center_axis',(0.,1.,0.));
#12810=DIRECTION('ref_axis',(0.,0.,1.));
#12811=DIRECTION('',(0.,0.,-1.));
#12812=DIRECTION('',(0.,0.,-1.));
#12813=DIRECTION('center_axis',(1.,0.,0.));
#12814=DIRECTION('ref_axis',(0.,0.,-1.));
#12815=DIRECTION('',(0.,0.,-1.));
#12816=DIRECTION('center_axis',(0.,-1.,0.));
#12817=DIRECTION('ref_axis',(0.,0.,-1.));
#12818=DIRECTION('',(0.,0.,-1.));
#12819=DIRECTION('center_axis',(-1.,0.,0.));
#12820=DIRECTION('ref_axis',(0.,0.,1.));
#12821=DIRECTION('center_axis',(1.,0.,0.));
#12822=DIRECTION('ref_axis',(0.,0.,-1.));
#12823=DIRECTION('',(1.,0.,0.));
#12824=DIRECTION('center_axis',(1.,0.,0.));
#12825=DIRECTION('ref_axis',(0.,0.,-1.));
#12826=DIRECTION('',(1.,0.,0.));
#12827=DIRECTION('center_axis',(1.,0.,0.));
#12828=DIRECTION('ref_axis',(0.,0.,-1.));
#12829=DIRECTION('',(1.,0.,0.));
#12830=DIRECTION('center_axis',(1.,0.,0.));
#12831=DIRECTION('ref_axis',(0.,0.,-1.));
#12832=DIRECTION('',(1.,0.,0.));
#12833=DIRECTION('center_axis',(0.,0.,1.));
#12834=DIRECTION('ref_axis',(1.,0.,0.));
#12835=DIRECTION('center_axis',(0.,0.,-1.));
#12836=DIRECTION('ref_axis',(1.,0.,0.));
#12837=DIRECTION('',(0.,0.,1.));
#12838=DIRECTION('',(0.,0.,1.));
#12839=DIRECTION('center_axis',(0.,0.,-1.));
#12840=DIRECTION('ref_axis',(1.,0.,0.));
#12841=DIRECTION('center_axis',(0.,0.,-1.));
#12842=DIRECTION('ref_axis',(-1.,0.,0.));
#12843=DIRECTION('center_axis',(0.,0.,1.));
#12844=DIRECTION('ref_axis',(1.,0.,0.));
#12845=DIRECTION('center_axis',(0.,0.,1.));
#12846=DIRECTION('ref_axis',(1.,0.,0.));
#12847=DIRECTION('center_axis',(0.,0.,1.));
#12848=DIRECTION('ref_axis',(1.,0.,0.));
#12849=DIRECTION('',(0.,0.,1.));
#12850=DIRECTION('',(0.,0.,1.));
#12851=DIRECTION('center_axis',(0.,0.,1.));
#12852=DIRECTION('ref_axis',(1.,0.,0.));
#12853=DIRECTION('center_axis',(0.,0.,1.));
#12854=DIRECTION('ref_axis',(1.,0.,0.));
#12855=DIRECTION('',(0.,0.,-1.));
#12856=DIRECTION('',(0.,0.,-1.));
#12857=DIRECTION('',(0.,0.,-1.));
#12858=DIRECTION('center_axis',(0.,0.,-1.));
#12859=DIRECTION('ref_axis',(1.,0.,0.));
#12860=DIRECTION('center_axis',(0.,0.,-1.));
#12861=DIRECTION('ref_axis',(-1.,0.,0.));
#12862=DIRECTION('center_axis',(0.,0.,1.));
#12863=DIRECTION('ref_axis',(1.,0.,0.));
#12864=DIRECTION('axis',(0.,0.,1.));
#12865=DIRECTION('refdir',(1.,0.,0.));
#12866=DIRECTION('center_axis',(0.,0.,1.));
#12867=DIRECTION('ref_axis',(1.,0.,0.));
#12868=DIRECTION('center_axis',(0.,0.,1.));
#12869=DIRECTION('ref_axis',(1.,0.,0.));
#12870=DIRECTION('',(0.,0.,1.));
#12871=DIRECTION('center_axis',(0.,0.,-1.));
#12872=DIRECTION('ref_axis',(1.,0.,0.));
#12873=DIRECTION('center_axis',(0.,0.,1.));
#12874=DIRECTION('ref_axis',(1.,0.,0.));
#12875=DIRECTION('center_axis',(0.,0.,1.));
#12876=DIRECTION('ref_axis',(1.,0.,0.));
#12877=DIRECTION('',(0.,0.,1.));
#12878=DIRECTION('center_axis',(0.,0.,-1.));
#12879=DIRECTION('ref_axis',(1.,0.,0.));
#12880=DIRECTION('center_axis',(0.,0.,1.));
#12881=DIRECTION('ref_axis',(1.,0.,0.));
#12882=DIRECTION('center_axis',(0.,0.,1.));
#12883=DIRECTION('ref_axis',(1.,0.,0.));
#12884=DIRECTION('',(0.,0.,1.));
#12885=DIRECTION('center_axis',(0.,0.,-1.));
#12886=DIRECTION('ref_axis',(1.,0.,0.));
#12887=DIRECTION('center_axis',(0.,0.,1.));
#12888=DIRECTION('ref_axis',(1.,0.,0.));
#12889=DIRECTION('center_axis',(0.,0.,1.));
#12890=DIRECTION('ref_axis',(1.,0.,0.));
#12891=DIRECTION('',(0.,0.,1.));
#12892=DIRECTION('center_axis',(0.,0.,-1.));
#12893=DIRECTION('ref_axis',(1.,0.,0.));
#12894=DIRECTION('center_axis',(0.,0.,1.));
#12895=DIRECTION('ref_axis',(1.,0.,0.));
#12896=DIRECTION('center_axis',(0.,0.,1.));
#12897=DIRECTION('ref_axis',(1.,0.,0.));
#12898=DIRECTION('',(0.,0.,1.));
#12899=DIRECTION('center_axis',(0.,0.,-1.));
#12900=DIRECTION('ref_axis',(1.,0.,0.));
#12901=DIRECTION('center_axis',(0.,0.,1.));
#12902=DIRECTION('ref_axis',(1.,0.,0.));
#12903=DIRECTION('center_axis',(0.,0.,1.));
#12904=DIRECTION('ref_axis',(1.,0.,0.));
#12905=DIRECTION('',(0.,0.,1.));
#12906=DIRECTION('center_axis',(0.,0.,-1.));
#12907=DIRECTION('ref_axis',(1.,0.,0.));
#12908=DIRECTION('center_axis',(0.,0.,1.));
#12909=DIRECTION('ref_axis',(1.,0.,0.));
#12910=DIRECTION('center_axis',(0.,0.,1.));
#12911=DIRECTION('ref_axis',(1.,0.,0.));
#12912=DIRECTION('',(0.,0.,1.));
#12913=DIRECTION('center_axis',(0.,0.,-1.));
#12914=DIRECTION('ref_axis',(1.,0.,0.));
#12915=DIRECTION('center_axis',(0.,0.,1.));
#12916=DIRECTION('ref_axis',(1.,0.,0.));
#12917=DIRECTION('center_axis',(0.,0.,1.));
#12918=DIRECTION('ref_axis',(1.,0.,0.));
#12919=DIRECTION('',(0.,0.,1.));
#12920=DIRECTION('center_axis',(0.,0.,-1.));
#12921=DIRECTION('ref_axis',(1.,0.,0.));
#12922=DIRECTION('center_axis',(0.,0.,1.));
#12923=DIRECTION('ref_axis',(1.,0.,0.));
#12924=DIRECTION('',(0.,1.,0.));
#12925=DIRECTION('',(-1.,0.,0.));
#12926=DIRECTION('',(0.,-1.,0.));
#12927=DIRECTION('',(1.,0.,0.));
#12928=DIRECTION('center_axis',(0.,0.,1.));
#12929=DIRECTION('ref_axis',(1.,0.,0.));
#12930=DIRECTION('',(0.,-1.,0.));
#12931=DIRECTION('',(-1.,0.,0.));
#12932=DIRECTION('',(0.,1.,0.));
#12933=DIRECTION('',(1.,0.,0.));
#12934=DIRECTION('center_axis',(0.,1.,0.));
#12935=DIRECTION('ref_axis',(0.,0.,1.));
#12936=DIRECTION('',(0.,0.,-1.));
#12937=DIRECTION('',(0.,0.,-1.));
#12938=DIRECTION('center_axis',(1.,0.,0.));
#12939=DIRECTION('ref_axis',(0.,0.,-1.));
#12940=DIRECTION('',(0.,0.,-1.));
#12941=DIRECTION('center_axis',(0.,-1.,0.));
#12942=DIRECTION('ref_axis',(0.,0.,-1.));
#12943=DIRECTION('',(0.,0.,-1.));
#12944=DIRECTION('center_axis',(-1.,0.,0.));
#12945=DIRECTION('ref_axis',(0.,0.,1.));
#12946=DIRECTION('center_axis',(0.,0.,1.));
#12947=DIRECTION('ref_axis',(1.,0.,0.));
#12948=DIRECTION('center_axis',(0.,0.,1.));
#12949=DIRECTION('ref_axis',(1.,0.,0.));
#12950=DIRECTION('',(0.,0.,1.));
#12951=DIRECTION('center_axis',(0.,0.,-1.));
#12952=DIRECTION('ref_axis',(1.,0.,0.));
#12953=DIRECTION('center_axis',(0.,0.,1.));
#12954=DIRECTION('ref_axis',(1.,0.,0.));
#12955=DIRECTION('center_axis',(0.,0.,1.));
#12956=DIRECTION('ref_axis',(1.,0.,0.));
#12957=DIRECTION('',(0.,0.,1.));
#12958=DIRECTION('center_axis',(0.,0.,-1.));
#12959=DIRECTION('ref_axis',(1.,0.,0.));
#12960=DIRECTION('center_axis',(0.,0.,1.));
#12961=DIRECTION('ref_axis',(1.,0.,0.));
#12962=DIRECTION('center_axis',(0.,0.,1.));
#12963=DIRECTION('ref_axis',(1.,0.,0.));
#12964=DIRECTION('',(0.,0.,1.));
#12965=DIRECTION('center_axis',(0.,0.,-1.));
#12966=DIRECTION('ref_axis',(1.,0.,0.));
#12967=DIRECTION('center_axis',(0.,0.,1.));
#12968=DIRECTION('ref_axis',(1.,0.,0.));
#12969=DIRECTION('center_axis',(0.,0.,1.));
#12970=DIRECTION('ref_axis',(1.,0.,0.));
#12971=DIRECTION('',(0.,0.,1.));
#12972=DIRECTION('center_axis',(0.,0.,-1.));
#12973=DIRECTION('ref_axis',(1.,0.,0.));
#12974=DIRECTION('center_axis',(0.,0.,1.));
#12975=DIRECTION('ref_axis',(1.,0.,0.));
#12976=DIRECTION('center_axis',(0.,0.,1.));
#12977=DIRECTION('ref_axis',(1.,0.,0.));
#12978=DIRECTION('',(0.,0.,1.));
#12979=DIRECTION('center_axis',(0.,0.,-1.));
#12980=DIRECTION('ref_axis',(1.,0.,0.));
#12981=DIRECTION('center_axis',(0.104528463267653,0.994521895368273,0.));
#12982=DIRECTION('ref_axis',(0.,0.,1.));
#12983=DIRECTION('',(0.,0.,1.));
#12984=DIRECTION('',(-0.994521895368273,0.104528463267653,0.));
#12985=DIRECTION('',(0.,0.,-1.));
#12986=DIRECTION('',(0.994521895368273,-0.104528463267653,0.));
#12987=DIRECTION('center_axis',(-0.104528463267653,-0.994521895368273,0.));
#12988=DIRECTION('ref_axis',(0.,0.,-1.));
#12989=DIRECTION('',(0.,0.,-1.));
#12990=DIRECTION('',(-0.994521895368273,0.104528463267653,0.));
#12991=DIRECTION('',(0.,0.,-1.));
#12992=DIRECTION('',(0.994521895368273,-0.104528463267653,0.));
#12993=DIRECTION('center_axis',(-0.994521895368273,0.104528463267653,0.));
#12994=DIRECTION('ref_axis',(0.,0.,1.));
#12995=DIRECTION('',(-0.104528463267653,-0.994521895368273,0.));
#12996=DIRECTION('',(0.104528463267653,0.994521895368273,0.));
#12997=DIRECTION('center_axis',(0.,0.,1.));
#12998=DIRECTION('ref_axis',(1.,0.,0.));
#12999=DIRECTION('center_axis',(0.,0.,1.));
#13000=DIRECTION('ref_axis',(1.,0.,0.));
#13001=DIRECTION('',(1.,0.,0.));
#13002=DIRECTION('',(0.,1.,0.));
#13003=DIRECTION('',(-1.,0.,0.));
#13004=DIRECTION('center_axis',(0.,0.,1.));
#13005=DIRECTION('ref_axis',(1.,0.,0.));
#13006=DIRECTION('',(0.994521895368273,0.104528463267653,0.));
#13007=DIRECTION('',(-0.104528463267653,0.994521895368273,0.));
#13008=DIRECTION('',(-0.994521895368273,-0.104528463267653,0.));
#13009=DIRECTION('center_axis',(0.,0.,1.));
#13010=DIRECTION('ref_axis',(1.,0.,0.));
#13011=DIRECTION('',(0.978147600733806,0.207911690817759,0.));
#13012=DIRECTION('',(-0.207911690817759,0.978147600733806,0.));
#13013=DIRECTION('',(-0.978147600733806,-0.207911690817759,0.));
#13014=DIRECTION('center_axis',(0.,0.,1.));
#13015=DIRECTION('ref_axis',(1.,0.,0.));
#13016=DIRECTION('',(0.951056516295154,0.309016994374947,0.));
#13017=DIRECTION('',(-0.309016994374947,0.951056516295154,0.));
#13018=DIRECTION('',(-0.951056516295154,-0.309016994374947,0.));
#13019=DIRECTION('center_axis',(0.,0.,1.));
#13020=DIRECTION('ref_axis',(1.,0.,0.));
#13021=DIRECTION('',(0.913545457642601,0.4067366430758,0.));
#13022=DIRECTION('',(-0.4067366430758,0.913545457642601,0.));
#13023=DIRECTION('',(-0.913545457642601,-0.4067366430758,0.));
#13024=DIRECTION('center_axis',(0.,0.,1.));
#13025=DIRECTION('ref_axis',(1.,0.,0.));
#13026=DIRECTION('',(0.866025403784439,0.5,0.));
#13027=DIRECTION('',(-0.5,0.866025403784439,0.));
#13028=DIRECTION('',(-0.866025403784439,-0.5,0.));
#13029=DIRECTION('center_axis',(0.,0.,1.));
#13030=DIRECTION('ref_axis',(1.,0.,0.));
#13031=DIRECTION('',(0.809016994374947,0.587785252292473,0.));
#13032=DIRECTION('',(-0.587785252292473,0.809016994374947,0.));
#13033=DIRECTION('',(-0.809016994374947,-0.587785252292473,0.));
#13034=DIRECTION('center_axis',(0.,0.,1.));
#13035=DIRECTION('ref_axis',(1.,0.,0.));
#13036=DIRECTION('',(0.743144825477394,0.669130606358858,0.));
#13037=DIRECTION('',(-0.669130606358858,0.743144825477394,0.));
#13038=DIRECTION('',(-0.743144825477394,-0.669130606358858,0.));
#13039=DIRECTION('center_axis',(0.,0.,1.));
#13040=DIRECTION('ref_axis',(1.,0.,0.));
#13041=DIRECTION('',(0.669130606358858,0.743144825477394,0.));
#13042=DIRECTION('',(-0.743144825477394,0.669130606358858,0.));
#13043=DIRECTION('',(-0.669130606358858,-0.743144825477394,0.));
#13044=DIRECTION('center_axis',(0.,0.,1.));
#13045=DIRECTION('ref_axis',(1.,0.,0.));
#13046=DIRECTION('',(0.587785252292473,0.809016994374947,0.));
#13047=DIRECTION('',(-0.809016994374947,0.587785252292473,0.));
#13048=DIRECTION('',(-0.587785252292473,-0.809016994374947,0.));
#13049=DIRECTION('center_axis',(0.,0.,1.));
#13050=DIRECTION('ref_axis',(1.,0.,0.));
#13051=DIRECTION('',(0.5,0.866025403784439,0.));
#13052=DIRECTION('',(-0.866025403784439,0.5,0.));
#13053=DIRECTION('',(-0.5,-0.866025403784439,0.));
#13054=DIRECTION('center_axis',(0.,0.,1.));
#13055=DIRECTION('ref_axis',(1.,0.,0.));
#13056=DIRECTION('',(0.4067366430758,0.913545457642601,0.));
#13057=DIRECTION('',(-0.913545457642601,0.4067366430758,0.));
#13058=DIRECTION('',(-0.4067366430758,-0.913545457642601,0.));
#13059=DIRECTION('center_axis',(0.,0.,1.));
#13060=DIRECTION('ref_axis',(1.,0.,0.));
#13061=DIRECTION('',(0.309016994374947,0.951056516295153,0.));
#13062=DIRECTION('',(-0.951056516295153,0.309016994374947,0.));
#13063=DIRECTION('',(-0.309016994374947,-0.951056516295153,0.));
#13064=DIRECTION('center_axis',(0.,0.,1.));
#13065=DIRECTION('ref_axis',(1.,0.,0.));
#13066=DIRECTION('',(0.207911690817759,0.978147600733806,0.));
#13067=DIRECTION('',(-0.978147600733806,0.207911690817759,0.));
#13068=DIRECTION('',(-0.207911690817759,-0.978147600733806,0.));
#13069=DIRECTION('center_axis',(0.,0.,1.));
#13070=DIRECTION('ref_axis',(1.,0.,0.));
#13071=DIRECTION('',(0.104528463267653,0.994521895368273,0.));
#13072=DIRECTION('',(-0.994521895368273,0.104528463267653,0.));
#13073=DIRECTION('',(-0.104528463267653,-0.994521895368273,0.));
#13074=DIRECTION('center_axis',(0.,0.,1.));
#13075=DIRECTION('ref_axis',(1.,0.,0.));
#13076=DIRECTION('',(2.83276944882399E-16,1.,0.));
#13077=DIRECTION('',(-1.,2.83276944882399E-16,0.));
#13078=DIRECTION('',(-2.83276944882399E-16,-1.,0.));
#13079=DIRECTION('center_axis',(0.,0.,1.));
#13080=DIRECTION('ref_axis',(1.,0.,0.));
#13081=DIRECTION('',(-0.104528463267653,0.994521895368273,0.));
#13082=DIRECTION('',(-0.994521895368273,-0.104528463267653,0.));
#13083=DIRECTION('',(0.104528463267653,-0.994521895368273,0.));
#13084=DIRECTION('center_axis',(0.,0.,1.));
#13085=DIRECTION('ref_axis',(1.,0.,0.));
#13086=DIRECTION('',(-0.207911690817759,0.978147600733806,0.));
#13087=DIRECTION('',(-0.978147600733806,-0.207911690817759,0.));
#13088=DIRECTION('',(0.207911690817759,-0.978147600733806,0.));
#13089=DIRECTION('center_axis',(0.,0.,1.));
#13090=DIRECTION('ref_axis',(1.,0.,0.));
#13091=DIRECTION('',(-0.309016994374947,0.951056516295154,0.));
#13092=DIRECTION('',(-0.951056516295154,-0.309016994374947,0.));
#13093=DIRECTION('',(0.309016994374947,-0.951056516295154,0.));
#13094=DIRECTION('center_axis',(0.,0.,1.));
#13095=DIRECTION('ref_axis',(1.,0.,0.));
#13096=DIRECTION('',(-0.4067366430758,0.913545457642601,0.));
#13097=DIRECTION('',(-0.913545457642601,-0.4067366430758,0.));
#13098=DIRECTION('',(0.4067366430758,-0.913545457642601,0.));
#13099=DIRECTION('center_axis',(0.,0.,1.));
#13100=DIRECTION('ref_axis',(1.,0.,0.));
#13101=DIRECTION('',(-0.5,0.866025403784439,0.));
#13102=DIRECTION('',(-0.866025403784439,-0.5,0.));
#13103=DIRECTION('',(0.5,-0.866025403784439,0.));
#13104=DIRECTION('center_axis',(0.,0.,1.));
#13105=DIRECTION('ref_axis',(1.,0.,0.));
#13106=DIRECTION('',(-0.587785252292473,0.809016994374947,0.));
#13107=DIRECTION('',(-0.809016994374947,-0.587785252292473,0.));
#13108=DIRECTION('',(0.587785252292473,-0.809016994374947,0.));
#13109=DIRECTION('center_axis',(0.,0.,1.));
#13110=DIRECTION('ref_axis',(1.,0.,0.));
#13111=DIRECTION('',(-0.669130606358858,0.743144825477394,0.));
#13112=DIRECTION('',(-0.743144825477394,-0.669130606358858,0.));
#13113=DIRECTION('',(0.669130606358858,-0.743144825477394,0.));
#13114=DIRECTION('center_axis',(0.,0.,1.));
#13115=DIRECTION('ref_axis',(1.,0.,0.));
#13116=DIRECTION('',(-0.743144825477394,0.669130606358858,0.));
#13117=DIRECTION('',(-0.669130606358858,-0.743144825477394,0.));
#13118=DIRECTION('',(0.743144825477394,-0.669130606358858,0.));
#13119=DIRECTION('center_axis',(0.,0.,1.));
#13120=DIRECTION('ref_axis',(1.,0.,0.));
#13121=DIRECTION('',(-0.809016994374947,0.587785252292473,0.));
#13122=DIRECTION('',(-0.587785252292473,-0.809016994374947,0.));
#13123=DIRECTION('',(0.809016994374947,-0.587785252292473,0.));
#13124=DIRECTION('center_axis',(0.,0.,1.));
#13125=DIRECTION('ref_axis',(1.,0.,0.));
#13126=DIRECTION('',(-0.866025403784439,0.5,0.));
#13127=DIRECTION('',(-0.5,-0.866025403784439,0.));
#13128=DIRECTION('',(0.866025403784439,-0.5,0.));
#13129=DIRECTION('center_axis',(0.,0.,1.));
#13130=DIRECTION('ref_axis',(1.,0.,0.));
#13131=DIRECTION('',(-0.913545457642601,0.4067366430758,0.));
#13132=DIRECTION('',(-0.4067366430758,-0.913545457642601,0.));
#13133=DIRECTION('',(0.913545457642601,-0.4067366430758,0.));
#13134=DIRECTION('center_axis',(0.,0.,1.));
#13135=DIRECTION('ref_axis',(1.,0.,0.));
#13136=DIRECTION('',(-0.951056516295153,0.309016994374948,0.));
#13137=DIRECTION('',(-0.309016994374948,-0.951056516295153,0.));
#13138=DIRECTION('',(0.951056516295153,-0.309016994374948,0.));
#13139=DIRECTION('center_axis',(0.,0.,1.));
#13140=DIRECTION('ref_axis',(1.,0.,0.));
#13141=DIRECTION('',(-0.978147600733806,0.207911690817759,0.));
#13142=DIRECTION('',(-0.207911690817759,-0.978147600733806,0.));
#13143=DIRECTION('',(0.978147600733806,-0.207911690817759,0.));
#13144=DIRECTION('center_axis',(0.,0.,1.));
#13145=DIRECTION('ref_axis',(1.,0.,0.));
#13146=DIRECTION('',(-0.994521895368273,0.104528463267653,0.));
#13147=DIRECTION('',(-0.104528463267653,-0.994521895368273,0.));
#13148=DIRECTION('',(0.994521895368273,-0.104528463267653,0.));
#13149=DIRECTION('center_axis',(0.,0.,1.));
#13150=DIRECTION('ref_axis',(1.,0.,0.));
#13151=DIRECTION('',(-1.,5.66553889764798E-16,0.));
#13152=DIRECTION('',(-5.66553889764798E-16,-1.,0.));
#13153=DIRECTION('',(1.,-5.66553889764798E-16,0.));
#13154=DIRECTION('center_axis',(0.,0.,1.));
#13155=DIRECTION('ref_axis',(1.,0.,0.));
#13156=DIRECTION('',(-0.994521895368273,-0.104528463267653,0.));
#13157=DIRECTION('',(0.104528463267653,-0.994521895368273,0.));
#13158=DIRECTION('',(0.994521895368273,0.104528463267653,0.));
#13159=DIRECTION('center_axis',(0.,0.,1.));
#13160=DIRECTION('ref_axis',(1.,0.,0.));
#13161=DIRECTION('',(-0.978147600733806,-0.207911690817759,0.));
#13162=DIRECTION('',(0.207911690817759,-0.978147600733806,0.));
#13163=DIRECTION('',(0.978147600733806,0.207911690817759,0.));
#13164=DIRECTION('center_axis',(0.,0.,1.));
#13165=DIRECTION('ref_axis',(1.,0.,0.));
#13166=DIRECTION('',(-0.951056516295154,-0.309016994374947,0.));
#13167=DIRECTION('',(0.309016994374947,-0.951056516295154,0.));
#13168=DIRECTION('',(0.951056516295154,0.309016994374947,0.));
#13169=DIRECTION('center_axis',(0.,0.,1.));
#13170=DIRECTION('ref_axis',(1.,0.,0.));
#13171=DIRECTION('',(-0.913545457642601,-0.4067366430758,0.));
#13172=DIRECTION('',(0.4067366430758,-0.913545457642601,0.));
#13173=DIRECTION('',(0.913545457642601,0.4067366430758,0.));
#13174=DIRECTION('center_axis',(0.,0.,1.));
#13175=DIRECTION('ref_axis',(1.,0.,0.));
#13176=DIRECTION('',(-0.866025403784439,-0.5,0.));
#13177=DIRECTION('',(0.5,-0.866025403784439,0.));
#13178=DIRECTION('',(0.866025403784439,0.5,0.));
#13179=DIRECTION('center_axis',(0.,0.,1.));
#13180=DIRECTION('ref_axis',(1.,0.,0.));
#13181=DIRECTION('',(-0.809016994374947,-0.587785252292473,0.));
#13182=DIRECTION('',(0.587785252292473,-0.809016994374947,0.));
#13183=DIRECTION('',(0.809016994374947,0.587785252292473,0.));
#13184=DIRECTION('center_axis',(0.,0.,1.));
#13185=DIRECTION('ref_axis',(1.,0.,0.));
#13186=DIRECTION('',(-0.743144825477394,-0.669130606358858,0.));
#13187=DIRECTION('',(0.669130606358858,-0.743144825477394,0.));
#13188=DIRECTION('',(0.743144825477394,0.669130606358858,0.));
#13189=DIRECTION('center_axis',(0.,0.,1.));
#13190=DIRECTION('ref_axis',(1.,0.,0.));
#13191=DIRECTION('',(-0.669130606358858,-0.743144825477394,0.));
#13192=DIRECTION('',(0.743144825477394,-0.669130606358858,0.));
#13193=DIRECTION('',(0.669130606358858,0.743144825477394,0.));
#13194=DIRECTION('center_axis',(0.,0.,1.));
#13195=DIRECTION('ref_axis',(1.,0.,0.));
#13196=DIRECTION('',(-0.587785252292473,-0.809016994374947,0.));
#13197=DIRECTION('',(0.809016994374947,-0.587785252292473,0.));
#13198=DIRECTION('',(0.587785252292473,0.809016994374947,0.));
#13199=DIRECTION('center_axis',(0.,0.,1.));
#13200=DIRECTION('ref_axis',(1.,0.,0.));
#13201=DIRECTION('',(-0.5,-0.866025403784438,0.));
#13202=DIRECTION('',(0.866025403784438,-0.5,0.));
#13203=DIRECTION('',(0.5,0.866025403784438,0.));
#13204=DIRECTION('center_axis',(0.,0.,1.));
#13205=DIRECTION('ref_axis',(1.,0.,0.));
#13206=DIRECTION('',(-0.406736643075801,-0.913545457642601,0.));
#13207=DIRECTION('',(0.913545457642601,-0.406736643075801,0.));
#13208=DIRECTION('',(0.406736643075801,0.913545457642601,0.));
#13209=DIRECTION('center_axis',(0.,0.,1.));
#13210=DIRECTION('ref_axis',(1.,0.,0.));
#13211=DIRECTION('',(-0.309016994374948,-0.951056516295153,0.));
#13212=DIRECTION('',(0.951056516295153,-0.309016994374948,0.));
#13213=DIRECTION('',(0.309016994374948,0.951056516295153,0.));
#13214=DIRECTION('center_axis',(0.,0.,1.));
#13215=DIRECTION('ref_axis',(1.,0.,0.));
#13216=DIRECTION('',(-0.20791169081776,-0.978147600733805,0.));
#13217=DIRECTION('',(0.978147600733805,-0.20791169081776,0.));
#13218=DIRECTION('',(0.20791169081776,0.978147600733805,0.));
#13219=DIRECTION('center_axis',(0.,0.,1.));
#13220=DIRECTION('ref_axis',(1.,0.,0.));
#13221=DIRECTION('',(-0.104528463267654,-0.994521895368273,0.));
#13222=DIRECTION('',(0.994521895368273,-0.104528463267654,0.));
#13223=DIRECTION('',(0.104528463267654,0.994521895368273,0.));
#13224=DIRECTION('center_axis',(0.,0.,1.));
#13225=DIRECTION('ref_axis',(1.,0.,0.));
#13226=DIRECTION('',(-1.83697019872103E-16,-1.,0.));
#13227=DIRECTION('',(1.,-1.83697019872103E-16,0.));
#13228=DIRECTION('',(1.83697019872103E-16,1.,0.));
#13229=DIRECTION('center_axis',(0.,0.,1.));
#13230=DIRECTION('ref_axis',(1.,0.,0.));
#13231=DIRECTION('',(0.104528463267653,-0.994521895368273,0.));
#13232=DIRECTION('',(0.994521895368273,0.104528463267653,0.));
#13233=DIRECTION('',(-0.104528463267653,0.994521895368273,0.));
#13234=DIRECTION('center_axis',(0.,0.,1.));
#13235=DIRECTION('ref_axis',(1.,0.,0.));
#13236=DIRECTION('',(0.207911690817759,-0.978147600733805,0.));
#13237=DIRECTION('',(0.978147600733805,0.207911690817759,0.));
#13238=DIRECTION('',(-0.207911690817759,0.978147600733805,0.));
#13239=DIRECTION('center_axis',(0.,0.,1.));
#13240=DIRECTION('ref_axis',(1.,0.,0.));
#13241=DIRECTION('',(0.309016994374947,-0.951056516295154,0.));
#13242=DIRECTION('',(0.951056516295154,0.309016994374947,0.));
#13243=DIRECTION('',(-0.309016994374947,0.951056516295154,0.));
#13244=DIRECTION('center_axis',(0.,0.,1.));
#13245=DIRECTION('ref_axis',(1.,0.,0.));
#13246=DIRECTION('',(0.4067366430758,-0.913545457642601,0.));
#13247=DIRECTION('',(0.913545457642601,0.4067366430758,0.));
#13248=DIRECTION('',(-0.4067366430758,0.913545457642601,0.));
#13249=DIRECTION('center_axis',(0.,0.,1.));
#13250=DIRECTION('ref_axis',(1.,0.,0.));
#13251=DIRECTION('',(0.5,-0.866025403784439,0.));
#13252=DIRECTION('',(0.866025403784439,0.5,0.));
#13253=DIRECTION('',(-0.5,0.866025403784439,0.));
#13254=DIRECTION('center_axis',(0.,0.,1.));
#13255=DIRECTION('ref_axis',(1.,0.,0.));
#13256=DIRECTION('',(0.587785252292473,-0.809016994374948,0.));
#13257=DIRECTION('',(0.809016994374948,0.587785252292473,0.));
#13258=DIRECTION('',(-0.587785252292473,0.809016994374948,0.));
#13259=DIRECTION('center_axis',(0.,0.,1.));
#13260=DIRECTION('ref_axis',(1.,0.,0.));
#13261=DIRECTION('',(0.669130606358858,-0.743144825477394,0.));
#13262=DIRECTION('',(0.743144825477394,0.669130606358858,0.));
#13263=DIRECTION('',(-0.669130606358858,0.743144825477394,0.));
#13264=DIRECTION('center_axis',(0.,0.,1.));
#13265=DIRECTION('ref_axis',(1.,0.,0.));
#13266=DIRECTION('',(0.743144825477394,-0.669130606358858,0.));
#13267=DIRECTION('',(0.669130606358858,0.743144825477394,0.));
#13268=DIRECTION('',(-0.743144825477394,0.669130606358858,0.));
#13269=DIRECTION('center_axis',(0.,0.,1.));
#13270=DIRECTION('ref_axis',(1.,0.,0.));
#13271=DIRECTION('',(0.809016994374947,-0.587785252292473,0.));
#13272=DIRECTION('',(0.587785252292473,0.809016994374947,0.));
#13273=DIRECTION('',(-0.809016994374947,0.587785252292473,0.));
#13274=DIRECTION('center_axis',(0.,0.,1.));
#13275=DIRECTION('ref_axis',(1.,0.,0.));
#13276=DIRECTION('',(0.866025403784439,-0.5,0.));
#13277=DIRECTION('',(0.5,0.866025403784439,0.));
#13278=DIRECTION('',(-0.866025403784439,0.5,0.));
#13279=DIRECTION('center_axis',(0.,0.,1.));
#13280=DIRECTION('ref_axis',(1.,0.,0.));
#13281=DIRECTION('',(0.913545457642601,-0.4067366430758,0.));
#13282=DIRECTION('',(0.4067366430758,0.913545457642601,0.));
#13283=DIRECTION('',(-0.913545457642601,0.4067366430758,0.));
#13284=DIRECTION('center_axis',(0.,0.,1.));
#13285=DIRECTION('ref_axis',(1.,0.,0.));
#13286=DIRECTION('',(0.951056516295153,-0.309016994374948,0.));
#13287=DIRECTION('',(0.309016994374948,0.951056516295153,0.));
#13288=DIRECTION('',(-0.951056516295153,0.309016994374948,0.));
#13289=DIRECTION('center_axis',(0.,0.,1.));
#13290=DIRECTION('ref_axis',(1.,0.,0.));
#13291=DIRECTION('',(0.978147600733806,-0.207911690817759,0.));
#13292=DIRECTION('',(0.207911690817759,0.978147600733806,0.));
#13293=DIRECTION('',(-0.978147600733806,0.207911690817759,0.));
#13294=DIRECTION('center_axis',(0.,0.,1.));
#13295=DIRECTION('ref_axis',(1.,0.,0.));
#13296=DIRECTION('center_axis',(0.,0.,1.));
#13297=DIRECTION('ref_axis',(1.,0.,0.));
#13298=DIRECTION('center_axis',(0.,0.,-1.));
#13299=DIRECTION('ref_axis',(1.,0.,0.));
#13300=DIRECTION('',(0.,0.,1.));
#13301=DIRECTION('center_axis',(0.207911690817759,0.978147600733806,0.));
#13302=DIRECTION('ref_axis',(0.,0.,1.));
#13303=DIRECTION('',(0.,0.,1.));
#13304=DIRECTION('',(-0.978147600733806,0.207911690817759,0.));
#13305=DIRECTION('',(0.,0.,-1.));
#13306=DIRECTION('center_axis',(-0.207911690817759,-0.978147600733806,0.));
#13307=DIRECTION('ref_axis',(0.,0.,-1.));
#13308=DIRECTION('',(0.,0.,-1.));
#13309=DIRECTION('',(0.,0.,-1.));
#13310=DIRECTION('',(0.978147600733806,-0.207911690817759,0.));
#13311=DIRECTION('center_axis',(-0.978147600733806,0.207911690817759,0.));
#13312=DIRECTION('ref_axis',(0.,0.,1.));
#13313=DIRECTION('',(-0.207911690817759,-0.978147600733806,0.));
#13314=DIRECTION('center_axis',(0.,0.,1.));
#13315=DIRECTION('ref_axis',(1.,0.,0.));
#13316=DIRECTION('center_axis',(0.,0.,-1.));
#13317=DIRECTION('ref_axis',(1.,0.,0.));
#13318=DIRECTION('center_axis',(0.309016994374948,0.951056516295154,0.));
#13319=DIRECTION('ref_axis',(0.,0.,1.));
#13320=DIRECTION('',(0.,0.,1.));
#13321=DIRECTION('',(-0.951056516295153,0.309016994374948,0.));
#13322=DIRECTION('',(0.,0.,-1.));
#13323=DIRECTION('center_axis',(-0.309016994374948,-0.951056516295154,0.));
#13324=DIRECTION('ref_axis',(0.,0.,-1.));
#13325=DIRECTION('',(0.,0.,-1.));
#13326=DIRECTION('',(0.,0.,-1.));
#13327=DIRECTION('',(0.951056516295153,-0.309016994374948,0.));
#13328=DIRECTION('center_axis',(-0.951056516295154,0.309016994374948,0.));
#13329=DIRECTION('ref_axis',(0.,0.,1.));
#13330=DIRECTION('',(-0.309016994374948,-0.951056516295153,0.));
#13331=DIRECTION('center_axis',(0.,0.,1.));
#13332=DIRECTION('ref_axis',(1.,0.,0.));
#13333=DIRECTION('center_axis',(0.,0.,-1.));
#13334=DIRECTION('ref_axis',(1.,0.,0.));
#13335=DIRECTION('center_axis',(0.4067366430758,0.913545457642601,0.));
#13336=DIRECTION('ref_axis',(0.,0.,1.));
#13337=DIRECTION('',(0.,0.,1.));
#13338=DIRECTION('',(-0.913545457642601,0.4067366430758,0.));
#13339=DIRECTION('',(0.,0.,-1.));
#13340=DIRECTION('center_axis',(-0.4067366430758,-0.913545457642601,0.));
#13341=DIRECTION('ref_axis',(0.,0.,-1.));
#13342=DIRECTION('',(0.,0.,-1.));
#13343=DIRECTION('',(0.,0.,-1.));
#13344=DIRECTION('',(0.913545457642601,-0.4067366430758,0.));
#13345=DIRECTION('center_axis',(-0.913545457642601,0.4067366430758,0.));
#13346=DIRECTION('ref_axis',(0.,0.,1.));
#13347=DIRECTION('',(-0.4067366430758,-0.913545457642601,0.));
#13348=DIRECTION('center_axis',(0.,0.,1.));
#13349=DIRECTION('ref_axis',(1.,0.,0.));
#13350=DIRECTION('center_axis',(0.,0.,-1.));
#13351=DIRECTION('ref_axis',(1.,0.,0.));
#13352=DIRECTION('center_axis',(0.5,0.866025403784439,0.));
#13353=DIRECTION('ref_axis',(0.,0.,1.));
#13354=DIRECTION('',(0.,0.,1.));
#13355=DIRECTION('',(-0.866025403784439,0.5,0.));
#13356=DIRECTION('',(0.,0.,-1.));
#13357=DIRECTION('center_axis',(-0.5,-0.866025403784439,0.));
#13358=DIRECTION('ref_axis',(0.,0.,-1.));
#13359=DIRECTION('',(0.,0.,-1.));
#13360=DIRECTION('',(0.,0.,-1.));
#13361=DIRECTION('',(0.866025403784439,-0.5,0.));
#13362=DIRECTION('center_axis',(-0.866025403784439,0.5,0.));
#13363=DIRECTION('ref_axis',(0.,0.,1.));
#13364=DIRECTION('',(-0.5,-0.866025403784439,0.));
#13365=DIRECTION('center_axis',(0.,0.,1.));
#13366=DIRECTION('ref_axis',(1.,0.,0.));
#13367=DIRECTION('center_axis',(0.,0.,-1.));
#13368=DIRECTION('ref_axis',(1.,0.,0.));
#13369=DIRECTION('center_axis',(0.587785252292473,0.809016994374947,0.));
#13370=DIRECTION('ref_axis',(0.,0.,1.));
#13371=DIRECTION('',(0.,0.,1.));
#13372=DIRECTION('',(-0.809016994374947,0.587785252292473,0.));
#13373=DIRECTION('',(0.,0.,-1.));
#13374=DIRECTION('center_axis',(-0.587785252292473,-0.809016994374947,0.));
#13375=DIRECTION('ref_axis',(0.,0.,-1.));
#13376=DIRECTION('',(0.,0.,-1.));
#13377=DIRECTION('',(0.,0.,-1.));
#13378=DIRECTION('',(0.809016994374947,-0.587785252292473,0.));
#13379=DIRECTION('center_axis',(-0.809016994374947,0.587785252292473,0.));
#13380=DIRECTION('ref_axis',(0.,0.,1.));
#13381=DIRECTION('',(-0.587785252292473,-0.809016994374947,0.));
#13382=DIRECTION('center_axis',(0.,0.,1.));
#13383=DIRECTION('ref_axis',(1.,0.,0.));
#13384=DIRECTION('center_axis',(0.,0.,-1.));
#13385=DIRECTION('ref_axis',(1.,0.,0.));
#13386=DIRECTION('center_axis',(0.669130606358858,0.743144825477394,0.));
#13387=DIRECTION('ref_axis',(0.,0.,1.));
#13388=DIRECTION('',(0.,0.,1.));
#13389=DIRECTION('',(-0.743144825477394,0.669130606358858,0.));
#13390=DIRECTION('',(0.,0.,-1.));
#13391=DIRECTION('center_axis',(-0.669130606358858,-0.743144825477394,0.));
#13392=DIRECTION('ref_axis',(0.,0.,-1.));
#13393=DIRECTION('',(0.,0.,-1.));
#13394=DIRECTION('',(0.,0.,-1.));
#13395=DIRECTION('',(0.743144825477394,-0.669130606358858,0.));
#13396=DIRECTION('center_axis',(-0.743144825477394,0.669130606358858,0.));
#13397=DIRECTION('ref_axis',(0.,0.,1.));
#13398=DIRECTION('',(-0.669130606358858,-0.743144825477394,0.));
#13399=DIRECTION('center_axis',(0.,0.,1.));
#13400=DIRECTION('ref_axis',(1.,0.,0.));
#13401=DIRECTION('center_axis',(0.,0.,-1.));
#13402=DIRECTION('ref_axis',(1.,0.,0.));
#13403=DIRECTION('center_axis',(0.743144825477394,0.669130606358858,0.));
#13404=DIRECTION('ref_axis',(0.,0.,1.));
#13405=DIRECTION('',(0.,0.,1.));
#13406=DIRECTION('',(-0.669130606358858,0.743144825477394,0.));
#13407=DIRECTION('',(0.,0.,-1.));
#13408=DIRECTION('center_axis',(-0.743144825477394,-0.669130606358858,0.));
#13409=DIRECTION('ref_axis',(0.,0.,-1.));
#13410=DIRECTION('',(0.,0.,-1.));
#13411=DIRECTION('',(0.,0.,-1.));
#13412=DIRECTION('',(0.669130606358858,-0.743144825477394,0.));
#13413=DIRECTION('center_axis',(-0.669130606358858,0.743144825477394,0.));
#13414=DIRECTION('ref_axis',(0.,0.,1.));
#13415=DIRECTION('',(-0.743144825477394,-0.669130606358858,0.));
#13416=DIRECTION('center_axis',(0.,0.,1.));
#13417=DIRECTION('ref_axis',(1.,0.,0.));
#13418=DIRECTION('center_axis',(0.,0.,-1.));
#13419=DIRECTION('ref_axis',(1.,0.,0.));
#13420=DIRECTION('center_axis',(0.809016994374948,0.587785252292473,0.));
#13421=DIRECTION('ref_axis',(0.,0.,1.));
#13422=DIRECTION('',(0.,0.,1.));
#13423=DIRECTION('',(-0.587785252292473,0.809016994374948,0.));
#13424=DIRECTION('',(0.,0.,-1.));
#13425=DIRECTION('center_axis',(-0.809016994374948,-0.587785252292473,0.));
#13426=DIRECTION('ref_axis',(0.,0.,-1.));
#13427=DIRECTION('',(0.,0.,-1.));
#13428=DIRECTION('',(0.,0.,-1.));
#13429=DIRECTION('',(0.587785252292473,-0.809016994374948,0.));
#13430=DIRECTION('center_axis',(-0.587785252292473,0.809016994374948,0.));
#13431=DIRECTION('ref_axis',(0.,0.,1.));
#13432=DIRECTION('',(-0.809016994374948,-0.587785252292473,0.));
#13433=DIRECTION('center_axis',(0.,0.,1.));
#13434=DIRECTION('ref_axis',(1.,0.,0.));
#13435=DIRECTION('center_axis',(0.,0.,-1.));
#13436=DIRECTION('ref_axis',(1.,0.,0.));
#13437=DIRECTION('center_axis',(0.866025403784439,0.5,0.));
#13438=DIRECTION('ref_axis',(0.,0.,1.));
#13439=DIRECTION('',(0.,0.,1.));
#13440=DIRECTION('',(-0.5,0.866025403784439,0.));
#13441=DIRECTION('',(0.,0.,-1.));
#13442=DIRECTION('center_axis',(-0.866025403784439,-0.5,0.));
#13443=DIRECTION('ref_axis',(0.,0.,-1.));
#13444=DIRECTION('',(0.,0.,-1.));
#13445=DIRECTION('',(0.,0.,-1.));
#13446=DIRECTION('',(0.5,-0.866025403784439,0.));
#13447=DIRECTION('center_axis',(-0.5,0.866025403784439,0.));
#13448=DIRECTION('ref_axis',(0.,0.,1.));
#13449=DIRECTION('',(-0.866025403784439,-0.5,0.));
#13450=DIRECTION('center_axis',(0.,0.,1.));
#13451=DIRECTION('ref_axis',(1.,0.,0.));
#13452=DIRECTION('center_axis',(0.,0.,-1.));
#13453=DIRECTION('ref_axis',(1.,0.,0.));
#13454=DIRECTION('center_axis',(0.913545457642601,0.4067366430758,0.));
#13455=DIRECTION('ref_axis',(0.,0.,1.));
#13456=DIRECTION('',(0.,0.,1.));
#13457=DIRECTION('',(-0.4067366430758,0.913545457642601,0.));
#13458=DIRECTION('',(0.,0.,-1.));
#13459=DIRECTION('center_axis',(-0.913545457642601,-0.4067366430758,0.));
#13460=DIRECTION('ref_axis',(0.,0.,-1.));
#13461=DIRECTION('',(0.,0.,-1.));
#13462=DIRECTION('',(0.,0.,-1.));
#13463=DIRECTION('',(0.4067366430758,-0.913545457642601,0.));
#13464=DIRECTION('center_axis',(-0.4067366430758,0.913545457642601,0.));
#13465=DIRECTION('ref_axis',(0.,0.,1.));
#13466=DIRECTION('',(-0.913545457642601,-0.4067366430758,0.));
#13467=DIRECTION('center_axis',(0.,0.,1.));
#13468=DIRECTION('ref_axis',(1.,0.,0.));
#13469=DIRECTION('center_axis',(0.,0.,-1.));
#13470=DIRECTION('ref_axis',(1.,0.,0.));
#13471=DIRECTION('center_axis',(0.951056516295154,0.309016994374947,0.));
#13472=DIRECTION('ref_axis',(0.,0.,1.));
#13473=DIRECTION('',(0.,0.,1.));
#13474=DIRECTION('',(-0.309016994374947,0.951056516295154,0.));
#13475=DIRECTION('',(0.,0.,-1.));
#13476=DIRECTION('center_axis',(-0.951056516295154,-0.309016994374947,0.));
#13477=DIRECTION('ref_axis',(0.,0.,-1.));
#13478=DIRECTION('',(0.,0.,-1.));
#13479=DIRECTION('',(0.,0.,-1.));
#13480=DIRECTION('',(0.309016994374947,-0.951056516295154,0.));
#13481=DIRECTION('center_axis',(-0.309016994374947,0.951056516295154,0.));
#13482=DIRECTION('ref_axis',(0.,0.,1.));
#13483=DIRECTION('',(-0.951056516295154,-0.309016994374947,0.));
#13484=DIRECTION('center_axis',(0.,0.,1.));
#13485=DIRECTION('ref_axis',(1.,0.,0.));
#13486=DIRECTION('center_axis',(0.,0.,-1.));
#13487=DIRECTION('ref_axis',(1.,0.,0.));
#13488=DIRECTION('center_axis',(0.978147600733806,0.207911690817759,0.));
#13489=DIRECTION('ref_axis',(0.,0.,1.));
#13490=DIRECTION('',(0.,0.,1.));
#13491=DIRECTION('',(-0.207911690817759,0.978147600733805,0.));
#13492=DIRECTION('',(0.,0.,-1.));
#13493=DIRECTION('center_axis',(-0.978147600733806,-0.207911690817759,0.));
#13494=DIRECTION('ref_axis',(0.,0.,-1.));
#13495=DIRECTION('',(0.,0.,-1.));
#13496=DIRECTION('',(0.,0.,-1.));
#13497=DIRECTION('',(0.207911690817759,-0.978147600733805,0.));
#13498=DIRECTION('center_axis',(-0.207911690817759,0.978147600733806,0.));
#13499=DIRECTION('ref_axis',(0.,0.,1.));
#13500=DIRECTION('',(-0.978147600733805,-0.207911690817759,0.));
#13501=DIRECTION('center_axis',(0.,0.,1.));
#13502=DIRECTION('ref_axis',(1.,0.,0.));
#13503=DIRECTION('center_axis',(0.,0.,-1.));
#13504=DIRECTION('ref_axis',(1.,0.,0.));
#13505=DIRECTION('center_axis',(0.994521895368273,0.104528463267653,0.));
#13506=DIRECTION('ref_axis',(0.,0.,1.));
#13507=DIRECTION('',(0.,0.,1.));
#13508=DIRECTION('',(-0.104528463267653,0.994521895368273,0.));
#13509=DIRECTION('',(0.,0.,-1.));
#13510=DIRECTION('center_axis',(-0.994521895368273,-0.104528463267653,0.));
#13511=DIRECTION('ref_axis',(0.,0.,-1.));
#13512=DIRECTION('',(0.,0.,-1.));
#13513=DIRECTION('',(0.,0.,-1.));
#13514=DIRECTION('',(0.104528463267653,-0.994521895368273,0.));
#13515=DIRECTION('center_axis',(-0.104528463267653,0.994521895368273,0.));
#13516=DIRECTION('ref_axis',(0.,0.,1.));
#13517=DIRECTION('',(-0.994521895368273,-0.104528463267653,0.));
#13518=DIRECTION('center_axis',(0.,0.,1.));
#13519=DIRECTION('ref_axis',(1.,0.,0.));
#13520=DIRECTION('center_axis',(0.,0.,-1.));
#13521=DIRECTION('ref_axis',(1.,0.,0.));
#13522=DIRECTION('center_axis',(1.,-1.83697019872103E-16,0.));
#13523=DIRECTION('ref_axis',(0.,0.,1.));
#13524=DIRECTION('',(0.,0.,1.));
#13525=DIRECTION('',(1.83697019872103E-16,1.,0.));
#13526=DIRECTION('',(0.,0.,-1.));
#13527=DIRECTION('center_axis',(-1.,1.83697019872103E-16,0.));
#13528=DIRECTION('ref_axis',(0.,0.,-1.));
#13529=DIRECTION('',(0.,0.,-1.));
#13530=DIRECTION('',(0.,0.,-1.));
#13531=DIRECTION('',(-1.83697019872103E-16,-1.,0.));
#13532=DIRECTION('center_axis',(1.83697019872103E-16,1.,0.));
#13533=DIRECTION('ref_axis',(0.,0.,1.));
#13534=DIRECTION('',(-1.,1.83697019872103E-16,0.));
#13535=DIRECTION('center_axis',(0.,0.,1.));
#13536=DIRECTION('ref_axis',(1.,0.,0.));
#13537=DIRECTION('center_axis',(0.,0.,-1.));
#13538=DIRECTION('ref_axis',(1.,0.,0.));
#13539=DIRECTION('center_axis',(0.994521895368273,-0.104528463267654,0.));
#13540=DIRECTION('ref_axis',(0.,0.,1.));
#13541=DIRECTION('',(0.,0.,1.));
#13542=DIRECTION('',(0.104528463267654,0.994521895368273,0.));
#13543=DIRECTION('',(0.,0.,-1.));
#13544=DIRECTION('center_axis',(-0.994521895368273,0.104528463267654,0.));
#13545=DIRECTION('ref_axis',(0.,0.,-1.));
#13546=DIRECTION('',(0.,0.,-1.));
#13547=DIRECTION('',(0.,0.,-1.));
#13548=DIRECTION('',(-0.104528463267654,-0.994521895368273,0.));
#13549=DIRECTION('center_axis',(0.104528463267654,0.994521895368273,0.));
#13550=DIRECTION('ref_axis',(0.,0.,1.));
#13551=DIRECTION('',(-0.994521895368273,0.104528463267654,0.));
#13552=DIRECTION('center_axis',(0.,0.,1.));
#13553=DIRECTION('ref_axis',(1.,0.,0.));
#13554=DIRECTION('center_axis',(0.,0.,-1.));
#13555=DIRECTION('ref_axis',(1.,0.,0.));
#13556=DIRECTION('center_axis',(0.978147600733806,-0.20791169081776,0.));
#13557=DIRECTION('ref_axis',(0.,0.,1.));
#13558=DIRECTION('',(0.,0.,1.));
#13559=DIRECTION('',(0.20791169081776,0.978147600733805,0.));
#13560=DIRECTION('',(0.,0.,-1.));
#13561=DIRECTION('center_axis',(-0.978147600733806,0.20791169081776,0.));
#13562=DIRECTION('ref_axis',(0.,0.,-1.));
#13563=DIRECTION('',(0.,0.,-1.));
#13564=DIRECTION('',(0.,0.,-1.));
#13565=DIRECTION('',(-0.20791169081776,-0.978147600733805,0.));
#13566=DIRECTION('center_axis',(0.20791169081776,0.978147600733806,0.));
#13567=DIRECTION('ref_axis',(0.,0.,1.));
#13568=DIRECTION('',(-0.978147600733805,0.20791169081776,0.));
#13569=DIRECTION('center_axis',(0.,0.,1.));
#13570=DIRECTION('ref_axis',(1.,0.,0.));
#13571=DIRECTION('center_axis',(0.,0.,-1.));
#13572=DIRECTION('ref_axis',(1.,0.,0.));
#13573=DIRECTION('center_axis',(0.951056516295154,-0.309016994374948,0.));
#13574=DIRECTION('ref_axis',(0.,0.,1.));
#13575=DIRECTION('',(0.,0.,1.));
#13576=DIRECTION('',(0.309016994374948,0.951056516295153,0.));
#13577=DIRECTION('',(0.,0.,-1.));
#13578=DIRECTION('center_axis',(-0.951056516295154,0.309016994374948,0.));
#13579=DIRECTION('ref_axis',(0.,0.,-1.));
#13580=DIRECTION('',(0.,0.,-1.));
#13581=DIRECTION('',(0.,0.,-1.));
#13582=DIRECTION('',(-0.309016994374948,-0.951056516295153,0.));
#13583=DIRECTION('center_axis',(0.309016994374948,0.951056516295154,0.));
#13584=DIRECTION('ref_axis',(0.,0.,1.));
#13585=DIRECTION('',(-0.951056516295153,0.309016994374948,0.));
#13586=DIRECTION('center_axis',(0.,0.,1.));
#13587=DIRECTION('ref_axis',(1.,0.,0.));
#13588=DIRECTION('center_axis',(0.,0.,-1.));
#13589=DIRECTION('ref_axis',(1.,0.,0.));
#13590=DIRECTION('center_axis',(0.913545457642601,-0.406736643075801,0.));
#13591=DIRECTION('ref_axis',(0.,0.,1.));
#13592=DIRECTION('',(0.,0.,1.));
#13593=DIRECTION('',(0.406736643075801,0.913545457642601,0.));
#13594=DIRECTION('',(0.,0.,-1.));
#13595=DIRECTION('center_axis',(-0.913545457642601,0.406736643075801,0.));
#13596=DIRECTION('ref_axis',(0.,0.,-1.));
#13597=DIRECTION('',(0.,0.,-1.));
#13598=DIRECTION('',(0.,0.,-1.));
#13599=DIRECTION('',(-0.406736643075801,-0.913545457642601,0.));
#13600=DIRECTION('center_axis',(0.406736643075801,0.913545457642601,0.));
#13601=DIRECTION('ref_axis',(0.,0.,1.));
#13602=DIRECTION('',(-0.913545457642601,0.406736643075801,0.));
#13603=DIRECTION('center_axis',(0.,0.,1.));
#13604=DIRECTION('ref_axis',(1.,0.,0.));
#13605=DIRECTION('center_axis',(0.,0.,-1.));
#13606=DIRECTION('ref_axis',(1.,0.,0.));
#13607=DIRECTION('center_axis',(0.866025403784438,-0.5,0.));
#13608=DIRECTION('ref_axis',(0.,0.,1.));
#13609=DIRECTION('',(0.,0.,1.));
#13610=DIRECTION('',(0.5,0.866025403784438,0.));
#13611=DIRECTION('',(0.,0.,-1.));
#13612=DIRECTION('center_axis',(-0.866025403784438,0.5,0.));
#13613=DIRECTION('ref_axis',(0.,0.,-1.));
#13614=DIRECTION('',(0.,0.,-1.));
#13615=DIRECTION('',(0.,0.,-1.));
#13616=DIRECTION('',(-0.5,-0.866025403784438,0.));
#13617=DIRECTION('center_axis',(0.5,0.866025403784438,0.));
#13618=DIRECTION('ref_axis',(0.,0.,1.));
#13619=DIRECTION('',(-0.866025403784438,0.5,0.));
#13620=DIRECTION('center_axis',(0.,0.,1.));
#13621=DIRECTION('ref_axis',(1.,0.,0.));
#13622=DIRECTION('center_axis',(0.,0.,-1.));
#13623=DIRECTION('ref_axis',(1.,0.,0.));
#13624=DIRECTION('center_axis',(0.809016994374947,-0.587785252292473,0.));
#13625=DIRECTION('ref_axis',(0.,0.,1.));
#13626=DIRECTION('',(0.,0.,1.));
#13627=DIRECTION('',(0.587785252292473,0.809016994374947,0.));
#13628=DIRECTION('',(0.,0.,-1.));
#13629=DIRECTION('center_axis',(-0.809016994374947,0.587785252292473,0.));
#13630=DIRECTION('ref_axis',(0.,0.,-1.));
#13631=DIRECTION('',(0.,0.,-1.));
#13632=DIRECTION('',(0.,0.,-1.));
#13633=DIRECTION('',(-0.587785252292473,-0.809016994374947,0.));
#13634=DIRECTION('center_axis',(0.587785252292473,0.809016994374947,0.));
#13635=DIRECTION('ref_axis',(0.,0.,1.));
#13636=DIRECTION('',(-0.809016994374947,0.587785252292473,0.));
#13637=DIRECTION('center_axis',(0.,0.,1.));
#13638=DIRECTION('ref_axis',(1.,0.,0.));
#13639=DIRECTION('center_axis',(0.,0.,-1.));
#13640=DIRECTION('ref_axis',(1.,0.,0.));
#13641=DIRECTION('center_axis',(0.743144825477394,-0.669130606358858,0.));
#13642=DIRECTION('ref_axis',(0.,0.,1.));
#13643=DIRECTION('',(0.,0.,1.));
#13644=DIRECTION('',(0.669130606358858,0.743144825477394,0.));
#13645=DIRECTION('',(0.,0.,-1.));
#13646=DIRECTION('center_axis',(-0.743144825477394,0.669130606358858,0.));
#13647=DIRECTION('ref_axis',(0.,0.,-1.));
#13648=DIRECTION('',(0.,0.,-1.));
#13649=DIRECTION('',(0.,0.,-1.));
#13650=DIRECTION('',(-0.669130606358858,-0.743144825477394,0.));
#13651=DIRECTION('center_axis',(0.669130606358858,0.743144825477394,0.));
#13652=DIRECTION('ref_axis',(0.,0.,1.));
#13653=DIRECTION('',(-0.743144825477394,0.669130606358858,0.));
#13654=DIRECTION('center_axis',(0.,0.,1.));
#13655=DIRECTION('ref_axis',(1.,0.,0.));
#13656=DIRECTION('center_axis',(0.,0.,-1.));
#13657=DIRECTION('ref_axis',(1.,0.,0.));
#13658=DIRECTION('center_axis',(0.669130606358858,-0.743144825477394,0.));
#13659=DIRECTION('ref_axis',(0.,0.,1.));
#13660=DIRECTION('',(0.,0.,1.));
#13661=DIRECTION('',(0.743144825477394,0.669130606358858,0.));
#13662=DIRECTION('',(0.,0.,-1.));
#13663=DIRECTION('center_axis',(-0.669130606358858,0.743144825477394,0.));
#13664=DIRECTION('ref_axis',(0.,0.,-1.));
#13665=DIRECTION('',(0.,0.,-1.));
#13666=DIRECTION('',(0.,0.,-1.));
#13667=DIRECTION('',(-0.743144825477394,-0.669130606358858,0.));
#13668=DIRECTION('center_axis',(0.743144825477394,0.669130606358858,0.));
#13669=DIRECTION('ref_axis',(0.,0.,1.));
#13670=DIRECTION('',(-0.669130606358858,0.743144825477394,0.));
#13671=DIRECTION('center_axis',(0.,0.,1.));
#13672=DIRECTION('ref_axis',(1.,0.,0.));
#13673=DIRECTION('center_axis',(0.,0.,-1.));
#13674=DIRECTION('ref_axis',(1.,0.,0.));
#13675=DIRECTION('center_axis',(0.587785252292473,-0.809016994374948,0.));
#13676=DIRECTION('ref_axis',(0.,0.,1.));
#13677=DIRECTION('',(0.,0.,1.));
#13678=DIRECTION('',(0.809016994374947,0.587785252292473,0.));
#13679=DIRECTION('',(0.,0.,-1.));
#13680=DIRECTION('center_axis',(-0.587785252292473,0.809016994374948,0.));
#13681=DIRECTION('ref_axis',(0.,0.,-1.));
#13682=DIRECTION('',(0.,0.,-1.));
#13683=DIRECTION('',(0.,0.,-1.));
#13684=DIRECTION('',(-0.809016994374947,-0.587785252292473,0.));
#13685=DIRECTION('center_axis',(0.809016994374948,0.587785252292473,0.));
#13686=DIRECTION('ref_axis',(0.,0.,1.));
#13687=DIRECTION('',(-0.587785252292473,0.809016994374947,0.));
#13688=DIRECTION('center_axis',(0.,0.,1.));
#13689=DIRECTION('ref_axis',(1.,0.,0.));
#13690=DIRECTION('center_axis',(0.,0.,-1.));
#13691=DIRECTION('ref_axis',(1.,0.,0.));
#13692=DIRECTION('center_axis',(0.5,-0.866025403784439,0.));
#13693=DIRECTION('ref_axis',(0.,0.,1.));
#13694=DIRECTION('',(0.,0.,1.));
#13695=DIRECTION('',(0.866025403784439,0.5,0.));
#13696=DIRECTION('',(0.,0.,-1.));
#13697=DIRECTION('center_axis',(-0.5,0.866025403784439,0.));
#13698=DIRECTION('ref_axis',(0.,0.,-1.));
#13699=DIRECTION('',(0.,0.,-1.));
#13700=DIRECTION('',(0.,0.,-1.));
#13701=DIRECTION('',(-0.866025403784439,-0.5,0.));
#13702=DIRECTION('center_axis',(0.866025403784439,0.5,0.));
#13703=DIRECTION('ref_axis',(0.,0.,1.));
#13704=DIRECTION('',(-0.5,0.866025403784439,0.));
#13705=DIRECTION('center_axis',(0.,0.,1.));
#13706=DIRECTION('ref_axis',(1.,0.,0.));
#13707=DIRECTION('center_axis',(0.,0.,-1.));
#13708=DIRECTION('ref_axis',(1.,0.,0.));
#13709=DIRECTION('center_axis',(0.4067366430758,-0.913545457642601,0.));
#13710=DIRECTION('ref_axis',(0.,0.,1.));
#13711=DIRECTION('',(0.,0.,1.));
#13712=DIRECTION('',(0.913545457642601,0.4067366430758,0.));
#13713=DIRECTION('',(0.,0.,-1.));
#13714=DIRECTION('center_axis',(-0.4067366430758,0.913545457642601,0.));
#13715=DIRECTION('ref_axis',(0.,0.,-1.));
#13716=DIRECTION('',(0.,0.,-1.));
#13717=DIRECTION('',(0.,0.,-1.));
#13718=DIRECTION('',(-0.913545457642601,-0.4067366430758,0.));
#13719=DIRECTION('center_axis',(0.913545457642601,0.4067366430758,0.));
#13720=DIRECTION('ref_axis',(0.,0.,1.));
#13721=DIRECTION('',(-0.4067366430758,0.913545457642601,0.));
#13722=DIRECTION('center_axis',(0.,0.,1.));
#13723=DIRECTION('ref_axis',(1.,0.,0.));
#13724=DIRECTION('center_axis',(0.,0.,-1.));
#13725=DIRECTION('ref_axis',(1.,0.,0.));
#13726=DIRECTION('center_axis',(0.309016994374947,-0.951056516295154,0.));
#13727=DIRECTION('ref_axis',(0.,0.,1.));
#13728=DIRECTION('',(0.,0.,1.));
#13729=DIRECTION('',(0.951056516295154,0.309016994374947,0.));
#13730=DIRECTION('',(0.,0.,-1.));
#13731=DIRECTION('center_axis',(-0.309016994374947,0.951056516295154,0.));
#13732=DIRECTION('ref_axis',(0.,0.,-1.));
#13733=DIRECTION('',(0.,0.,-1.));
#13734=DIRECTION('',(0.,0.,-1.));
#13735=DIRECTION('',(-0.951056516295154,-0.309016994374947,0.));
#13736=DIRECTION('center_axis',(0.951056516295154,0.309016994374947,0.));
#13737=DIRECTION('ref_axis',(0.,0.,1.));
#13738=DIRECTION('',(-0.309016994374947,0.951056516295154,0.));
#13739=DIRECTION('center_axis',(0.,0.,1.));
#13740=DIRECTION('ref_axis',(1.,0.,0.));
#13741=DIRECTION('center_axis',(0.,0.,-1.));
#13742=DIRECTION('ref_axis',(1.,0.,0.));
#13743=DIRECTION('center_axis',(0.207911690817759,-0.978147600733806,0.));
#13744=DIRECTION('ref_axis',(0.,0.,1.));
#13745=DIRECTION('',(0.,0.,1.));
#13746=DIRECTION('',(0.978147600733806,0.207911690817759,0.));
#13747=DIRECTION('',(0.,0.,-1.));
#13748=DIRECTION('center_axis',(-0.207911690817759,0.978147600733806,0.));
#13749=DIRECTION('ref_axis',(0.,0.,-1.));
#13750=DIRECTION('',(0.,0.,-1.));
#13751=DIRECTION('',(0.,0.,-1.));
#13752=DIRECTION('',(-0.978147600733806,-0.207911690817759,0.));
#13753=DIRECTION('center_axis',(0.978147600733806,0.207911690817759,0.));
#13754=DIRECTION('ref_axis',(0.,0.,1.));
#13755=DIRECTION('',(-0.207911690817759,0.978147600733806,0.));
#13756=DIRECTION('center_axis',(0.,0.,1.));
#13757=DIRECTION('ref_axis',(1.,0.,0.));
#13758=DIRECTION('center_axis',(0.,0.,-1.));
#13759=DIRECTION('ref_axis',(1.,0.,0.));
#13760=DIRECTION('center_axis',(0.104528463267653,-0.994521895368273,0.));
#13761=DIRECTION('ref_axis',(0.,0.,1.));
#13762=DIRECTION('',(0.,0.,1.));
#13763=DIRECTION('',(0.994521895368273,0.104528463267653,0.));
#13764=DIRECTION('',(0.,0.,-1.));
#13765=DIRECTION('center_axis',(-0.104528463267653,0.994521895368273,0.));
#13766=DIRECTION('ref_axis',(0.,0.,-1.));
#13767=DIRECTION('',(0.,0.,-1.));
#13768=DIRECTION('',(0.,0.,-1.));
#13769=DIRECTION('',(-0.994521895368273,-0.104528463267653,0.));
#13770=DIRECTION('center_axis',(0.994521895368273,0.104528463267653,0.));
#13771=DIRECTION('ref_axis',(0.,0.,1.));
#13772=DIRECTION('',(-0.104528463267653,0.994521895368273,0.));
#13773=DIRECTION('center_axis',(0.,0.,1.));
#13774=DIRECTION('ref_axis',(1.,0.,0.));
#13775=DIRECTION('center_axis',(0.,0.,-1.));
#13776=DIRECTION('ref_axis',(1.,0.,0.));
#13777=DIRECTION('center_axis',(-5.66553889764798E-16,-1.,0.));
#13778=DIRECTION('ref_axis',(0.,0.,1.));
#13779=DIRECTION('',(0.,0.,1.));
#13780=DIRECTION('',(1.,-5.66553889764798E-16,0.));
#13781=DIRECTION('',(0.,0.,-1.));
#13782=DIRECTION('center_axis',(5.66553889764798E-16,1.,0.));
#13783=DIRECTION('ref_axis',(0.,0.,-1.));
#13784=DIRECTION('',(0.,0.,-1.));
#13785=DIRECTION('',(0.,0.,-1.));
#13786=DIRECTION('',(-1.,5.66553889764798E-16,0.));
#13787=DIRECTION('center_axis',(1.,-5.66553889764798E-16,0.));
#13788=DIRECTION('ref_axis',(0.,0.,1.));
#13789=DIRECTION('',(5.66553889764798E-16,1.,0.));
#13790=DIRECTION('center_axis',(0.,0.,1.));
#13791=DIRECTION('ref_axis',(1.,0.,0.));
#13792=DIRECTION('center_axis',(0.,0.,-1.));
#13793=DIRECTION('ref_axis',(1.,0.,0.));
#13794=DIRECTION('center_axis',(-0.104528463267653,-0.994521895368273,0.));
#13795=DIRECTION('ref_axis',(0.,0.,1.));
#13796=DIRECTION('',(0.,0.,1.));
#13797=DIRECTION('',(0.994521895368273,-0.104528463267653,0.));
#13798=DIRECTION('',(0.,0.,-1.));
#13799=DIRECTION('center_axis',(0.104528463267653,0.994521895368273,0.));
#13800=DIRECTION('ref_axis',(0.,0.,-1.));
#13801=DIRECTION('',(0.,0.,-1.));
#13802=DIRECTION('',(0.,0.,-1.));
#13803=DIRECTION('',(-0.994521895368273,0.104528463267653,0.));
#13804=DIRECTION('center_axis',(0.994521895368273,-0.104528463267653,0.));
#13805=DIRECTION('ref_axis',(0.,0.,1.));
#13806=DIRECTION('',(0.104528463267653,0.994521895368273,0.));
#13807=DIRECTION('center_axis',(0.,0.,1.));
#13808=DIRECTION('ref_axis',(1.,0.,0.));
#13809=DIRECTION('center_axis',(0.,0.,-1.));
#13810=DIRECTION('ref_axis',(1.,0.,0.));
#13811=DIRECTION('center_axis',(-0.207911690817759,-0.978147600733806,0.));
#13812=DIRECTION('ref_axis',(0.,0.,1.));
#13813=DIRECTION('',(0.,0.,1.));
#13814=DIRECTION('',(0.978147600733806,-0.207911690817759,0.));
#13815=DIRECTION('',(0.,0.,-1.));
#13816=DIRECTION('center_axis',(0.207911690817759,0.978147600733806,0.));
#13817=DIRECTION('ref_axis',(0.,0.,-1.));
#13818=DIRECTION('',(0.,0.,-1.));
#13819=DIRECTION('',(0.,0.,-1.));
#13820=DIRECTION('',(-0.978147600733806,0.207911690817759,0.));
#13821=DIRECTION('center_axis',(0.978147600733806,-0.207911690817759,0.));
#13822=DIRECTION('ref_axis',(0.,0.,1.));
#13823=DIRECTION('',(0.207911690817759,0.978147600733806,0.));
#13824=DIRECTION('center_axis',(0.,0.,1.));
#13825=DIRECTION('ref_axis',(1.,0.,0.));
#13826=DIRECTION('center_axis',(0.,0.,-1.));
#13827=DIRECTION('ref_axis',(1.,0.,0.));
#13828=DIRECTION('center_axis',(-0.309016994374948,-0.951056516295154,0.));
#13829=DIRECTION('ref_axis',(0.,0.,1.));
#13830=DIRECTION('',(0.,0.,1.));
#13831=DIRECTION('',(0.951056516295153,-0.309016994374948,0.));
#13832=DIRECTION('',(0.,0.,-1.));
#13833=DIRECTION('center_axis',(0.309016994374948,0.951056516295154,0.));
#13834=DIRECTION('ref_axis',(0.,0.,-1.));
#13835=DIRECTION('',(0.,0.,-1.));
#13836=DIRECTION('',(0.,0.,-1.));
#13837=DIRECTION('',(-0.951056516295153,0.309016994374948,0.));
#13838=DIRECTION('center_axis',(0.951056516295154,-0.309016994374948,0.));
#13839=DIRECTION('ref_axis',(0.,0.,1.));
#13840=DIRECTION('',(0.309016994374948,0.951056516295153,0.));
#13841=DIRECTION('center_axis',(0.,0.,1.));
#13842=DIRECTION('ref_axis',(1.,0.,0.));
#13843=DIRECTION('center_axis',(0.,0.,-1.));
#13844=DIRECTION('ref_axis',(1.,0.,0.));
#13845=DIRECTION('center_axis',(-0.4067366430758,-0.913545457642601,0.));
#13846=DIRECTION('ref_axis',(0.,0.,1.));
#13847=DIRECTION('',(0.,0.,1.));
#13848=DIRECTION('',(0.913545457642601,-0.4067366430758,0.));
#13849=DIRECTION('',(0.,0.,-1.));
#13850=DIRECTION('center_axis',(0.4067366430758,0.913545457642601,0.));
#13851=DIRECTION('ref_axis',(0.,0.,-1.));
#13852=DIRECTION('',(0.,0.,-1.));
#13853=DIRECTION('',(0.,0.,-1.));
#13854=DIRECTION('',(-0.913545457642601,0.4067366430758,0.));
#13855=DIRECTION('center_axis',(0.913545457642601,-0.4067366430758,0.));
#13856=DIRECTION('ref_axis',(0.,0.,1.));
#13857=DIRECTION('',(0.4067366430758,0.913545457642601,0.));
#13858=DIRECTION('center_axis',(0.,0.,1.));
#13859=DIRECTION('ref_axis',(1.,0.,0.));
#13860=DIRECTION('center_axis',(0.,0.,-1.));
#13861=DIRECTION('ref_axis',(1.,0.,0.));
#13862=DIRECTION('center_axis',(-0.5,-0.866025403784439,0.));
#13863=DIRECTION('ref_axis',(0.,0.,1.));
#13864=DIRECTION('',(0.,0.,1.));
#13865=DIRECTION('',(0.866025403784439,-0.5,0.));
#13866=DIRECTION('',(0.,0.,-1.));
#13867=DIRECTION('center_axis',(0.5,0.866025403784439,0.));
#13868=DIRECTION('ref_axis',(0.,0.,-1.));
#13869=DIRECTION('',(0.,0.,-1.));
#13870=DIRECTION('',(0.,0.,-1.));
#13871=DIRECTION('',(-0.866025403784439,0.5,0.));
#13872=DIRECTION('center_axis',(0.866025403784439,-0.5,0.));
#13873=DIRECTION('ref_axis',(0.,0.,1.));
#13874=DIRECTION('',(0.5,0.866025403784439,0.));
#13875=DIRECTION('center_axis',(0.,0.,1.));
#13876=DIRECTION('ref_axis',(1.,0.,0.));
#13877=DIRECTION('center_axis',(0.,0.,-1.));
#13878=DIRECTION('ref_axis',(1.,0.,0.));
#13879=DIRECTION('center_axis',(-0.587785252292473,-0.809016994374947,0.));
#13880=DIRECTION('ref_axis',(0.,0.,1.));
#13881=DIRECTION('',(0.,0.,1.));
#13882=DIRECTION('',(0.809016994374947,-0.587785252292473,0.));
#13883=DIRECTION('',(0.,0.,-1.));
#13884=DIRECTION('center_axis',(0.587785252292473,0.809016994374947,0.));
#13885=DIRECTION('ref_axis',(0.,0.,-1.));
#13886=DIRECTION('',(0.,0.,-1.));
#13887=DIRECTION('',(0.,0.,-1.));
#13888=DIRECTION('',(-0.809016994374947,0.587785252292473,0.));
#13889=DIRECTION('center_axis',(0.809016994374947,-0.587785252292473,0.));
#13890=DIRECTION('ref_axis',(0.,0.,1.));
#13891=DIRECTION('',(0.587785252292473,0.809016994374947,0.));
#13892=DIRECTION('center_axis',(0.,0.,1.));
#13893=DIRECTION('ref_axis',(1.,0.,0.));
#13894=DIRECTION('center_axis',(0.,0.,-1.));
#13895=DIRECTION('ref_axis',(1.,0.,0.));
#13896=DIRECTION('center_axis',(-0.669130606358858,-0.743144825477394,0.));
#13897=DIRECTION('ref_axis',(0.,0.,1.));
#13898=DIRECTION('',(0.,0.,1.));
#13899=DIRECTION('',(0.743144825477394,-0.669130606358858,0.));
#13900=DIRECTION('',(0.,0.,-1.));
#13901=DIRECTION('center_axis',(0.669130606358858,0.743144825477394,0.));
#13902=DIRECTION('ref_axis',(0.,0.,-1.));
#13903=DIRECTION('',(0.,0.,-1.));
#13904=DIRECTION('',(0.,0.,-1.));
#13905=DIRECTION('',(-0.743144825477394,0.669130606358858,0.));
#13906=DIRECTION('center_axis',(0.743144825477394,-0.669130606358858,0.));
#13907=DIRECTION('ref_axis',(0.,0.,1.));
#13908=DIRECTION('',(0.669130606358858,0.743144825477394,0.));
#13909=DIRECTION('center_axis',(0.,0.,1.));
#13910=DIRECTION('ref_axis',(1.,0.,0.));
#13911=DIRECTION('center_axis',(0.,0.,-1.));
#13912=DIRECTION('ref_axis',(1.,0.,0.));
#13913=DIRECTION('center_axis',(-0.743144825477395,-0.669130606358858,0.));
#13914=DIRECTION('ref_axis',(0.,0.,1.));
#13915=DIRECTION('',(0.,0.,1.));
#13916=DIRECTION('',(0.669130606358858,-0.743144825477394,0.));
#13917=DIRECTION('',(0.,0.,-1.));
#13918=DIRECTION('center_axis',(0.743144825477395,0.669130606358858,0.));
#13919=DIRECTION('ref_axis',(0.,0.,-1.));
#13920=DIRECTION('',(0.,0.,-1.));
#13921=DIRECTION('',(0.,0.,-1.));
#13922=DIRECTION('',(-0.669130606358858,0.743144825477394,0.));
#13923=DIRECTION('center_axis',(0.669130606358858,-0.743144825477394,0.));
#13924=DIRECTION('ref_axis',(0.,0.,1.));
#13925=DIRECTION('',(0.743144825477394,0.669130606358858,0.));
#13926=DIRECTION('center_axis',(0.,0.,1.));
#13927=DIRECTION('ref_axis',(1.,0.,0.));
#13928=DIRECTION('center_axis',(0.,0.,-1.));
#13929=DIRECTION('ref_axis',(1.,0.,0.));
#13930=DIRECTION('center_axis',(-0.809016994374948,-0.587785252292473,0.));
#13931=DIRECTION('ref_axis',(0.,0.,1.));
#13932=DIRECTION('',(0.,0.,1.));
#13933=DIRECTION('',(0.587785252292473,-0.809016994374947,0.));
#13934=DIRECTION('',(0.,0.,-1.));
#13935=DIRECTION('center_axis',(0.809016994374948,0.587785252292473,0.));
#13936=DIRECTION('ref_axis',(0.,0.,-1.));
#13937=DIRECTION('',(0.,0.,-1.));
#13938=DIRECTION('',(0.,0.,-1.));
#13939=DIRECTION('',(-0.587785252292473,0.809016994374947,0.));
#13940=DIRECTION('center_axis',(0.587785252292473,-0.809016994374948,0.));
#13941=DIRECTION('ref_axis',(0.,0.,1.));
#13942=DIRECTION('',(0.809016994374947,0.587785252292473,0.));
#13943=DIRECTION('center_axis',(0.,0.,1.));
#13944=DIRECTION('ref_axis',(1.,0.,0.));
#13945=DIRECTION('center_axis',(0.,0.,-1.));
#13946=DIRECTION('ref_axis',(1.,0.,0.));
#13947=DIRECTION('center_axis',(-0.866025403784439,-0.5,0.));
#13948=DIRECTION('ref_axis',(0.,0.,1.));
#13949=DIRECTION('',(0.,0.,1.));
#13950=DIRECTION('',(0.5,-0.866025403784439,0.));
#13951=DIRECTION('',(0.,0.,-1.));
#13952=DIRECTION('center_axis',(0.866025403784439,0.5,0.));
#13953=DIRECTION('ref_axis',(0.,0.,-1.));
#13954=DIRECTION('',(0.,0.,-1.));
#13955=DIRECTION('',(0.,0.,-1.));
#13956=DIRECTION('',(-0.5,0.866025403784439,0.));
#13957=DIRECTION('center_axis',(0.5,-0.866025403784439,0.));
#13958=DIRECTION('ref_axis',(0.,0.,1.));
#13959=DIRECTION('',(0.866025403784439,0.5,0.));
#13960=DIRECTION('center_axis',(0.,0.,1.));
#13961=DIRECTION('ref_axis',(1.,0.,0.));
#13962=DIRECTION('center_axis',(0.,0.,-1.));
#13963=DIRECTION('ref_axis',(1.,0.,0.));
#13964=DIRECTION('center_axis',(-0.913545457642601,-0.4067366430758,0.));
#13965=DIRECTION('ref_axis',(0.,0.,1.));
#13966=DIRECTION('',(0.,0.,1.));
#13967=DIRECTION('',(0.4067366430758,-0.913545457642601,0.));
#13968=DIRECTION('',(0.,0.,-1.));
#13969=DIRECTION('center_axis',(0.913545457642601,0.4067366430758,0.));
#13970=DIRECTION('ref_axis',(0.,0.,-1.));
#13971=DIRECTION('',(0.,0.,-1.));
#13972=DIRECTION('',(0.,0.,-1.));
#13973=DIRECTION('',(-0.4067366430758,0.913545457642601,0.));
#13974=DIRECTION('center_axis',(0.4067366430758,-0.913545457642601,0.));
#13975=DIRECTION('ref_axis',(0.,0.,1.));
#13976=DIRECTION('',(0.913545457642601,0.4067366430758,0.));
#13977=DIRECTION('center_axis',(0.,0.,1.));
#13978=DIRECTION('ref_axis',(1.,0.,0.));
#13979=DIRECTION('center_axis',(0.,0.,-1.));
#13980=DIRECTION('ref_axis',(1.,0.,0.));
#13981=DIRECTION('center_axis',(-0.951056516295154,-0.309016994374947,0.));
#13982=DIRECTION('ref_axis',(0.,0.,1.));
#13983=DIRECTION('',(0.,0.,1.));
#13984=DIRECTION('',(0.309016994374947,-0.951056516295154,0.));
#13985=DIRECTION('',(0.,0.,-1.));
#13986=DIRECTION('center_axis',(0.951056516295154,0.309016994374947,0.));
#13987=DIRECTION('ref_axis',(0.,0.,-1.));
#13988=DIRECTION('',(0.,0.,-1.));
#13989=DIRECTION('',(0.,0.,-1.));
#13990=DIRECTION('',(-0.309016994374947,0.951056516295154,0.));
#13991=DIRECTION('center_axis',(0.309016994374947,-0.951056516295154,0.));
#13992=DIRECTION('ref_axis',(0.,0.,1.));
#13993=DIRECTION('',(0.951056516295154,0.309016994374947,0.));
#13994=DIRECTION('center_axis',(0.,0.,1.));
#13995=DIRECTION('ref_axis',(1.,0.,0.));
#13996=DIRECTION('center_axis',(0.,0.,-1.));
#13997=DIRECTION('ref_axis',(1.,0.,0.));
#13998=DIRECTION('center_axis',(-0.978147600733806,-0.207911690817759,0.));
#13999=DIRECTION('ref_axis',(0.,0.,1.));
#14000=DIRECTION('',(0.,0.,1.));
#14001=DIRECTION('',(0.207911690817759,-0.978147600733806,0.));
#14002=DIRECTION('',(0.,0.,-1.));
#14003=DIRECTION('center_axis',(0.978147600733806,0.207911690817759,0.));
#14004=DIRECTION('ref_axis',(0.,0.,-1.));
#14005=DIRECTION('',(0.,0.,-1.));
#14006=DIRECTION('',(0.,0.,-1.));
#14007=DIRECTION('',(-0.207911690817759,0.978147600733806,0.));
#14008=DIRECTION('center_axis',(0.207911690817759,-0.978147600733806,0.));
#14009=DIRECTION('ref_axis',(0.,0.,1.));
#14010=DIRECTION('',(0.978147600733806,0.207911690817759,0.));
#14011=DIRECTION('center_axis',(0.,0.,1.));
#14012=DIRECTION('ref_axis',(1.,0.,0.));
#14013=DIRECTION('center_axis',(0.,0.,-1.));
#14014=DIRECTION('ref_axis',(1.,0.,0.));
#14015=DIRECTION('center_axis',(-0.994521895368273,-0.104528463267653,0.));
#14016=DIRECTION('ref_axis',(0.,0.,1.));
#14017=DIRECTION('',(0.,0.,1.));
#14018=DIRECTION('',(0.104528463267653,-0.994521895368273,0.));
#14019=DIRECTION('',(0.,0.,-1.));
#14020=DIRECTION('center_axis',(0.994521895368273,0.104528463267653,0.));
#14021=DIRECTION('ref_axis',(0.,0.,-1.));
#14022=DIRECTION('',(0.,0.,-1.));
#14023=DIRECTION('',(0.,0.,-1.));
#14024=DIRECTION('',(-0.104528463267653,0.994521895368273,0.));
#14025=DIRECTION('center_axis',(0.104528463267653,-0.994521895368273,0.));
#14026=DIRECTION('ref_axis',(0.,0.,1.));
#14027=DIRECTION('',(0.994521895368273,0.104528463267653,0.));
#14028=DIRECTION('center_axis',(0.,0.,1.));
#14029=DIRECTION('ref_axis',(1.,0.,0.));
#14030=DIRECTION('center_axis',(0.,0.,-1.));
#14031=DIRECTION('ref_axis',(1.,0.,0.));
#14032=DIRECTION('center_axis',(-1.,2.83276944882399E-16,0.));
#14033=DIRECTION('ref_axis',(0.,0.,1.));
#14034=DIRECTION('',(0.,0.,1.));
#14035=DIRECTION('',(-2.83276944882399E-16,-1.,0.));
#14036=DIRECTION('',(0.,0.,-1.));
#14037=DIRECTION('center_axis',(1.,-2.83276944882399E-16,0.));
#14038=DIRECTION('ref_axis',(0.,0.,-1.));
#14039=DIRECTION('',(0.,0.,-1.));
#14040=DIRECTION('',(0.,0.,-1.));
#14041=DIRECTION('',(2.83276944882399E-16,1.,0.));
#14042=DIRECTION('center_axis',(-2.83276944882399E-16,-1.,0.));
#14043=DIRECTION('ref_axis',(0.,0.,1.));
#14044=DIRECTION('',(1.,-2.83276944882399E-16,0.));
#14045=DIRECTION('center_axis',(0.,0.,1.));
#14046=DIRECTION('ref_axis',(1.,0.,0.));
#14047=DIRECTION('center_axis',(0.,0.,-1.));
#14048=DIRECTION('ref_axis',(1.,0.,0.));
#14049=DIRECTION('center_axis',(-0.994521895368273,0.104528463267653,0.));
#14050=DIRECTION('ref_axis',(0.,0.,1.));
#14051=DIRECTION('',(0.,0.,1.));
#14052=DIRECTION('',(-0.104528463267653,-0.994521895368273,0.));
#14053=DIRECTION('',(0.,0.,-1.));
#14054=DIRECTION('center_axis',(0.994521895368273,-0.104528463267653,0.));
#14055=DIRECTION('ref_axis',(0.,0.,-1.));
#14056=DIRECTION('',(0.,0.,-1.));
#14057=DIRECTION('',(0.,0.,-1.));
#14058=DIRECTION('',(0.104528463267653,0.994521895368273,0.));
#14059=DIRECTION('center_axis',(-0.104528463267653,-0.994521895368273,0.));
#14060=DIRECTION('ref_axis',(0.,0.,1.));
#14061=DIRECTION('',(0.994521895368273,-0.104528463267653,0.));
#14062=DIRECTION('center_axis',(0.,0.,1.));
#14063=DIRECTION('ref_axis',(1.,0.,0.));
#14064=DIRECTION('center_axis',(0.,0.,-1.));
#14065=DIRECTION('ref_axis',(1.,0.,0.));
#14066=DIRECTION('center_axis',(-0.978147600733806,0.207911690817759,0.));
#14067=DIRECTION('ref_axis',(0.,0.,1.));
#14068=DIRECTION('',(0.,0.,1.));
#14069=DIRECTION('',(-0.207911690817759,-0.978147600733806,0.));
#14070=DIRECTION('',(0.,0.,-1.));
#14071=DIRECTION('center_axis',(0.978147600733806,-0.207911690817759,0.));
#14072=DIRECTION('ref_axis',(0.,0.,-1.));
#14073=DIRECTION('',(0.,0.,-1.));
#14074=DIRECTION('',(0.,0.,-1.));
#14075=DIRECTION('',(0.207911690817759,0.978147600733806,0.));
#14076=DIRECTION('center_axis',(-0.207911690817759,-0.978147600733806,0.));
#14077=DIRECTION('ref_axis',(0.,0.,1.));
#14078=DIRECTION('',(0.978147600733806,-0.207911690817759,0.));
#14079=DIRECTION('center_axis',(0.,0.,1.));
#14080=DIRECTION('ref_axis',(1.,0.,0.));
#14081=DIRECTION('center_axis',(0.,0.,-1.));
#14082=DIRECTION('ref_axis',(1.,0.,0.));
#14083=DIRECTION('center_axis',(-0.951056516295154,0.309016994374948,0.));
#14084=DIRECTION('ref_axis',(0.,0.,1.));
#14085=DIRECTION('',(0.,0.,1.));
#14086=DIRECTION('',(-0.309016994374947,-0.951056516295153,0.));
#14087=DIRECTION('',(0.,0.,-1.));
#14088=DIRECTION('center_axis',(0.951056516295154,-0.309016994374948,0.));
#14089=DIRECTION('ref_axis',(0.,0.,-1.));
#14090=DIRECTION('',(0.,0.,-1.));
#14091=DIRECTION('',(0.,0.,-1.));
#14092=DIRECTION('',(0.309016994374947,0.951056516295153,0.));
#14093=DIRECTION('center_axis',(-0.309016994374948,-0.951056516295154,0.));
#14094=DIRECTION('ref_axis',(0.,0.,1.));
#14095=DIRECTION('',(0.951056516295153,-0.309016994374947,0.));
#14096=DIRECTION('center_axis',(0.,0.,1.));
#14097=DIRECTION('ref_axis',(1.,0.,0.));
#14098=DIRECTION('center_axis',(0.,0.,-1.));
#14099=DIRECTION('ref_axis',(1.,0.,0.));
#14100=DIRECTION('center_axis',(-0.913545457642601,0.4067366430758,0.));
#14101=DIRECTION('ref_axis',(0.,0.,1.));
#14102=DIRECTION('',(0.,0.,1.));
#14103=DIRECTION('',(-0.4067366430758,-0.913545457642601,0.));
#14104=DIRECTION('',(0.,0.,-1.));
#14105=DIRECTION('center_axis',(0.913545457642601,-0.4067366430758,0.));
#14106=DIRECTION('ref_axis',(0.,0.,-1.));
#14107=DIRECTION('',(0.,0.,-1.));
#14108=DIRECTION('',(0.,0.,-1.));
#14109=DIRECTION('',(0.4067366430758,0.913545457642601,0.));
#14110=DIRECTION('center_axis',(-0.4067366430758,-0.913545457642601,0.));
#14111=DIRECTION('ref_axis',(0.,0.,1.));
#14112=DIRECTION('',(0.913545457642601,-0.4067366430758,0.));
#14113=DIRECTION('center_axis',(0.,0.,1.));
#14114=DIRECTION('ref_axis',(1.,0.,0.));
#14115=DIRECTION('center_axis',(0.,0.,-1.));
#14116=DIRECTION('ref_axis',(1.,0.,0.));
#14117=DIRECTION('center_axis',(-0.866025403784439,0.5,0.));
#14118=DIRECTION('ref_axis',(0.,0.,1.));
#14119=DIRECTION('',(0.,0.,1.));
#14120=DIRECTION('',(-0.5,-0.866025403784439,0.));
#14121=DIRECTION('',(0.,0.,-1.));
#14122=DIRECTION('center_axis',(0.866025403784439,-0.5,0.));
#14123=DIRECTION('ref_axis',(0.,0.,-1.));
#14124=DIRECTION('',(0.,0.,-1.));
#14125=DIRECTION('',(0.,0.,-1.));
#14126=DIRECTION('',(0.5,0.866025403784439,0.));
#14127=DIRECTION('center_axis',(-0.5,-0.866025403784439,0.));
#14128=DIRECTION('ref_axis',(0.,0.,1.));
#14129=DIRECTION('',(0.866025403784439,-0.5,0.));
#14130=DIRECTION('center_axis',(0.,0.,1.));
#14131=DIRECTION('ref_axis',(1.,0.,0.));
#14132=DIRECTION('center_axis',(0.,0.,-1.));
#14133=DIRECTION('ref_axis',(1.,0.,0.));
#14134=DIRECTION('center_axis',(-0.809016994374947,0.587785252292473,0.));
#14135=DIRECTION('ref_axis',(0.,0.,1.));
#14136=DIRECTION('',(0.,0.,1.));
#14137=DIRECTION('',(-0.587785252292473,-0.809016994374947,0.));
#14138=DIRECTION('',(0.,0.,-1.));
#14139=DIRECTION('center_axis',(0.809016994374947,-0.587785252292473,0.));
#14140=DIRECTION('ref_axis',(0.,0.,-1.));
#14141=DIRECTION('',(0.,0.,-1.));
#14142=DIRECTION('',(0.,0.,-1.));
#14143=DIRECTION('',(0.587785252292473,0.809016994374947,0.));
#14144=DIRECTION('center_axis',(-0.587785252292473,-0.809016994374947,0.));
#14145=DIRECTION('ref_axis',(0.,0.,1.));
#14146=DIRECTION('',(0.809016994374947,-0.587785252292473,0.));
#14147=DIRECTION('center_axis',(0.,0.,1.));
#14148=DIRECTION('ref_axis',(1.,0.,0.));
#14149=DIRECTION('center_axis',(0.,0.,-1.));
#14150=DIRECTION('ref_axis',(1.,0.,0.));
#14151=DIRECTION('center_axis',(-0.743144825477394,0.669130606358858,0.));
#14152=DIRECTION('ref_axis',(0.,0.,1.));
#14153=DIRECTION('',(0.,0.,1.));
#14154=DIRECTION('',(-0.669130606358858,-0.743144825477394,0.));
#14155=DIRECTION('',(0.,0.,-1.));
#14156=DIRECTION('center_axis',(0.743144825477394,-0.669130606358858,0.));
#14157=DIRECTION('ref_axis',(0.,0.,-1.));
#14158=DIRECTION('',(0.,0.,-1.));
#14159=DIRECTION('',(0.,0.,-1.));
#14160=DIRECTION('',(0.669130606358858,0.743144825477394,0.));
#14161=DIRECTION('center_axis',(-0.669130606358858,-0.743144825477394,0.));
#14162=DIRECTION('ref_axis',(0.,0.,1.));
#14163=DIRECTION('',(0.743144825477394,-0.669130606358858,0.));
#14164=DIRECTION('center_axis',(0.,0.,1.));
#14165=DIRECTION('ref_axis',(1.,0.,0.));
#14166=DIRECTION('center_axis',(0.,0.,-1.));
#14167=DIRECTION('ref_axis',(1.,0.,0.));
#14168=DIRECTION('center_axis',(-0.669130606358858,0.743144825477394,0.));
#14169=DIRECTION('ref_axis',(0.,0.,1.));
#14170=DIRECTION('',(0.,0.,1.));
#14171=DIRECTION('',(-0.743144825477394,-0.669130606358858,0.));
#14172=DIRECTION('',(0.,0.,-1.));
#14173=DIRECTION('center_axis',(0.669130606358858,-0.743144825477394,0.));
#14174=DIRECTION('ref_axis',(0.,0.,-1.));
#14175=DIRECTION('',(0.,0.,-1.));
#14176=DIRECTION('',(0.,0.,-1.));
#14177=DIRECTION('',(0.743144825477394,0.669130606358858,0.));
#14178=DIRECTION('center_axis',(-0.743144825477394,-0.669130606358858,0.));
#14179=DIRECTION('ref_axis',(0.,0.,1.));
#14180=DIRECTION('',(0.669130606358858,-0.743144825477394,0.));
#14181=DIRECTION('center_axis',(0.,0.,1.));
#14182=DIRECTION('ref_axis',(1.,0.,0.));
#14183=DIRECTION('center_axis',(0.,0.,-1.));
#14184=DIRECTION('ref_axis',(1.,0.,0.));
#14185=DIRECTION('center_axis',(-0.587785252292473,0.809016994374947,0.));
#14186=DIRECTION('ref_axis',(0.,0.,1.));
#14187=DIRECTION('',(0.,0.,1.));
#14188=DIRECTION('',(-0.809016994374947,-0.587785252292473,0.));
#14189=DIRECTION('',(0.,0.,-1.));
#14190=DIRECTION('center_axis',(0.587785252292473,-0.809016994374947,0.));
#14191=DIRECTION('ref_axis',(0.,0.,-1.));
#14192=DIRECTION('',(0.,0.,-1.));
#14193=DIRECTION('',(0.,0.,-1.));
#14194=DIRECTION('',(0.809016994374947,0.587785252292473,0.));
#14195=DIRECTION('center_axis',(-0.809016994374947,-0.587785252292473,0.));
#14196=DIRECTION('ref_axis',(0.,0.,1.));
#14197=DIRECTION('',(0.587785252292473,-0.809016994374947,0.));
#14198=DIRECTION('center_axis',(0.,0.,1.));
#14199=DIRECTION('ref_axis',(1.,0.,0.));
#14200=DIRECTION('center_axis',(0.,0.,-1.));
#14201=DIRECTION('ref_axis',(1.,0.,0.));
#14202=DIRECTION('center_axis',(-0.5,0.866025403784439,0.));
#14203=DIRECTION('ref_axis',(0.,0.,1.));
#14204=DIRECTION('',(0.,0.,1.));
#14205=DIRECTION('',(-0.866025403784439,-0.5,0.));
#14206=DIRECTION('',(0.,0.,-1.));
#14207=DIRECTION('center_axis',(0.5,-0.866025403784439,0.));
#14208=DIRECTION('ref_axis',(0.,0.,-1.));
#14209=DIRECTION('',(0.,0.,-1.));
#14210=DIRECTION('',(0.,0.,-1.));
#14211=DIRECTION('',(0.866025403784439,0.5,0.));
#14212=DIRECTION('center_axis',(-0.866025403784439,-0.5,0.));
#14213=DIRECTION('ref_axis',(0.,0.,1.));
#14214=DIRECTION('',(0.5,-0.866025403784439,0.));
#14215=DIRECTION('center_axis',(0.,0.,1.));
#14216=DIRECTION('ref_axis',(1.,0.,0.));
#14217=DIRECTION('center_axis',(0.,0.,-1.));
#14218=DIRECTION('ref_axis',(1.,0.,0.));
#14219=DIRECTION('center_axis',(-0.4067366430758,0.913545457642601,0.));
#14220=DIRECTION('ref_axis',(0.,0.,1.));
#14221=DIRECTION('',(0.,0.,1.));
#14222=DIRECTION('',(-0.913545457642601,-0.4067366430758,0.));
#14223=DIRECTION('',(0.,0.,-1.));
#14224=DIRECTION('center_axis',(0.4067366430758,-0.913545457642601,0.));
#14225=DIRECTION('ref_axis',(0.,0.,-1.));
#14226=DIRECTION('',(0.,0.,-1.));
#14227=DIRECTION('',(0.,0.,-1.));
#14228=DIRECTION('',(0.913545457642601,0.4067366430758,0.));
#14229=DIRECTION('center_axis',(-0.913545457642601,-0.4067366430758,0.));
#14230=DIRECTION('ref_axis',(0.,0.,1.));
#14231=DIRECTION('',(0.4067366430758,-0.913545457642601,0.));
#14232=DIRECTION('center_axis',(0.,0.,1.));
#14233=DIRECTION('ref_axis',(1.,0.,0.));
#14234=DIRECTION('center_axis',(0.,0.,-1.));
#14235=DIRECTION('ref_axis',(1.,0.,0.));
#14236=DIRECTION('center_axis',(-0.309016994374947,0.951056516295154,0.));
#14237=DIRECTION('ref_axis',(0.,0.,1.));
#14238=DIRECTION('',(0.,0.,1.));
#14239=DIRECTION('',(-0.951056516295154,-0.309016994374947,0.));
#14240=DIRECTION('',(0.,0.,-1.));
#14241=DIRECTION('center_axis',(0.309016994374947,-0.951056516295154,0.));
#14242=DIRECTION('ref_axis',(0.,0.,-1.));
#14243=DIRECTION('',(0.,0.,-1.));
#14244=DIRECTION('',(0.,0.,-1.));
#14245=DIRECTION('',(0.951056516295154,0.309016994374947,0.));
#14246=DIRECTION('center_axis',(-0.951056516295154,-0.309016994374947,0.));
#14247=DIRECTION('ref_axis',(0.,0.,1.));
#14248=DIRECTION('',(0.309016994374947,-0.951056516295154,0.));
#14249=DIRECTION('center_axis',(0.,0.,1.));
#14250=DIRECTION('ref_axis',(1.,0.,0.));
#14251=DIRECTION('center_axis',(0.,0.,-1.));
#14252=DIRECTION('ref_axis',(1.,0.,0.));
#14253=DIRECTION('center_axis',(-0.207911690817759,0.978147600733806,0.));
#14254=DIRECTION('ref_axis',(0.,0.,1.));
#14255=DIRECTION('',(0.,0.,1.));
#14256=DIRECTION('',(-0.978147600733806,-0.207911690817759,0.));
#14257=DIRECTION('',(0.,0.,-1.));
#14258=DIRECTION('center_axis',(0.207911690817759,-0.978147600733806,0.));
#14259=DIRECTION('ref_axis',(0.,0.,-1.));
#14260=DIRECTION('',(0.,0.,-1.));
#14261=DIRECTION('',(0.,0.,-1.));
#14262=DIRECTION('',(0.978147600733806,0.207911690817759,0.));
#14263=DIRECTION('center_axis',(-0.978147600733806,-0.207911690817759,0.));
#14264=DIRECTION('ref_axis',(0.,0.,1.));
#14265=DIRECTION('',(0.207911690817759,-0.978147600733806,0.));
#14266=DIRECTION('center_axis',(0.,0.,1.));
#14267=DIRECTION('ref_axis',(1.,0.,0.));
#14268=DIRECTION('center_axis',(0.,0.,-1.));
#14269=DIRECTION('ref_axis',(1.,0.,0.));
#14270=DIRECTION('center_axis',(-0.104528463267653,0.994521895368273,0.));
#14271=DIRECTION('ref_axis',(0.,0.,1.));
#14272=DIRECTION('',(0.,0.,1.));
#14273=DIRECTION('',(-0.994521895368273,-0.104528463267653,0.));
#14274=DIRECTION('',(0.,0.,-1.));
#14275=DIRECTION('center_axis',(0.104528463267653,-0.994521895368273,0.));
#14276=DIRECTION('ref_axis',(0.,0.,-1.));
#14277=DIRECTION('',(0.,0.,-1.));
#14278=DIRECTION('',(0.,0.,-1.));
#14279=DIRECTION('',(0.994521895368273,0.104528463267653,0.));
#14280=DIRECTION('center_axis',(-0.994521895368273,-0.104528463267653,0.));
#14281=DIRECTION('ref_axis',(0.,0.,1.));
#14282=DIRECTION('',(0.104528463267653,-0.994521895368273,0.));
#14283=DIRECTION('center_axis',(0.,0.,1.));
#14284=DIRECTION('ref_axis',(1.,0.,0.));
#14285=DIRECTION('center_axis',(0.,0.,-1.));
#14286=DIRECTION('ref_axis',(1.,0.,0.));
#14287=DIRECTION('center_axis',(0.,1.,0.));
#14288=DIRECTION('ref_axis',(0.,0.,1.));
#14289=DIRECTION('',(-1.,0.,0.));
#14290=DIRECTION('',(0.,0.,-1.));
#14291=DIRECTION('center_axis',(0.,-1.,0.));
#14292=DIRECTION('ref_axis',(0.,0.,-1.));
#14293=DIRECTION('',(0.,0.,-1.));
#14294=DIRECTION('',(0.,0.,-1.));
#14295=DIRECTION('',(1.,0.,0.));
#14296=DIRECTION('center_axis',(-1.,0.,0.));
#14297=DIRECTION('ref_axis',(0.,0.,1.));
#14298=DIRECTION('',(0.,-1.,0.));
#14299=DIRECTION('center_axis',(0.,0.,1.));
#14300=DIRECTION('ref_axis',(1.,0.,0.));
#14301=DIRECTION('center_axis',(0.,0.,-1.));
#14302=DIRECTION('ref_axis',(1.,0.,0.));
#14303=DIRECTION('center_axis',(0.,0.,-1.));
#14304=DIRECTION('ref_axis',(-1.,0.,0.));
#14305=DIRECTION('center_axis',(0.,0.,1.));
#14306=DIRECTION('ref_axis',(1.,0.,0.));
#14307=DIRECTION('center_axis',(0.,0.,1.));
#14308=DIRECTION('ref_axis',(1.,0.,0.));
#14309=DIRECTION('',(0.,0.,1.));
#14310=DIRECTION('center_axis',(0.,0.,-1.));
#14311=DIRECTION('ref_axis',(1.,0.,0.));
#14312=DIRECTION('center_axis',(0.5,0.866025403784438,0.));
#14313=DIRECTION('ref_axis',(0.,0.,1.));
#14314=DIRECTION('',(0.,0.,1.));
#14315=DIRECTION('',(-0.866025403784438,0.5,0.));
#14316=DIRECTION('',(0.,0.,-1.));
#14317=DIRECTION('',(0.866025403784438,-0.5,0.));
#14318=DIRECTION('center_axis',(-0.5,-0.866025403784438,0.));
#14319=DIRECTION('ref_axis',(0.,0.,-1.));
#14320=DIRECTION('',(0.,0.,-1.));
#14321=DIRECTION('',(-0.866025403784438,0.5,0.));
#14322=DIRECTION('',(0.,0.,-1.));
#14323=DIRECTION('',(0.866025403784438,-0.5,0.));
#14324=DIRECTION('center_axis',(-0.866025403784438,0.5,0.));
#14325=DIRECTION('ref_axis',(0.,0.,1.));
#14326=DIRECTION('',(-0.5,-0.866025403784438,0.));
#14327=DIRECTION('',(0.5,0.866025403784438,0.));
#14328=DIRECTION('center_axis',(0.,0.,1.));
#14329=DIRECTION('ref_axis',(1.,0.,0.));
#14330=DIRECTION('center_axis',(0.,0.,1.));
#14331=DIRECTION('ref_axis',(1.,0.,0.));
#14332=DIRECTION('',(1.,0.,0.));
#14333=DIRECTION('',(0.,1.,0.));
#14334=DIRECTION('',(-1.,0.,0.));
#14335=DIRECTION('center_axis',(0.,0.,1.));
#14336=DIRECTION('ref_axis',(1.,0.,0.));
#14337=DIRECTION('',(0.866025403784439,0.5,0.));
#14338=DIRECTION('',(-0.5,0.866025403784439,0.));
#14339=DIRECTION('',(-0.866025403784439,-0.5,0.));
#14340=DIRECTION('center_axis',(0.,0.,1.));
#14341=DIRECTION('ref_axis',(1.,0.,0.));
#14342=DIRECTION('',(0.5,0.866025403784439,0.));
#14343=DIRECTION('',(-0.866025403784439,0.5,0.));
#14344=DIRECTION('',(-0.5,-0.866025403784439,0.));
#14345=DIRECTION('center_axis',(0.,0.,1.));
#14346=DIRECTION('ref_axis',(1.,0.,0.));
#14347=DIRECTION('',(6.12323399573677E-17,1.,0.));
#14348=DIRECTION('',(-1.,6.12323399573677E-17,0.));
#14349=DIRECTION('',(-6.12323399573677E-17,-1.,0.));
#14350=DIRECTION('center_axis',(0.,0.,1.));
#14351=DIRECTION('ref_axis',(1.,0.,0.));
#14352=DIRECTION('',(-0.5,0.866025403784439,0.));
#14353=DIRECTION('',(-0.866025403784439,-0.5,0.));
#14354=DIRECTION('',(0.5,-0.866025403784439,0.));
#14355=DIRECTION('center_axis',(0.,0.,1.));
#14356=DIRECTION('ref_axis',(1.,0.,0.));
#14357=DIRECTION('',(-0.866025403784439,0.5,0.));
#14358=DIRECTION('',(-0.5,-0.866025403784439,0.));
#14359=DIRECTION('',(0.866025403784439,-0.5,0.));
#14360=DIRECTION('center_axis',(0.,0.,1.));
#14361=DIRECTION('ref_axis',(1.,0.,0.));
#14362=DIRECTION('',(-1.,1.22464679914735E-16,0.));
#14363=DIRECTION('',(-1.22464679914735E-16,-1.,0.));
#14364=DIRECTION('',(1.,-1.22464679914735E-16,0.));
#14365=DIRECTION('center_axis',(0.,0.,1.));
#14366=DIRECTION('ref_axis',(1.,0.,0.));
#14367=DIRECTION('',(-0.866025403784439,-0.5,0.));
#14368=DIRECTION('',(0.5,-0.866025403784439,0.));
#14369=DIRECTION('',(0.866025403784439,0.5,0.));
#14370=DIRECTION('center_axis',(0.,0.,1.));
#14371=DIRECTION('ref_axis',(1.,0.,0.));
#14372=DIRECTION('',(-0.5,-0.866025403784438,0.));
#14373=DIRECTION('',(0.866025403784438,-0.5,0.));
#14374=DIRECTION('',(0.5,0.866025403784438,0.));
#14375=DIRECTION('center_axis',(0.,0.,1.));
#14376=DIRECTION('ref_axis',(1.,0.,0.));
#14377=DIRECTION('',(-1.83697019872103E-16,-1.,0.));
#14378=DIRECTION('',(1.,-1.83697019872103E-16,0.));
#14379=DIRECTION('',(1.83697019872103E-16,1.,0.));
#14380=DIRECTION('center_axis',(0.,0.,1.));
#14381=DIRECTION('ref_axis',(1.,0.,0.));
#14382=DIRECTION('',(0.5,-0.866025403784439,0.));
#14383=DIRECTION('',(0.866025403784439,0.5,0.));
#14384=DIRECTION('',(-0.5,0.866025403784439,0.));
#14385=DIRECTION('center_axis',(0.,0.,1.));
#14386=DIRECTION('ref_axis',(1.,0.,0.));
#14387=DIRECTION('center_axis',(0.,0.,1.));
#14388=DIRECTION('ref_axis',(1.,0.,0.));
#14389=DIRECTION('center_axis',(0.,0.,-1.));
#14390=DIRECTION('ref_axis',(1.,0.,0.));
#14391=DIRECTION('',(0.,0.,1.));
#14392=DIRECTION('center_axis',(0.866025403784439,0.5,0.));
#14393=DIRECTION('ref_axis',(0.,0.,1.));
#14394=DIRECTION('',(0.,0.,1.));
#14395=DIRECTION('',(-0.5,0.866025403784439,0.));
#14396=DIRECTION('',(0.,0.,-1.));
#14397=DIRECTION('center_axis',(-0.866025403784439,-0.5,0.));
#14398=DIRECTION('ref_axis',(0.,0.,-1.));
#14399=DIRECTION('',(0.,0.,-1.));
#14400=DIRECTION('',(0.,0.,-1.));
#14401=DIRECTION('',(0.5,-0.866025403784439,0.));
#14402=DIRECTION('center_axis',(-0.5,0.866025403784439,0.));
#14403=DIRECTION('ref_axis',(0.,0.,1.));
#14404=DIRECTION('',(-0.866025403784439,-0.5,0.));
#14405=DIRECTION('center_axis',(0.,0.,1.));
#14406=DIRECTION('ref_axis',(1.,0.,0.));
#14407=DIRECTION('center_axis',(0.,0.,-1.));
#14408=DIRECTION('ref_axis',(1.,0.,0.));
#14409=DIRECTION('center_axis',(1.,-1.83697019872103E-16,0.));
#14410=DIRECTION('ref_axis',(0.,0.,1.));
#14411=DIRECTION('',(0.,0.,1.));
#14412=DIRECTION('',(1.83697019872103E-16,1.,0.));
#14413=DIRECTION('',(0.,0.,-1.));
#14414=DIRECTION('center_axis',(-1.,1.83697019872103E-16,0.));
#14415=DIRECTION('ref_axis',(0.,0.,-1.));
#14416=DIRECTION('',(0.,0.,-1.));
#14417=DIRECTION('',(0.,0.,-1.));
#14418=DIRECTION('',(-1.83697019872103E-16,-1.,0.));
#14419=DIRECTION('center_axis',(1.83697019872103E-16,1.,0.));
#14420=DIRECTION('ref_axis',(0.,0.,1.));
#14421=DIRECTION('',(-1.,1.83697019872103E-16,0.));
#14422=DIRECTION('center_axis',(0.,0.,1.));
#14423=DIRECTION('ref_axis',(1.,0.,0.));
#14424=DIRECTION('center_axis',(0.,0.,-1.));
#14425=DIRECTION('ref_axis',(1.,0.,0.));
#14426=DIRECTION('center_axis',(0.866025403784438,-0.5,0.));
#14427=DIRECTION('ref_axis',(0.,0.,1.));
#14428=DIRECTION('',(0.,0.,1.));
#14429=DIRECTION('',(0.5,0.866025403784438,0.));
#14430=DIRECTION('',(0.,0.,-1.));
#14431=DIRECTION('center_axis',(-0.866025403784438,0.5,0.));
#14432=DIRECTION('ref_axis',(0.,0.,-1.));
#14433=DIRECTION('',(0.,0.,-1.));
#14434=DIRECTION('',(0.,0.,-1.));
#14435=DIRECTION('',(-0.5,-0.866025403784438,0.));
#14436=DIRECTION('center_axis',(0.5,0.866025403784438,0.));
#14437=DIRECTION('ref_axis',(0.,0.,1.));
#14438=DIRECTION('',(-0.866025403784438,0.5,0.));
#14439=DIRECTION('center_axis',(0.,0.,1.));
#14440=DIRECTION('ref_axis',(1.,0.,0.));
#14441=DIRECTION('center_axis',(0.,0.,-1.));
#14442=DIRECTION('ref_axis',(1.,0.,0.));
#14443=DIRECTION('center_axis',(0.5,-0.866025403784439,0.));
#14444=DIRECTION('ref_axis',(0.,0.,1.));
#14445=DIRECTION('',(0.,0.,1.));
#14446=DIRECTION('',(0.866025403784439,0.5,0.));
#14447=DIRECTION('',(0.,0.,-1.));
#14448=DIRECTION('center_axis',(-0.5,0.866025403784439,0.));
#14449=DIRECTION('ref_axis',(0.,0.,-1.));
#14450=DIRECTION('',(0.,0.,-1.));
#14451=DIRECTION('',(0.,0.,-1.));
#14452=DIRECTION('',(-0.866025403784439,-0.5,0.));
#14453=DIRECTION('center_axis',(0.866025403784439,0.5,0.));
#14454=DIRECTION('ref_axis',(0.,0.,1.));
#14455=DIRECTION('',(-0.5,0.866025403784439,0.));
#14456=DIRECTION('center_axis',(0.,0.,1.));
#14457=DIRECTION('ref_axis',(1.,0.,0.));
#14458=DIRECTION('center_axis',(0.,0.,-1.));
#14459=DIRECTION('ref_axis',(1.,0.,0.));
#14460=DIRECTION('center_axis',(-1.22464679914735E-16,-1.,0.));
#14461=DIRECTION('ref_axis',(0.,0.,1.));
#14462=DIRECTION('',(0.,0.,1.));
#14463=DIRECTION('',(1.,-1.22464679914735E-16,0.));
#14464=DIRECTION('',(0.,0.,-1.));
#14465=DIRECTION('center_axis',(1.22464679914735E-16,1.,0.));
#14466=DIRECTION('ref_axis',(0.,0.,-1.));
#14467=DIRECTION('',(0.,0.,-1.));
#14468=DIRECTION('',(0.,0.,-1.));
#14469=DIRECTION('',(-1.,1.22464679914735E-16,0.));
#14470=DIRECTION('center_axis',(1.,-1.22464679914735E-16,0.));
#14471=DIRECTION('ref_axis',(0.,0.,1.));
#14472=DIRECTION('',(1.22464679914735E-16,1.,0.));
#14473=DIRECTION('center_axis',(0.,0.,1.));
#14474=DIRECTION('ref_axis',(1.,0.,0.));
#14475=DIRECTION('center_axis',(0.,0.,-1.));
#14476=DIRECTION('ref_axis',(1.,0.,0.));
#14477=DIRECTION('center_axis',(-0.5,-0.866025403784439,0.));
#14478=DIRECTION('ref_axis',(0.,0.,1.));
#14479=DIRECTION('',(0.,0.,1.));
#14480=DIRECTION('',(0.866025403784439,-0.5,0.));
#14481=DIRECTION('',(0.,0.,-1.));
#14482=DIRECTION('center_axis',(0.5,0.866025403784439,0.));
#14483=DIRECTION('ref_axis',(0.,0.,-1.));
#14484=DIRECTION('',(0.,0.,-1.));
#14485=DIRECTION('',(0.,0.,-1.));
#14486=DIRECTION('',(-0.866025403784439,0.5,0.));
#14487=DIRECTION('center_axis',(0.866025403784439,-0.5,0.));
#14488=DIRECTION('ref_axis',(0.,0.,1.));
#14489=DIRECTION('',(0.5,0.866025403784439,0.));
#14490=DIRECTION('center_axis',(0.,0.,1.));
#14491=DIRECTION('ref_axis',(1.,0.,0.));
#14492=DIRECTION('center_axis',(0.,0.,-1.));
#14493=DIRECTION('ref_axis',(1.,0.,0.));
#14494=DIRECTION('center_axis',(-0.866025403784439,-0.5,0.));
#14495=DIRECTION('ref_axis',(0.,0.,1.));
#14496=DIRECTION('',(0.,0.,1.));
#14497=DIRECTION('',(0.5,-0.866025403784439,0.));
#14498=DIRECTION('',(0.,0.,-1.));
#14499=DIRECTION('center_axis',(0.866025403784439,0.5,0.));
#14500=DIRECTION('ref_axis',(0.,0.,-1.));
#14501=DIRECTION('',(0.,0.,-1.));
#14502=DIRECTION('',(0.,0.,-1.));
#14503=DIRECTION('',(-0.5,0.866025403784439,0.));
#14504=DIRECTION('center_axis',(0.5,-0.866025403784439,0.));
#14505=DIRECTION('ref_axis',(0.,0.,1.));
#14506=DIRECTION('',(0.866025403784439,0.5,0.));
#14507=DIRECTION('center_axis',(0.,0.,1.));
#14508=DIRECTION('ref_axis',(1.,0.,0.));
#14509=DIRECTION('center_axis',(0.,0.,-1.));
#14510=DIRECTION('ref_axis',(1.,0.,0.));
#14511=DIRECTION('center_axis',(-1.,6.12323399573677E-17,0.));
#14512=DIRECTION('ref_axis',(0.,0.,1.));
#14513=DIRECTION('',(0.,0.,1.));
#14514=DIRECTION('',(-6.12323399573677E-17,-1.,0.));
#14515=DIRECTION('',(0.,0.,-1.));
#14516=DIRECTION('center_axis',(1.,-6.12323399573677E-17,0.));
#14517=DIRECTION('ref_axis',(0.,0.,-1.));
#14518=DIRECTION('',(0.,0.,-1.));
#14519=DIRECTION('',(0.,0.,-1.));
#14520=DIRECTION('',(6.12323399573677E-17,1.,0.));
#14521=DIRECTION('center_axis',(-6.12323399573677E-17,-1.,0.));
#14522=DIRECTION('ref_axis',(0.,0.,1.));
#14523=DIRECTION('',(1.,-6.12323399573677E-17,0.));
#14524=DIRECTION('center_axis',(0.,0.,1.));
#14525=DIRECTION('ref_axis',(1.,0.,0.));
#14526=DIRECTION('center_axis',(0.,0.,-1.));
#14527=DIRECTION('ref_axis',(1.,0.,0.));
#14528=DIRECTION('center_axis',(-0.866025403784439,0.5,0.));
#14529=DIRECTION('ref_axis',(0.,0.,1.));
#14530=DIRECTION('',(0.,0.,1.));
#14531=DIRECTION('',(-0.5,-0.866025403784439,0.));
#14532=DIRECTION('',(0.,0.,-1.));
#14533=DIRECTION('center_axis',(0.866025403784439,-0.5,0.));
#14534=DIRECTION('ref_axis',(0.,0.,-1.));
#14535=DIRECTION('',(0.,0.,-1.));
#14536=DIRECTION('',(0.,0.,-1.));
#14537=DIRECTION('',(0.5,0.866025403784439,0.));
#14538=DIRECTION('center_axis',(-0.5,-0.866025403784439,0.));
#14539=DIRECTION('ref_axis',(0.,0.,1.));
#14540=DIRECTION('',(0.866025403784439,-0.5,0.));
#14541=DIRECTION('center_axis',(0.,0.,1.));
#14542=DIRECTION('ref_axis',(1.,0.,0.));
#14543=DIRECTION('center_axis',(0.,0.,-1.));
#14544=DIRECTION('ref_axis',(1.,0.,0.));
#14545=DIRECTION('center_axis',(-0.5,0.866025403784439,0.));
#14546=DIRECTION('ref_axis',(0.,0.,1.));
#14547=DIRECTION('',(0.,0.,1.));
#14548=DIRECTION('',(-0.866025403784439,-0.5,0.));
#14549=DIRECTION('',(0.,0.,-1.));
#14550=DIRECTION('center_axis',(0.5,-0.866025403784439,0.));
#14551=DIRECTION('ref_axis',(0.,0.,-1.));
#14552=DIRECTION('',(0.,0.,-1.));
#14553=DIRECTION('',(0.,0.,-1.));
#14554=DIRECTION('',(0.866025403784439,0.5,0.));
#14555=DIRECTION('center_axis',(-0.866025403784439,-0.5,0.));
#14556=DIRECTION('ref_axis',(0.,0.,1.));
#14557=DIRECTION('',(0.5,-0.866025403784439,0.));
#14558=DIRECTION('center_axis',(0.,0.,1.));
#14559=DIRECTION('ref_axis',(1.,0.,0.));
#14560=DIRECTION('center_axis',(0.,0.,-1.));
#14561=DIRECTION('ref_axis',(1.,0.,0.));
#14562=DIRECTION('center_axis',(0.,1.,0.));
#14563=DIRECTION('ref_axis',(0.,0.,1.));
#14564=DIRECTION('',(-1.,0.,0.));
#14565=DIRECTION('',(0.,0.,-1.));
#14566=DIRECTION('center_axis',(0.,-1.,0.));
#14567=DIRECTION('ref_axis',(0.,0.,-1.));
#14568=DIRECTION('',(0.,0.,-1.));
#14569=DIRECTION('',(0.,0.,-1.));
#14570=DIRECTION('',(1.,0.,0.));
#14571=DIRECTION('center_axis',(-1.,0.,0.));
#14572=DIRECTION('ref_axis',(0.,0.,1.));
#14573=DIRECTION('',(0.,-1.,0.));
#14574=DIRECTION('center_axis',(0.,0.,1.));
#14575=DIRECTION('ref_axis',(1.,0.,0.));
#14576=DIRECTION('center_axis',(0.,0.,-1.));
#14577=DIRECTION('ref_axis',(1.,0.,0.));
#14578=DIRECTION('center_axis',(0.,0.,-1.));
#14579=DIRECTION('ref_axis',(-1.,0.,0.));
#14580=DIRECTION('',(0.,0.,1.));
#14581=DIRECTION('',(1.,0.,0.));
#14582=DIRECTION('',(0.,0.,1.));
#14583=DIRECTION('',(1.,0.,0.));
#14584=DIRECTION('',(0.,0.,1.));
#14585=DIRECTION('',(1.,0.,0.));
#14586=DIRECTION('',(0.,0.,1.));
#14587=DIRECTION('',(2.22044604925031E-16,1.,0.));
#14588=DIRECTION('',(0.,0.,1.));
#14589=DIRECTION('',(-1.,1.22464679914735E-16,0.));
#14590=DIRECTION('',(0.,0.,1.));
#14591=DIRECTION('',(-2.22044604925031E-16,-1.,0.));
#14592=DIRECTION('',(0.,0.,1.));
#14593=DIRECTION('',(1.,0.,0.));
#14594=DIRECTION('',(0.,0.,1.));
#14595=DIRECTION('',(2.22044604925031E-16,1.,0.));
#14596=DIRECTION('',(0.,0.,1.));
#14597=DIRECTION('',(-1.,1.22464679914735E-16,0.));
#14598=DIRECTION('',(0.,0.,1.));
#14599=DIRECTION('',(-2.22044604925031E-16,-1.,0.));
#14600=DIRECTION('',(0.,0.,1.));
#14601=DIRECTION('',(1.,0.,0.));
#14602=DIRECTION('',(0.,0.,1.));
#14603=DIRECTION('',(1.,0.,0.));
#14604=DIRECTION('',(0.,0.,1.));
#14605=DIRECTION('',(1.,0.,0.));
#14606=CARTESIAN_POINT('',(0.,0.,0.));
#14607=CARTESIAN_POINT('',(0.,0.,0.));
#14608=CARTESIAN_POINT('Origin',(0.,0.,74.));
#14609=CARTESIAN_POINT('',(-4.15,5.08228421646152E-16,47.2));
#14610=CARTESIAN_POINT('Origin',(0.,0.,47.2));
#14611=CARTESIAN_POINT('',(-4.15,-5.08228421646152E-16,112.8));
#14612=CARTESIAN_POINT('',(-4.15,-5.08228421646152E-16,74.));
#14613=CARTESIAN_POINT('Origin',(0.,0.,112.8));
#14614=CARTESIAN_POINT('Origin',(44.,9.5,9.));
#14615=CARTESIAN_POINT('',(45.6248076809272,10.,9.));
#14616=CARTESIAN_POINT('',(42.3751923190728,10.,9.));
#14617=CARTESIAN_POINT('',(44.5,10.,9.));
#14618=CARTESIAN_POINT('',(42.3,9.5,9.));
#14619=CARTESIAN_POINT('Origin',(44.,9.5,9.));
#14620=CARTESIAN_POINT('Origin',(44.,9.5,9.));
#14621=CARTESIAN_POINT('Origin',(44.,9.5,4.));
#14622=CARTESIAN_POINT('',(42.3,9.5,0.));
#14623=CARTESIAN_POINT('Origin',(44.,9.5,0.));
#14624=CARTESIAN_POINT('',(42.3,9.5,4.));
#14625=CARTESIAN_POINT('',(45.6248076809272,10.,8.));
#14626=CARTESIAN_POINT('',(45.6248076809272,10.,4.));
#14627=CARTESIAN_POINT('',(42.3751923190728,10.,8.));
#14628=CARTESIAN_POINT('Origin',(44.,9.5,8.));
#14629=CARTESIAN_POINT('',(42.3751923190728,10.,4.));
#14630=CARTESIAN_POINT('Origin',(45.,10.,65.));
#14631=CARTESIAN_POINT('',(31.,10.,8.));
#14632=CARTESIAN_POINT('',(22.5,10.,8.));
#14633=CARTESIAN_POINT('',(31.,10.,122.));
#14634=CARTESIAN_POINT('',(31.,10.,65.));
#14635=CARTESIAN_POINT('',(59.,10.,122.));
#14636=CARTESIAN_POINT('',(45.,10.,122.));
#14637=CARTESIAN_POINT('',(59.,10.,8.));
#14638=CARTESIAN_POINT('',(59.,10.,65.));
#14639=CARTESIAN_POINT('',(22.5,10.,8.));
#14640=CARTESIAN_POINT('Origin',(44.,-9.5,9.));
#14641=CARTESIAN_POINT('',(42.3751923190728,-10.,9.));
#14642=CARTESIAN_POINT('',(45.6248076809272,-10.,9.));
#14643=CARTESIAN_POINT('',(44.5,-10.,9.));
#14644=CARTESIAN_POINT('',(42.3,-9.5,9.));
#14645=CARTESIAN_POINT('Origin',(44.,-9.5,9.));
#14646=CARTESIAN_POINT('Origin',(44.,-9.5,9.));
#14647=CARTESIAN_POINT('Origin',(44.,-9.5,4.));
#14648=CARTESIAN_POINT('',(42.3,-9.5,0.));
#14649=CARTESIAN_POINT('Origin',(44.,-9.5,0.));
#14650=CARTESIAN_POINT('',(42.3,-9.5,4.));
#14651=CARTESIAN_POINT('',(42.3751923190728,-10.,8.));
#14652=CARTESIAN_POINT('',(42.3751923190728,-10.,4.));
#14653=CARTESIAN_POINT('',(45.6248076809272,-10.,8.));
#14654=CARTESIAN_POINT('Origin',(44.,-9.5,8.));
#14655=CARTESIAN_POINT('',(45.6248076809272,-10.,4.));
#14656=CARTESIAN_POINT('Origin',(45.,-10.,65.));
#14657=CARTESIAN_POINT('',(59.,-10.,8.));
#14658=CARTESIAN_POINT('',(22.5,-10.,8.));
#14659=CARTESIAN_POINT('',(59.,-10.,122.));
#14660=CARTESIAN_POINT('',(59.,-10.,65.));
#14661=CARTESIAN_POINT('',(31.,-10.,122.));
#14662=CARTESIAN_POINT('',(45.,-10.,122.));
#14663=CARTESIAN_POINT('',(31.,-10.,8.));
#14664=CARTESIAN_POINT('',(31.,-10.,65.));
#14665=CARTESIAN_POINT('',(22.5,-10.,8.));
#14666=CARTESIAN_POINT('Origin',(28.,9.5,4.));
#14667=CARTESIAN_POINT('',(26.3,9.5,0.));
#14668=CARTESIAN_POINT('Origin',(28.,9.5,0.));
#14669=CARTESIAN_POINT('',(26.3,9.5,9.));
#14670=CARTESIAN_POINT('',(26.3,9.5,4.));
#14671=CARTESIAN_POINT('',(28.8979685423992,8.05651376977076,9.));
#14672=CARTESIAN_POINT('Origin',(28.,9.5,9.));
#14673=CARTESIAN_POINT('',(28.8979685423992,8.05651376977076,8.));
#14674=CARTESIAN_POINT('',(28.8979685423992,8.05651376977076,4.));
#14675=CARTESIAN_POINT('',(27.834179012648,11.191893436406,8.));
#14676=CARTESIAN_POINT('Origin',(28.,9.5,8.));
#14677=CARTESIAN_POINT('',(27.834179012648,11.191893436406,9.));
#14678=CARTESIAN_POINT('',(27.834179012648,11.191893436406,4.));
#14679=CARTESIAN_POINT('Origin',(28.,9.5,9.));
#14680=CARTESIAN_POINT('Origin',(28.,9.5,9.));
#14681=CARTESIAN_POINT('Origin',(0.,0.,9.));
#14682=CARTESIAN_POINT('Origin',(0.,0.,8.));
#14683=CARTESIAN_POINT('',(-12.,99.2773891679269,8.));
#14684=CARTESIAN_POINT('',(-99.2773891679269,12.,8.));
#14685=CARTESIAN_POINT('Origin',(0.,0.,8.));
#14686=CARTESIAN_POINT('',(-100.,12.,8.));
#14687=CARTESIAN_POINT('',(0.,12.,8.));
#14688=CARTESIAN_POINT('',(-100.,-12.,8.));
#14689=CARTESIAN_POINT('',(-100.,0.,8.));
#14690=CARTESIAN_POINT('',(-99.2773891679269,-12.,8.));
#14691=CARTESIAN_POINT('',(0.,-12.,8.));
#14692=CARTESIAN_POINT('',(-12.,-99.2773891679269,8.));
#14693=CARTESIAN_POINT('Origin',(0.,0.,8.));
#14694=CARTESIAN_POINT('',(-12.,-100.,8.));
#14695=CARTESIAN_POINT('',(-12.,0.,8.));
#14696=CARTESIAN_POINT('',(12.,-100.,8.));
#14697=CARTESIAN_POINT('',(0.,-100.,8.));
#14698=CARTESIAN_POINT('',(12.,-99.2773891679269,8.));
#14699=CARTESIAN_POINT('',(12.,0.,8.));
#14700=CARTESIAN_POINT('',(99.2773891679269,-12.,8.));
#14701=CARTESIAN_POINT('Origin',(0.,0.,8.));
#14702=CARTESIAN_POINT('',(100.,-12.,8.));
#14703=CARTESIAN_POINT('',(0.,-12.,8.));
#14704=CARTESIAN_POINT('',(100.,12.,8.));
#14705=CARTESIAN_POINT('',(100.,0.,8.));
#14706=CARTESIAN_POINT('',(99.2773891679269,12.,8.));
#14707=CARTESIAN_POINT('',(0.,12.,8.));
#14708=CARTESIAN_POINT('',(12.,99.2773891679269,8.));
#14709=CARTESIAN_POINT('Origin',(0.,0.,8.));
#14710=CARTESIAN_POINT('',(12.,100.,8.));
#14711=CARTESIAN_POINT('',(12.,0.,8.));
#14712=CARTESIAN_POINT('',(-12.,100.,8.));
#14713=CARTESIAN_POINT('',(0.,100.,8.));
#14714=CARTESIAN_POINT('',(-12.,0.,8.));
#14715=CARTESIAN_POINT('',(59.,0.,8.));
#14716=CARTESIAN_POINT('',(31.,-4.,8.));
#14717=CARTESIAN_POINT('',(31.,0.,8.));
#14718=CARTESIAN_POINT('',(29.732137494637,-4.,8.));
#14719=CARTESIAN_POINT('',(11.,-4.,8.));
#14720=CARTESIAN_POINT('',(28.8979685423992,-8.05651376977076,8.));
#14721=CARTESIAN_POINT('Origin',(0.,0.,8.));
#14722=CARTESIAN_POINT('',(27.834179012648,-11.191893436406,8.));
#14723=CARTESIAN_POINT('Origin',(28.,-9.5,8.));
#14724=CARTESIAN_POINT('',(27.495454169735,-12.,8.00000000000001));
#14725=CARTESIAN_POINT('Origin',(0.,0.,8.));
#14726=CARTESIAN_POINT('',(81.117199162693,-12.,8.));
#14727=CARTESIAN_POINT('',(0.,-12.,8.));
#14728=CARTESIAN_POINT('',(12.,-81.117199162693,8.));
#14729=CARTESIAN_POINT('Origin',(0.,0.,8.));
#14730=CARTESIAN_POINT('',(12.,-27.495454169735,8.00000000000001));
#14731=CARTESIAN_POINT('',(12.,0.,8.));
#14732=CARTESIAN_POINT('',(3.99999999999999,-29.732137494637,8.));
#14733=CARTESIAN_POINT('Origin',(0.,0.,8.));
#14734=CARTESIAN_POINT('',(3.99999999999999,-44.,8.));
#14735=CARTESIAN_POINT('',(4.,-11.,8.));
#14736=CARTESIAN_POINT('',(-4.00000000000001,-44.,8.));
#14737=CARTESIAN_POINT('',(-8.08266887437253E-15,-44.,8.));
#14738=CARTESIAN_POINT('',(-4.00000000000001,-29.732137494637,8.));
#14739=CARTESIAN_POINT('',(-4.,-11.,8.));
#14740=CARTESIAN_POINT('',(-12.,-27.495454169735,8.00000000000001));
#14741=CARTESIAN_POINT('Origin',(0.,0.,8.));
#14742=CARTESIAN_POINT('',(-12.,-81.117199162693,8.));
#14743=CARTESIAN_POINT('',(-12.,0.,8.));
#14744=CARTESIAN_POINT('',(-81.117199162693,-12.,8.));
#14745=CARTESIAN_POINT('Origin',(0.,0.,8.));
#14746=CARTESIAN_POINT('',(-83.,-12.,8.));
#14747=CARTESIAN_POINT('',(-34.,-12.,8.));
#14748=CARTESIAN_POINT('',(-83.,12.,8.));
#14749=CARTESIAN_POINT('',(-83.,0.,8.));
#14750=CARTESIAN_POINT('',(-81.117199162693,12.,8.));
#14751=CARTESIAN_POINT('',(-34.,12.,8.));
#14752=CARTESIAN_POINT('',(-12.,81.117199162693,8.));
#14753=CARTESIAN_POINT('Origin',(0.,0.,8.));
#14754=CARTESIAN_POINT('',(-12.,27.495454169735,8.00000000000001));
#14755=CARTESIAN_POINT('',(-12.,0.,8.));
#14756=CARTESIAN_POINT('',(-4.,29.732137494637,8.));
#14757=CARTESIAN_POINT('Origin',(0.,0.,8.));
#14758=CARTESIAN_POINT('',(-4.,44.,8.));
#14759=CARTESIAN_POINT('',(-4.,11.,8.));
#14760=CARTESIAN_POINT('',(4.,44.,8.));
#14761=CARTESIAN_POINT('',(2.69422295812418E-15,44.,8.));
#14762=CARTESIAN_POINT('',(4.,29.732137494637,8.));
#14763=CARTESIAN_POINT('',(4.,11.,8.));
#14764=CARTESIAN_POINT('',(12.,27.495454169735,8.00000000000001));
#14765=CARTESIAN_POINT('Origin',(0.,0.,8.));
#14766=CARTESIAN_POINT('',(12.,81.117199162693,8.));
#14767=CARTESIAN_POINT('',(12.,0.,8.));
#14768=CARTESIAN_POINT('',(81.117199162693,12.,8.));
#14769=CARTESIAN_POINT('Origin',(0.,0.,8.));
#14770=CARTESIAN_POINT('',(27.495454169735,12.,8.));
#14771=CARTESIAN_POINT('',(0.,12.,8.));
#14772=CARTESIAN_POINT('Origin',(0.,0.,8.));
#14773=CARTESIAN_POINT('',(29.732137494637,4.,8.));
#14774=CARTESIAN_POINT('Origin',(0.,0.,8.));
#14775=CARTESIAN_POINT('',(31.,4.,8.));
#14776=CARTESIAN_POINT('',(11.,4.,8.));
#14777=CARTESIAN_POINT('',(31.,0.,8.));
#14778=CARTESIAN_POINT('',(62.6467170879758,-64.3467170879758,8.));
#14779=CARTESIAN_POINT('Origin',(64.3467170879758,-64.3467170879758,8.));
#14780=CARTESIAN_POINT('',(-66.0467170879758,-64.3467170879758,8.));
#14781=CARTESIAN_POINT('Origin',(-64.3467170879758,-64.3467170879758,8.));
#14782=CARTESIAN_POINT('',(-66.0467170879758,64.3467170879758,8.));
#14783=CARTESIAN_POINT('Origin',(-64.3467170879758,64.3467170879758,8.));
#14784=CARTESIAN_POINT('',(62.6467170879758,64.3467170879758,8.));
#14785=CARTESIAN_POINT('Origin',(64.3467170879758,64.3467170879758,8.));
#14786=CARTESIAN_POINT('Origin',(28.,-9.5,9.));
#14787=CARTESIAN_POINT('',(27.834179012648,-11.191893436406,9.));
#14788=CARTESIAN_POINT('',(28.8979685423992,-8.05651376977076,9.));
#14789=CARTESIAN_POINT('Origin',(0.,0.,9.));
#14790=CARTESIAN_POINT('',(26.3,-9.5,9.));
#14791=CARTESIAN_POINT('Origin',(28.,-9.5,9.));
#14792=CARTESIAN_POINT('Origin',(28.,-9.5,9.));
#14793=CARTESIAN_POINT('Origin',(28.,-9.5,4.));
#14794=CARTESIAN_POINT('',(26.3,-9.5,0.));
#14795=CARTESIAN_POINT('Origin',(28.,-9.5,0.));
#14796=CARTESIAN_POINT('',(26.3,-9.5,4.));
#14797=CARTESIAN_POINT('',(27.834179012648,-11.191893436406,4.));
#14798=CARTESIAN_POINT('',(28.8979685423992,-8.05651376977076,4.));
#14799=CARTESIAN_POINT('Origin',(0.,0.,67.));
#14800=CARTESIAN_POINT('',(-30.,-3.67394039744206E-15,126.));
#14801=CARTESIAN_POINT('Origin',(0.,0.,126.));
#14802=CARTESIAN_POINT('',(-30.,-3.67394039744206E-15,76.));
#14803=CARTESIAN_POINT('',(-30.,-3.67394039744206E-15,67.));
#14804=CARTESIAN_POINT('',(-29.732137494637,-4.,76.));
#14805=CARTESIAN_POINT('Origin',(0.,0.,76.));
#14806=CARTESIAN_POINT('',(-29.732137494637,-4.,8.));
#14807=CARTESIAN_POINT('',(-29.732137494637,-4.,67.));
#14808=CARTESIAN_POINT('',(-27.495454169735,-12.,8.00000000000001));
#14809=CARTESIAN_POINT('Origin',(0.,0.,8.));
#14810=CARTESIAN_POINT('Origin',(0.,0.,8.00000000000001));
#14811=CARTESIAN_POINT('',(-4.00000000000001,-29.732137494637,76.));
#14812=CARTESIAN_POINT('',(-4.00000000000001,-29.732137494637,67.));
#14813=CARTESIAN_POINT('',(3.99999999999999,-29.732137494637,76.));
#14814=CARTESIAN_POINT('Origin',(0.,0.,76.));
#14815=CARTESIAN_POINT('',(3.99999999999999,-29.732137494637,67.));
#14816=CARTESIAN_POINT('Origin',(0.,0.,8.00000000000001));
#14817=CARTESIAN_POINT('',(29.732137494637,-4.,76.));
#14818=CARTESIAN_POINT('',(29.732137494637,-4.,67.));
#14819=CARTESIAN_POINT('',(29.732137494637,4.,76.));
#14820=CARTESIAN_POINT('Origin',(0.,0.,76.));
#14821=CARTESIAN_POINT('',(29.732137494637,4.,67.));
#14822=CARTESIAN_POINT('Origin',(0.,0.,8.00000000000001));
#14823=CARTESIAN_POINT('',(4.,29.732137494637,76.));
#14824=CARTESIAN_POINT('',(4.,29.732137494637,67.));
#14825=CARTESIAN_POINT('',(-4.,29.732137494637,76.));
#14826=CARTESIAN_POINT('Origin',(0.,0.,76.));
#14827=CARTESIAN_POINT('',(-4.,29.732137494637,67.));
#14828=CARTESIAN_POINT('',(-27.495454169735,12.,8.00000000000001));
#14829=CARTESIAN_POINT('Origin',(0.,0.,8.00000000000001));
#14830=CARTESIAN_POINT('',(-29.732137494637,4.,8.));
#14831=CARTESIAN_POINT('Origin',(0.,0.,8.));
#14832=CARTESIAN_POINT('',(-29.732137494637,4.,76.));
#14833=CARTESIAN_POINT('',(-29.732137494637,4.,67.));
#14834=CARTESIAN_POINT('Origin',(0.,0.,76.));
#14835=CARTESIAN_POINT('Origin',(8.,9.5,4.));
#14836=CARTESIAN_POINT('',(6.3,9.5,0.));
#14837=CARTESIAN_POINT('Origin',(8.,9.5,0.));
#14838=CARTESIAN_POINT('',(6.3,9.5,9.));
#14839=CARTESIAN_POINT('',(6.3,9.5,4.));
#14840=CARTESIAN_POINT('Origin',(8.,9.5,9.));
#14841=CARTESIAN_POINT('Origin',(8.,9.5,9.));
#14842=CARTESIAN_POINT('Origin',(8.,-9.5,4.));
#14843=CARTESIAN_POINT('',(6.3,-9.5,0.));
#14844=CARTESIAN_POINT('Origin',(8.,-9.5,0.));
#14845=CARTESIAN_POINT('',(6.3,-9.5,9.));
#14846=CARTESIAN_POINT('',(6.3,-9.5,4.));
#14847=CARTESIAN_POINT('Origin',(8.,-9.5,9.));
#14848=CARTESIAN_POINT('Origin',(8.,-9.5,9.));
#14849=CARTESIAN_POINT('Origin',(-8.,9.5,4.));
#14850=CARTESIAN_POINT('',(-9.7,9.5,0.));
#14851=CARTESIAN_POINT('Origin',(-8.,9.5,0.));
#14852=CARTESIAN_POINT('',(-9.7,9.5,9.));
#14853=CARTESIAN_POINT('',(-9.7,9.5,4.));
#14854=CARTESIAN_POINT('Origin',(-8.,9.5,9.));
#14855=CARTESIAN_POINT('Origin',(-8.,9.5,9.));
#14856=CARTESIAN_POINT('Origin',(-8.,-9.5,4.));
#14857=CARTESIAN_POINT('',(-9.7,-9.5,0.));
#14858=CARTESIAN_POINT('Origin',(-8.,-9.5,0.));
#14859=CARTESIAN_POINT('',(-9.7,-9.5,9.));
#14860=CARTESIAN_POINT('',(-9.7,-9.5,4.));
#14861=CARTESIAN_POINT('Origin',(-8.,-9.5,9.));
#14862=CARTESIAN_POINT('Origin',(-8.,-9.5,9.));
#14863=CARTESIAN_POINT('Origin',(-58.,0.,11.5));
#14864=CARTESIAN_POINT('',(-59.7,-2.0818995585505E-16,7.));
#14865=CARTESIAN_POINT('Origin',(-58.,0.,7.));
#14866=CARTESIAN_POINT('',(-59.7,2.0818995585505E-16,14.));
#14867=CARTESIAN_POINT('',(-59.7,-2.0818995585505E-16,11.5));
#14868=CARTESIAN_POINT('Origin',(-58.,0.,14.));
#14869=CARTESIAN_POINT('Origin',(-58.,0.,7.));
#14870=CARTESIAN_POINT('Origin',(-78.,0.,11.5));
#14871=CARTESIAN_POINT('',(-79.7,-2.0818995585505E-16,7.));
#14872=CARTESIAN_POINT('Origin',(-78.,0.,7.));
#14873=CARTESIAN_POINT('',(-79.7,2.0818995585505E-16,14.));
#14874=CARTESIAN_POINT('',(-79.7,-2.0818995585505E-16,11.5));
#14875=CARTESIAN_POINT('Origin',(-78.,0.,14.));
#14876=CARTESIAN_POINT('Origin',(-78.,0.,7.));
#14877=CARTESIAN_POINT('Origin',(-68.,0.,14.));
#14878=CARTESIAN_POINT('',(-53.,-12.,14.));
#14879=CARTESIAN_POINT('',(-53.,12.,14.));
#14880=CARTESIAN_POINT('',(-53.,0.,14.));
#14881=CARTESIAN_POINT('',(-83.,12.,14.));
#14882=CARTESIAN_POINT('',(-68.,12.,14.));
#14883=CARTESIAN_POINT('',(-83.,-12.,14.));
#14884=CARTESIAN_POINT('',(-83.,0.,14.));
#14885=CARTESIAN_POINT('',(-68.,-12.,14.));
#14886=CARTESIAN_POINT('Origin',(-83.,0.,11.));
#14887=CARTESIAN_POINT('',(-83.,12.,11.));
#14888=CARTESIAN_POINT('',(-83.,-12.,11.));
#14889=CARTESIAN_POINT('Origin',(-53.,0.,11.));
#14890=CARTESIAN_POINT('',(-53.,-12.,8.));
#14891=CARTESIAN_POINT('',(-53.,-12.,11.));
#14892=CARTESIAN_POINT('',(-53.,12.,8.));
#14893=CARTESIAN_POINT('',(-53.,0.,8.));
#14894=CARTESIAN_POINT('',(-53.,12.,11.));
#14895=CARTESIAN_POINT('Origin',(0.,0.,8.));
#14896=CARTESIAN_POINT('',(0.,-12.,8.));
#14897=CARTESIAN_POINT('',(-44.,-3.99999999999999,8.));
#14898=CARTESIAN_POINT('',(-11.,-4.,8.));
#14899=CARTESIAN_POINT('',(-44.,4.00000000000001,8.));
#14900=CARTESIAN_POINT('',(-44.,5.38844591624835E-15,8.));
#14901=CARTESIAN_POINT('',(-11.,4.,8.));
#14902=CARTESIAN_POINT('',(0.,12.,8.));
#14903=CARTESIAN_POINT('Origin',(50.,0.,124.));
#14904=CARTESIAN_POINT('',(48.3,-2.0818995585505E-16,118.));
#14905=CARTESIAN_POINT('Origin',(50.,0.,118.));
#14906=CARTESIAN_POINT('',(48.3,2.0818995585505E-16,122.));
#14907=CARTESIAN_POINT('',(48.3,-2.0818995585505E-16,124.));
#14908=CARTESIAN_POINT('Origin',(50.,0.,122.));
#14909=CARTESIAN_POINT('Origin',(50.,0.,118.));
#14910=CARTESIAN_POINT('Origin',(40.,0.,124.));
#14911=CARTESIAN_POINT('',(38.3,-2.0818995585505E-16,118.));
#14912=CARTESIAN_POINT('Origin',(40.,0.,118.));
#14913=CARTESIAN_POINT('',(38.3,2.0818995585505E-16,122.));
#14914=CARTESIAN_POINT('',(38.3,-2.0818995585505E-16,124.));
#14915=CARTESIAN_POINT('Origin',(40.,0.,122.));
#14916=CARTESIAN_POINT('Origin',(40.,0.,118.));
#14917=CARTESIAN_POINT('Origin',(31.,0.,65.));
#14918=CARTESIAN_POINT('',(31.,4.,76.));
#14919=CARTESIAN_POINT('',(31.,4.,53.5));
#14920=CARTESIAN_POINT('',(31.,-4.,76.));
#14921=CARTESIAN_POINT('',(31.,0.,76.));
#14922=CARTESIAN_POINT('',(31.,-4.,53.5));
#14923=CARTESIAN_POINT('',(31.,0.,122.));
#14924=CARTESIAN_POINT('Origin',(45.,0.,122.));
#14925=CARTESIAN_POINT('',(59.,0.,122.));
#14926=CARTESIAN_POINT('Origin',(59.,0.,65.));
#14927=CARTESIAN_POINT('Origin',(22.,4.,42.));
#14928=CARTESIAN_POINT('',(22.,4.,76.));
#14929=CARTESIAN_POINT('Origin',(-4.04133443718627E-15,-22.,76.));
#14930=CARTESIAN_POINT('',(-4.00000000000001,-44.,76.));
#14931=CARTESIAN_POINT('',(-4.,-22.,76.));
#14932=CARTESIAN_POINT('',(3.99999999999999,-44.,76.));
#14933=CARTESIAN_POINT('',(-8.08266887437253E-15,-44.,76.));
#14934=CARTESIAN_POINT('',(4.,-22.,76.));
#14935=CARTESIAN_POINT('Origin',(-4.,-22.,42.));
#14936=CARTESIAN_POINT('',(-4.00000000000001,-44.,42.));
#14937=CARTESIAN_POINT('Origin',(4.,-22.,42.));
#14938=CARTESIAN_POINT('',(3.99999999999999,-44.,42.));
#14939=CARTESIAN_POINT('Origin',(-8.08266887437253E-15,-44.,42.));
#14940=CARTESIAN_POINT('Origin',(-22.,2.69422295812418E-15,76.));
#14941=CARTESIAN_POINT('',(-44.,4.00000000000001,76.));
#14942=CARTESIAN_POINT('',(-22.,4.,76.));
#14943=CARTESIAN_POINT('',(-44.,-3.99999999999999,76.));
#14944=CARTESIAN_POINT('',(-44.,5.38844591624835E-15,76.));
#14945=CARTESIAN_POINT('',(-22.,-4.,76.));
#14946=CARTESIAN_POINT('Origin',(-22.,-4.,42.));
#14947=CARTESIAN_POINT('',(-44.,-3.99999999999999,42.));
#14948=CARTESIAN_POINT('Origin',(-22.,4.,42.));
#14949=CARTESIAN_POINT('',(-44.,4.00000000000001,42.));
#14950=CARTESIAN_POINT('Origin',(-44.,5.38844591624835E-15,42.));
#14951=CARTESIAN_POINT('Origin',(0.,0.,74.));
#14952=CARTESIAN_POINT('',(-4.15,-5.08228421646152E-16,0.));
#14953=CARTESIAN_POINT('Origin',(0.,0.,0.));
#14954=CARTESIAN_POINT('',(-4.15,-5.08228421646152E-16,40.));
#14955=CARTESIAN_POINT('',(-4.15,-5.08228421646152E-16,74.));
#14956=CARTESIAN_POINT('Origin',(0.,0.,40.));
#14957=CARTESIAN_POINT('Origin',(1.34711147906209E-15,22.,76.));
#14958=CARTESIAN_POINT('',(4.,44.,76.));
#14959=CARTESIAN_POINT('',(4.,22.,76.));
#14960=CARTESIAN_POINT('',(-4.,44.,76.));
#14961=CARTESIAN_POINT('',(2.69422295812418E-15,44.,76.));
#14962=CARTESIAN_POINT('',(-4.,22.,76.));
#14963=CARTESIAN_POINT('Origin',(-4.,22.,42.));
#14964=CARTESIAN_POINT('',(-4.,44.,42.));
#14965=CARTESIAN_POINT('Origin',(4.,22.,42.));
#14966=CARTESIAN_POINT('',(4.,44.,42.));
#14967=CARTESIAN_POINT('Origin',(2.69422295812418E-15,44.,42.));
#14968=CARTESIAN_POINT('Origin',(22.,-4.,42.));
#14969=CARTESIAN_POINT('',(22.,-4.,76.));
#14970=CARTESIAN_POINT('Origin',(22.,0.,76.));
#14971=CARTESIAN_POINT('Origin',(0.,0.,8.00000000000001));
#14972=CARTESIAN_POINT('',(-12.,12.,8.));
#14973=CARTESIAN_POINT('',(-12.,0.,8.));
#14974=CARTESIAN_POINT('',(0.,12.,8.));
#14975=CARTESIAN_POINT('Origin',(0.,0.,8.00000000000001));
#14976=CARTESIAN_POINT('',(-12.,-12.,8.));
#14977=CARTESIAN_POINT('',(-12.,0.,8.));
#14978=CARTESIAN_POINT('',(0.,-12.,8.));
#14979=CARTESIAN_POINT('Origin',(0.,0.,8.00000000000001));
#14980=CARTESIAN_POINT('',(12.,-12.,8.));
#14981=CARTESIAN_POINT('',(0.,-12.,8.));
#14982=CARTESIAN_POINT('',(12.,0.,8.));
#14983=CARTESIAN_POINT('Origin',(0.,0.,8.00000000000001));
#14984=CARTESIAN_POINT('',(12.,12.,8.));
#14985=CARTESIAN_POINT('',(0.,12.,8.));
#14986=CARTESIAN_POINT('',(12.,0.,8.));
#14987=CARTESIAN_POINT('Origin',(0.,0.,116.4));
#14988=CARTESIAN_POINT('',(-11.1,-1.35935794705356E-15,112.8));
#14989=CARTESIAN_POINT('Origin',(0.,0.,112.8));
#14990=CARTESIAN_POINT('',(-11.1,-1.35935794705356E-15,120.));
#14991=CARTESIAN_POINT('',(-11.1,-1.35935794705356E-15,116.4));
#14992=CARTESIAN_POINT('Origin',(0.,0.,120.));
#14993=CARTESIAN_POINT('Origin',(0.,0.,112.8));
#14994=CARTESIAN_POINT('Origin',(0.,0.,120.));
#14995=CARTESIAN_POINT('',(-4.15,5.08228421646152E-16,120.));
#14996=CARTESIAN_POINT('Origin',(0.,0.,120.));
#14997=CARTESIAN_POINT('Origin',(0.,0.,74.));
#14998=CARTESIAN_POINT('',(-4.15,5.08228421646152E-16,126.));
#14999=CARTESIAN_POINT('',(-4.15,-5.08228421646152E-16,74.));
#15000=CARTESIAN_POINT('Origin',(0.,0.,126.));
#15001=CARTESIAN_POINT('Origin',(0.,0.,126.));
#15002=CARTESIAN_POINT('Origin',(64.3467170879758,-64.3467170879758,4.));
#15003=CARTESIAN_POINT('',(62.6467170879758,-64.3467170879758,0.));
#15004=CARTESIAN_POINT('Origin',(64.3467170879758,-64.3467170879758,0.));
#15005=CARTESIAN_POINT('',(62.6467170879758,-64.3467170879758,4.));
#15006=CARTESIAN_POINT('Origin',(-64.3467170879758,-64.3467170879758,4.));
#15007=CARTESIAN_POINT('',(-66.0467170879758,-64.3467170879758,0.));
#15008=CARTESIAN_POINT('Origin',(-64.3467170879758,-64.3467170879758,0.));
#15009=CARTESIAN_POINT('',(-66.0467170879758,-64.3467170879758,4.));
#15010=CARTESIAN_POINT('Origin',(-64.3467170879758,64.3467170879758,4.));
#15011=CARTESIAN_POINT('',(-66.0467170879758,64.3467170879758,0.));
#15012=CARTESIAN_POINT('Origin',(-64.3467170879758,64.3467170879758,0.));
#15013=CARTESIAN_POINT('',(-66.0467170879758,64.3467170879758,4.));
#15014=CARTESIAN_POINT('Origin',(64.3467170879758,64.3467170879758,4.));
#15015=CARTESIAN_POINT('',(62.6467170879758,64.3467170879758,0.));
#15016=CARTESIAN_POINT('Origin',(64.3467170879758,64.3467170879758,0.));
#15017=CARTESIAN_POINT('',(62.6467170879758,64.3467170879758,4.));
#15018=CARTESIAN_POINT('Origin',(-12.,0.,4.));
#15019=CARTESIAN_POINT('',(-12.,-99.2773891679269,0.));
#15020=CARTESIAN_POINT('',(-12.,-99.2773891679269,4.));
#15021=CARTESIAN_POINT('',(-12.,-100.,0.));
#15022=CARTESIAN_POINT('',(-12.,0.,0.));
#15023=CARTESIAN_POINT('',(-12.,-100.,4.));
#15024=CARTESIAN_POINT('Origin',(-12.,0.,4.));
#15025=CARTESIAN_POINT('',(-12.,-12.,0.));
#15026=CARTESIAN_POINT('',(-12.,-12.,4.));
#15027=CARTESIAN_POINT('',(-12.,-81.117199162693,0.));
#15028=CARTESIAN_POINT('',(-12.,0.,0.));
#15029=CARTESIAN_POINT('',(-12.,-81.117199162693,4.));
#15030=CARTESIAN_POINT('Origin',(-12.,0.,4.));
#15031=CARTESIAN_POINT('',(-12.,99.2773891679269,0.));
#15032=CARTESIAN_POINT('',(-12.,99.2773891679269,4.));
#15033=CARTESIAN_POINT('',(-12.,100.,0.));
#15034=CARTESIAN_POINT('',(-12.,100.,4.));
#15035=CARTESIAN_POINT('',(-12.,0.,0.));
#15036=CARTESIAN_POINT('Origin',(12.,0.,4.));
#15037=CARTESIAN_POINT('',(12.,-99.2773891679269,0.));
#15038=CARTESIAN_POINT('',(12.,-99.2773891679269,4.));
#15039=CARTESIAN_POINT('',(12.,-100.,0.));
#15040=CARTESIAN_POINT('',(12.,-100.,4.));
#15041=CARTESIAN_POINT('',(12.,0.,0.));
#15042=CARTESIAN_POINT('Origin',(12.,0.,4.));
#15043=CARTESIAN_POINT('',(12.,99.2773891679269,0.));
#15044=CARTESIAN_POINT('',(12.,99.2773891679269,4.));
#15045=CARTESIAN_POINT('',(12.,100.,0.));
#15046=CARTESIAN_POINT('',(12.,0.,0.));
#15047=CARTESIAN_POINT('',(12.,100.,4.));
#15048=CARTESIAN_POINT('Origin',(12.,0.,4.));
#15049=CARTESIAN_POINT('',(12.,-12.,0.));
#15050=CARTESIAN_POINT('',(12.,-12.,4.));
#15051=CARTESIAN_POINT('',(12.,-81.117199162693,0.));
#15052=CARTESIAN_POINT('',(12.,-81.117199162693,4.));
#15053=CARTESIAN_POINT('',(12.,0.,0.));
#15054=CARTESIAN_POINT('Origin',(12.,0.,4.));
#15055=CARTESIAN_POINT('',(12.,12.,0.));
#15056=CARTESIAN_POINT('',(12.,12.,4.));
#15057=CARTESIAN_POINT('',(12.,81.117199162693,0.));
#15058=CARTESIAN_POINT('',(12.,0.,0.));
#15059=CARTESIAN_POINT('',(12.,81.117199162693,4.));
#15060=CARTESIAN_POINT('Origin',(0.,-100.,4.));
#15061=CARTESIAN_POINT('',(0.,-100.,0.));
#15062=CARTESIAN_POINT('Origin',(-12.,0.,4.));
#15063=CARTESIAN_POINT('',(-12.,12.,0.));
#15064=CARTESIAN_POINT('',(-12.,12.,4.));
#15065=CARTESIAN_POINT('',(-12.,81.117199162693,0.));
#15066=CARTESIAN_POINT('',(-12.,81.117199162693,4.));
#15067=CARTESIAN_POINT('',(-12.,0.,0.));
#15068=CARTESIAN_POINT('Origin',(0.,100.,4.));
#15069=CARTESIAN_POINT('',(0.,100.,0.));
#15070=CARTESIAN_POINT('Origin',(0.,12.,4.));
#15071=CARTESIAN_POINT('',(-81.117199162693,12.,0.));
#15072=CARTESIAN_POINT('',(0.,12.,0.));
#15073=CARTESIAN_POINT('',(-81.117199162693,12.,4.));
#15074=CARTESIAN_POINT('Origin',(0.,-12.,4.));
#15075=CARTESIAN_POINT('',(-81.117199162693,-12.,0.));
#15076=CARTESIAN_POINT('',(-81.117199162693,-12.,4.));
#15077=CARTESIAN_POINT('',(0.,-12.,0.));
#15078=CARTESIAN_POINT('Origin',(0.,-12.,4.));
#15079=CARTESIAN_POINT('',(81.117199162693,-12.,0.));
#15080=CARTESIAN_POINT('',(0.,-12.,0.));
#15081=CARTESIAN_POINT('',(81.117199162693,-12.,4.));
#15082=CARTESIAN_POINT('Origin',(0.,0.,4.));
#15083=CARTESIAN_POINT('Origin',(0.,0.,0.));
#15084=CARTESIAN_POINT('Origin',(0.,0.,4.));
#15085=CARTESIAN_POINT('',(81.117199162693,12.,0.));
#15086=CARTESIAN_POINT('Origin',(0.,0.,0.));
#15087=CARTESIAN_POINT('',(81.117199162693,12.,4.));
#15088=CARTESIAN_POINT('Origin',(0.,0.,4.));
#15089=CARTESIAN_POINT('',(-99.2773891679269,12.,0.));
#15090=CARTESIAN_POINT('Origin',(0.,0.,0.));
#15091=CARTESIAN_POINT('',(-99.2773891679269,12.,4.));
#15092=CARTESIAN_POINT('Origin',(0.,0.,4.));
#15093=CARTESIAN_POINT('Origin',(0.,0.,0.));
#15094=CARTESIAN_POINT('Origin',(0.,0.,4.));
#15095=CARTESIAN_POINT('Origin',(0.,0.,0.));
#15096=CARTESIAN_POINT('Origin',(0.,0.,4.));
#15097=CARTESIAN_POINT('',(99.2773891679269,-12.,0.));
#15098=CARTESIAN_POINT('Origin',(0.,0.,0.));
#15099=CARTESIAN_POINT('',(99.2773891679269,-12.,4.));
#15100=CARTESIAN_POINT('Origin',(0.,0.,0.));
#15101=CARTESIAN_POINT('',(99.2773891679269,12.,0.));
#15102=CARTESIAN_POINT('Origin',(0.,0.,0.));
#15103=CARTESIAN_POINT('',(100.,12.,0.));
#15104=CARTESIAN_POINT('',(0.,12.,0.));
#15105=CARTESIAN_POINT('',(100.,-12.,0.));
#15106=CARTESIAN_POINT('',(100.,0.,0.));
#15107=CARTESIAN_POINT('',(0.,-12.,0.));
#15108=CARTESIAN_POINT('',(-99.2773891679269,-12.,0.));
#15109=CARTESIAN_POINT('Origin',(0.,0.,0.));
#15110=CARTESIAN_POINT('',(-100.,-12.,0.));
#15111=CARTESIAN_POINT('',(0.,-12.,0.));
#15112=CARTESIAN_POINT('',(-100.,12.,0.));
#15113=CARTESIAN_POINT('',(-100.,0.,0.));
#15114=CARTESIAN_POINT('',(0.,12.,0.));
#15115=CARTESIAN_POINT('',(0.,12.,0.));
#15116=CARTESIAN_POINT('Origin',(0.,12.,4.));
#15117=CARTESIAN_POINT('',(-100.,12.,4.));
#15118=CARTESIAN_POINT('Origin',(0.,12.,4.));
#15119=CARTESIAN_POINT('',(99.2773891679269,12.,4.));
#15120=CARTESIAN_POINT('',(100.,12.,4.));
#15121=CARTESIAN_POINT('Origin',(0.,12.,4.));
#15122=CARTESIAN_POINT('Origin',(0.,-12.,4.));
#15123=CARTESIAN_POINT('',(100.,-12.,4.));
#15124=CARTESIAN_POINT('Origin',(0.,-12.,4.));
#15125=CARTESIAN_POINT('',(-99.2773891679269,-12.,4.));
#15126=CARTESIAN_POINT('',(-100.,-12.,4.));
#15127=CARTESIAN_POINT('Origin',(-100.,0.,4.));
#15128=CARTESIAN_POINT('Origin',(100.,0.,4.));
#15129=CARTESIAN_POINT('Origin',(0.,0.,4.));
#15130=CARTESIAN_POINT('Origin',(0.,0.,4.));
#15131=CARTESIAN_POINT('Origin',(0.,0.,40.));
#15132=CARTESIAN_POINT('',(-11.1,-1.35935794705356E-15,40.));
#15133=CARTESIAN_POINT('Origin',(0.,0.,40.));
#15134=CARTESIAN_POINT('Origin',(0.,0.,43.6));
#15135=CARTESIAN_POINT('',(-11.1,-1.35935794705356E-15,47.2));
#15136=CARTESIAN_POINT('',(-11.1,-1.35935794705356E-15,43.6));
#15137=CARTESIAN_POINT('Origin',(0.,0.,47.2));
#15138=CARTESIAN_POINT('Origin',(0.,0.,47.2));
#15139=CARTESIAN_POINT('',(0.,0.,0.));
#15140=CARTESIAN_POINT('Origin',(45.,0.,0.));
#15141=CARTESIAN_POINT('',(38.3,-2.0818995585505E-16,0.));
#15142=CARTESIAN_POINT('Origin',(40.,0.,0.));
#15143=CARTESIAN_POINT('Origin',(45.,0.,0.));
#15144=CARTESIAN_POINT('',(46.,6.,0.));
#15145=CARTESIAN_POINT('',(46.,-6.,0.));
#15146=CARTESIAN_POINT('',(46.,0.,0.));
#15147=CARTESIAN_POINT('',(56.,-6.,0.));
#15148=CARTESIAN_POINT('',(45.,-6.,0.));
#15149=CARTESIAN_POINT('',(56.,6.,0.));
#15150=CARTESIAN_POINT('',(56.,0.,0.));
#15151=CARTESIAN_POINT('',(45.,6.,0.));
#15152=CARTESIAN_POINT('Origin',(45.,0.,-2.));
#15153=CARTESIAN_POINT('',(56.,6.,-2.));
#15154=CARTESIAN_POINT('',(56.,-6.,-2.));
#15155=CARTESIAN_POINT('',(56.,0.,-2.));
#15156=CARTESIAN_POINT('',(34.,-6.,-2.));
#15157=CARTESIAN_POINT('',(45.,-6.,-2.));
#15158=CARTESIAN_POINT('',(34.,6.,-2.));
#15159=CARTESIAN_POINT('',(34.,0.,-2.));
#15160=CARTESIAN_POINT('',(45.,6.,-2.));
#15161=CARTESIAN_POINT('Origin',(45.,-6.,-1.));
#15162=CARTESIAN_POINT('',(34.,-6.,0.));
#15163=CARTESIAN_POINT('',(34.,-6.,-1.));
#15164=CARTESIAN_POINT('',(56.,-6.,-1.));
#15165=CARTESIAN_POINT('',(22.5,-6.,0.));
#15166=CARTESIAN_POINT('Origin',(34.,0.,-1.));
#15167=CARTESIAN_POINT('',(34.,6.,0.));
#15168=CARTESIAN_POINT('',(34.,6.,-1.));
#15169=CARTESIAN_POINT('',(34.,0.,0.));
#15170=CARTESIAN_POINT('Origin',(45.,6.,-1.));
#15171=CARTESIAN_POINT('',(56.,6.,-1.));
#15172=CARTESIAN_POINT('',(22.5,6.,0.));
#15173=CARTESIAN_POINT('Origin',(56.,0.,-1.));
#15174=CARTESIAN_POINT('Origin',(0.,0.,0.));
#15175=CARTESIAN_POINT('',(46.,-14.,0.));
#15176=CARTESIAN_POINT('',(46.,0.,0.));
#15177=CARTESIAN_POINT('',(32.0780298646909,-14.,0.));
#15178=CARTESIAN_POINT('',(35.,-14.,0.));
#15179=CARTESIAN_POINT('',(14.,-32.0780298646909,0.));
#15180=CARTESIAN_POINT('Origin',(0.,0.,0.));
#15181=CARTESIAN_POINT('',(14.,-46.,0.));
#15182=CARTESIAN_POINT('',(14.,-35.,0.));
#15183=CARTESIAN_POINT('',(-14.,-46.,0.));
#15184=CARTESIAN_POINT('',(-8.45006291411674E-15,-46.,0.));
#15185=CARTESIAN_POINT('',(-14.,-32.0780298646909,0.));
#15186=CARTESIAN_POINT('',(-14.,-35.,0.));
#15187=CARTESIAN_POINT('',(-32.0780298646909,-14.,0.));
#15188=CARTESIAN_POINT('Origin',(0.,0.,0.));
#15189=CARTESIAN_POINT('',(-46.,-14.,0.));
#15190=CARTESIAN_POINT('',(-35.,-14.,0.));
#15191=CARTESIAN_POINT('',(-46.,14.,0.));
#15192=CARTESIAN_POINT('',(-46.,5.63337527607782E-15,0.));
#15193=CARTESIAN_POINT('',(-32.0780298646909,14.,0.));
#15194=CARTESIAN_POINT('',(-35.,14.,0.));
#15195=CARTESIAN_POINT('',(-14.,32.0780298646909,0.));
#15196=CARTESIAN_POINT('Origin',(0.,0.,0.));
#15197=CARTESIAN_POINT('',(-14.,46.,0.));
#15198=CARTESIAN_POINT('',(-14.,35.,0.));
#15199=CARTESIAN_POINT('',(14.,46.,0.));
#15200=CARTESIAN_POINT('',(2.81668763803891E-15,46.,0.));
#15201=CARTESIAN_POINT('',(14.,32.0780298646909,0.));
#15202=CARTESIAN_POINT('',(14.,35.,0.));
#15203=CARTESIAN_POINT('',(32.0780298646909,14.,0.));
#15204=CARTESIAN_POINT('Origin',(0.,0.,0.));
#15205=CARTESIAN_POINT('',(46.,14.,0.));
#15206=CARTESIAN_POINT('',(35.,14.,0.));
#15207=CARTESIAN_POINT('',(46.,0.,0.));
#15208=CARTESIAN_POINT('',(6.78528137423857,-8.48528137423857,0.));
#15209=CARTESIAN_POINT('Origin',(8.48528137423857,-8.48528137423857,0.));
#15210=CARTESIAN_POINT('',(-10.1852813742386,8.48528137423857,0.));
#15211=CARTESIAN_POINT('Origin',(-8.48528137423857,8.48528137423857,0.));
#15212=CARTESIAN_POINT('',(-1.70000000000001,-40.,0.));
#15213=CARTESIAN_POINT('Origin',(-7.34788079488412E-15,-40.,0.));
#15214=CARTESIAN_POINT('',(-4.1,-5.02105187650415E-16,0.));
#15215=CARTESIAN_POINT('Origin',(0.,0.,0.));
#15216=CARTESIAN_POINT('',(28.3,-2.0818995585505E-16,0.));
#15217=CARTESIAN_POINT('Origin',(30.,0.,0.));
#15218=CARTESIAN_POINT('',(-1.7,30.,0.));
#15219=CARTESIAN_POINT('Origin',(1.83697019872103E-15,30.,0.));
#15220=CARTESIAN_POINT('',(-1.7,40.,0.));
#15221=CARTESIAN_POINT('Origin',(2.44929359829471E-15,40.,0.));
#15222=CARTESIAN_POINT('',(-31.7,3.46575044158701E-15,0.));
#15223=CARTESIAN_POINT('Origin',(-30.,3.67394039744206E-15,0.));
#15224=CARTESIAN_POINT('',(-41.7,4.69039724073436E-15,0.));
#15225=CARTESIAN_POINT('Origin',(-40.,4.89858719658941E-15,0.));
#15226=CARTESIAN_POINT('',(-1.70000000000001,-30.,0.));
#15227=CARTESIAN_POINT('Origin',(-5.51091059616309E-15,-30.,0.));
#15228=CARTESIAN_POINT('',(6.78528137423857,8.48528137423857,0.));
#15229=CARTESIAN_POINT('Origin',(8.48528137423857,8.48528137423857,0.));
#15230=CARTESIAN_POINT('',(-10.1852813742386,-8.48528137423857,0.));
#15231=CARTESIAN_POINT('Origin',(-8.48528137423857,-8.48528137423857,0.));
#15232=CARTESIAN_POINT('Origin',(8.48528137423857,-8.48528137423857,9.5));
#15233=CARTESIAN_POINT('',(6.78528137423857,-8.48528137423857,12.));
#15234=CARTESIAN_POINT('',(6.78528137423857,-8.48528137423857,9.5));
#15235=CARTESIAN_POINT('Origin',(8.48528137423857,-8.48528137423857,12.));
#15236=CARTESIAN_POINT('Origin',(-8.48528137423857,-8.48528137423857,9.5));
#15237=CARTESIAN_POINT('',(-10.1852813742386,-8.48528137423857,12.));
#15238=CARTESIAN_POINT('',(-10.1852813742386,-8.48528137423857,9.5));
#15239=CARTESIAN_POINT('Origin',(-8.48528137423857,-8.48528137423857,12.));
#15240=CARTESIAN_POINT('Origin',(-8.48528137423857,8.48528137423857,9.5));
#15241=CARTESIAN_POINT('',(-10.1852813742386,8.48528137423857,12.));
#15242=CARTESIAN_POINT('',(-10.1852813742386,8.48528137423857,9.5));
#15243=CARTESIAN_POINT('Origin',(-8.48528137423857,8.48528137423857,12.));
#15244=CARTESIAN_POINT('Origin',(8.48528137423857,8.48528137423857,9.5));
#15245=CARTESIAN_POINT('',(6.78528137423857,8.48528137423857,12.));
#15246=CARTESIAN_POINT('',(6.78528137423857,8.48528137423857,9.5));
#15247=CARTESIAN_POINT('Origin',(8.48528137423857,8.48528137423857,12.));
#15248=CARTESIAN_POINT('Origin',(-7.34788079488412E-15,-40.,6.5));
#15249=CARTESIAN_POINT('',(-1.70000000000001,-40.,12.));
#15250=CARTESIAN_POINT('',(-1.70000000000001,-40.,6.5));
#15251=CARTESIAN_POINT('Origin',(-7.34788079488412E-15,-40.,12.));
#15252=CARTESIAN_POINT('Origin',(-5.51091059616309E-15,-30.,6.5));
#15253=CARTESIAN_POINT('',(-1.70000000000001,-30.,12.));
#15254=CARTESIAN_POINT('',(-1.70000000000001,-30.,6.5));
#15255=CARTESIAN_POINT('Origin',(-5.51091059616309E-15,-30.,12.));
#15256=CARTESIAN_POINT('Origin',(-14.,-35.,6.));
#15257=CARTESIAN_POINT('',(-14.,-32.0780298646909,12.));
#15258=CARTESIAN_POINT('',(-14.,-32.0780298646909,6.));
#15259=CARTESIAN_POINT('',(-14.,-46.,12.));
#15260=CARTESIAN_POINT('',(-14.,-46.,6.));
#15261=CARTESIAN_POINT('',(-14.,-35.,12.));
#15262=CARTESIAN_POINT('Origin',(14.,-35.,6.));
#15263=CARTESIAN_POINT('',(14.,-32.0780298646909,12.));
#15264=CARTESIAN_POINT('',(14.,-32.0780298646909,6.));
#15265=CARTESIAN_POINT('',(14.,-46.,12.));
#15266=CARTESIAN_POINT('',(14.,-35.,12.));
#15267=CARTESIAN_POINT('',(14.,-46.,6.));
#15268=CARTESIAN_POINT('Origin',(-8.45006291411674E-15,-46.,6.));
#15269=CARTESIAN_POINT('',(-8.45006291411674E-15,-46.,12.));
#15270=CARTESIAN_POINT('Origin',(0.,0.,12.));
#15271=CARTESIAN_POINT('',(32.0780298646909,-14.,12.));
#15272=CARTESIAN_POINT('Origin',(0.,0.,12.));
#15273=CARTESIAN_POINT('',(46.,-14.,12.));
#15274=CARTESIAN_POINT('',(35.,-14.,12.));
#15275=CARTESIAN_POINT('',(46.,14.,12.));
#15276=CARTESIAN_POINT('',(46.,0.,12.));
#15277=CARTESIAN_POINT('',(32.0780298646909,14.,12.));
#15278=CARTESIAN_POINT('',(35.,14.,12.));
#15279=CARTESIAN_POINT('',(14.,32.0780298646909,12.));
#15280=CARTESIAN_POINT('Origin',(0.,0.,12.));
#15281=CARTESIAN_POINT('',(14.,46.,12.));
#15282=CARTESIAN_POINT('',(14.,35.,12.));
#15283=CARTESIAN_POINT('',(-14.,46.,12.));
#15284=CARTESIAN_POINT('',(2.81668763803891E-15,46.,12.));
#15285=CARTESIAN_POINT('',(-14.,32.0780298646909,12.));
#15286=CARTESIAN_POINT('',(-14.,35.,12.));
#15287=CARTESIAN_POINT('',(-32.0780298646909,14.,12.));
#15288=CARTESIAN_POINT('Origin',(0.,0.,12.));
#15289=CARTESIAN_POINT('',(-46.,14.,12.));
#15290=CARTESIAN_POINT('',(-35.,14.,12.));
#15291=CARTESIAN_POINT('',(-46.,-14.,12.));
#15292=CARTESIAN_POINT('',(-46.,5.63337527607782E-15,12.));
#15293=CARTESIAN_POINT('',(-32.0780298646909,-14.,12.));
#15294=CARTESIAN_POINT('',(-35.,-14.,12.));
#15295=CARTESIAN_POINT('Origin',(0.,0.,12.));
#15296=CARTESIAN_POINT('',(-1.7,40.,12.));
#15297=CARTESIAN_POINT('Origin',(2.44929359829471E-15,40.,12.));
#15298=CARTESIAN_POINT('',(-1.7,30.,12.));
#15299=CARTESIAN_POINT('Origin',(1.83697019872103E-15,30.,12.));
#15300=CARTESIAN_POINT('',(-4.1,5.02105187650415E-16,12.));
#15301=CARTESIAN_POINT('Origin',(0.,0.,12.));
#15302=CARTESIAN_POINT('',(28.3,2.0818995585505E-16,12.));
#15303=CARTESIAN_POINT('Origin',(30.,0.,12.));
#15304=CARTESIAN_POINT('',(38.3,2.0818995585505E-16,12.));
#15305=CARTESIAN_POINT('Origin',(40.,0.,12.));
#15306=CARTESIAN_POINT('',(-31.7,3.88213035329711E-15,12.));
#15307=CARTESIAN_POINT('Origin',(-30.,3.67394039744206E-15,12.));
#15308=CARTESIAN_POINT('',(-41.7,5.10677715244446E-15,12.));
#15309=CARTESIAN_POINT('Origin',(-40.,4.89858719658941E-15,12.));
#15310=CARTESIAN_POINT('Origin',(0.,0.,6.));
#15311=CARTESIAN_POINT('',(32.0780298646909,-14.,6.));
#15312=CARTESIAN_POINT('Origin',(-40.,4.89858719658941E-15,6.5));
#15313=CARTESIAN_POINT('',(-41.7,4.69039724073436E-15,6.5));
#15314=CARTESIAN_POINT('Origin',(-30.,3.67394039744206E-15,6.5));
#15315=CARTESIAN_POINT('',(-31.7,3.46575044158701E-15,6.5));
#15316=CARTESIAN_POINT('Origin',(-35.,14.,6.));
#15317=CARTESIAN_POINT('',(-32.0780298646909,14.,6.));
#15318=CARTESIAN_POINT('',(-46.,14.,6.));
#15319=CARTESIAN_POINT('Origin',(-35.,-14.,6.));
#15320=CARTESIAN_POINT('',(-32.0780298646909,-14.,6.));
#15321=CARTESIAN_POINT('',(-46.,-14.,6.));
#15322=CARTESIAN_POINT('Origin',(-46.,5.63337527607782E-15,6.));
#15323=CARTESIAN_POINT('Origin',(0.,0.,6.));
#15324=CARTESIAN_POINT('Origin',(2.44929359829471E-15,40.,6.5));
#15325=CARTESIAN_POINT('',(-1.7,40.,6.5));
#15326=CARTESIAN_POINT('Origin',(1.83697019872103E-15,30.,6.5));
#15327=CARTESIAN_POINT('',(-1.7,30.,6.5));
#15328=CARTESIAN_POINT('Origin',(14.,35.,6.));
#15329=CARTESIAN_POINT('',(14.,32.0780298646909,6.));
#15330=CARTESIAN_POINT('',(14.,46.,6.));
#15331=CARTESIAN_POINT('Origin',(-14.,35.,6.));
#15332=CARTESIAN_POINT('',(-14.,32.0780298646909,6.));
#15333=CARTESIAN_POINT('',(-14.,46.,6.));
#15334=CARTESIAN_POINT('Origin',(2.81668763803891E-15,46.,6.));
#15335=CARTESIAN_POINT('Origin',(0.,0.,6.));
#15336=CARTESIAN_POINT('Origin',(40.,0.,6.5));
#15337=CARTESIAN_POINT('',(38.3,-2.0818995585505E-16,6.5));
#15338=CARTESIAN_POINT('Origin',(30.,0.,6.5));
#15339=CARTESIAN_POINT('',(28.3,-2.0818995585505E-16,6.5));
#15340=CARTESIAN_POINT('Origin',(35.,-14.,6.));
#15341=CARTESIAN_POINT('',(46.,-14.,6.));
#15342=CARTESIAN_POINT('Origin',(35.,14.,6.));
#15343=CARTESIAN_POINT('',(32.0780298646909,14.,6.));
#15344=CARTESIAN_POINT('',(46.,14.,6.));
#15345=CARTESIAN_POINT('Origin',(46.,0.,6.));
#15346=CARTESIAN_POINT('Origin',(0.,0.,6.5));
#15347=CARTESIAN_POINT('',(-4.1,-5.02105187650415E-16,6.5));
#15348=CARTESIAN_POINT('Origin',(0.,0.,6.));
#15349=CARTESIAN_POINT('',(0.,0.,0.));
#15350=CARTESIAN_POINT('Origin',(86.,0.,32.));
#15351=CARTESIAN_POINT('',(84.3,13.5,32.));
#15352=CARTESIAN_POINT('Origin',(86.,13.5,32.));
#15353=CARTESIAN_POINT('',(84.3,18.5,32.));
#15354=CARTESIAN_POINT('',(84.3,0.,32.));
#15355=CARTESIAN_POINT('Origin',(86.,18.5,32.));
#15356=CARTESIAN_POINT('Origin',(74.,16.,21.));
#15357=CARTESIAN_POINT('',(74.,13.5,12.));
#15358=CARTESIAN_POINT('',(74.,18.5,12.));
#15359=CARTESIAN_POINT('',(74.,16.,12.));
#15360=CARTESIAN_POINT('',(74.,13.5,42.));
#15361=CARTESIAN_POINT('',(74.,13.5,21.));
#15362=CARTESIAN_POINT('',(74.,18.5,42.));
#15363=CARTESIAN_POINT('',(74.,16.,42.));
#15364=CARTESIAN_POINT('',(74.,18.5,21.));
#15365=CARTESIAN_POINT('Origin',(86.,16.,42.));
#15366=CARTESIAN_POINT('',(98.,13.5,42.));
#15367=CARTESIAN_POINT('',(98.,18.5,42.));
#15368=CARTESIAN_POINT('',(98.,16.,42.));
#15369=CARTESIAN_POINT('',(86.,18.5,42.));
#15370=CARTESIAN_POINT('',(86.,13.5,42.));
#15371=CARTESIAN_POINT('Origin',(82.,16.,0.));
#15372=CARTESIAN_POINT('',(98.,13.5,0.));
#15373=CARTESIAN_POINT('',(66.,13.5,0.));
#15374=CARTESIAN_POINT('',(82.,13.5,0.));
#15375=CARTESIAN_POINT('',(66.,18.5,0.));
#15376=CARTESIAN_POINT('',(66.,16.,0.));
#15377=CARTESIAN_POINT('',(98.,18.5,0.));
#15378=CARTESIAN_POINT('',(82.,18.5,0.));
#15379=CARTESIAN_POINT('',(98.,16.,0.));
#15380=CARTESIAN_POINT('Origin',(82.,13.5,6.));
#15381=CARTESIAN_POINT('',(66.,13.5,12.));
#15382=CARTESIAN_POINT('',(82.,13.5,12.));
#15383=CARTESIAN_POINT('',(66.,13.5,6.));
#15384=CARTESIAN_POINT('',(98.,13.5,6.));
#15385=CARTESIAN_POINT('Origin',(82.,16.,12.));
#15386=CARTESIAN_POINT('',(66.,18.5,12.));
#15387=CARTESIAN_POINT('',(82.,18.5,12.));
#15388=CARTESIAN_POINT('',(66.,16.,12.));
#15389=CARTESIAN_POINT('Origin',(66.,16.,6.));
#15390=CARTESIAN_POINT('',(66.,18.5,6.));
#15391=CARTESIAN_POINT('Origin',(82.,18.5,6.));
#15392=CARTESIAN_POINT('',(98.,18.5,21.));
#15393=CARTESIAN_POINT('Origin',(98.,16.,6.));
#15394=CARTESIAN_POINT('Origin',(98.,-16.,6.));
#15395=CARTESIAN_POINT('',(98.,-18.5,42.));
#15396=CARTESIAN_POINT('',(98.,-18.5,0.));
#15397=CARTESIAN_POINT('',(98.,-18.5,6.));
#15398=CARTESIAN_POINT('',(98.,-13.5,0.));
#15399=CARTESIAN_POINT('',(98.,-16.,0.));
#15400=CARTESIAN_POINT('',(98.,-13.5,42.));
#15401=CARTESIAN_POINT('',(98.,-13.5,21.));
#15402=CARTESIAN_POINT('',(98.,-16.,42.));
#15403=CARTESIAN_POINT('Origin',(82.,-13.5,6.));
#15404=CARTESIAN_POINT('',(66.,-13.5,0.));
#15405=CARTESIAN_POINT('',(82.,-13.5,0.));
#15406=CARTESIAN_POINT('',(66.,-13.5,12.));
#15407=CARTESIAN_POINT('',(66.,-13.5,6.));
#15408=CARTESIAN_POINT('',(74.,-13.5,12.));
#15409=CARTESIAN_POINT('',(82.,-13.5,12.));
#15410=CARTESIAN_POINT('',(74.,-13.5,42.));
#15411=CARTESIAN_POINT('',(74.,-13.5,21.));
#15412=CARTESIAN_POINT('',(86.,-13.5,42.));
#15413=CARTESIAN_POINT('',(84.3,-13.5,32.));
#15414=CARTESIAN_POINT('Origin',(86.,-13.5,32.));
#15415=CARTESIAN_POINT('Origin',(66.,-16.,6.));
#15416=CARTESIAN_POINT('',(66.,-18.5,0.));
#15417=CARTESIAN_POINT('',(66.,-16.,0.));
#15418=CARTESIAN_POINT('',(66.,-18.5,12.));
#15419=CARTESIAN_POINT('',(66.,-18.5,6.));
#15420=CARTESIAN_POINT('',(66.,-16.,12.));
#15421=CARTESIAN_POINT('Origin',(82.,-16.,12.));
#15422=CARTESIAN_POINT('',(74.,-18.5,12.));
#15423=CARTESIAN_POINT('',(74.,-16.,12.));
#15424=CARTESIAN_POINT('',(82.,-18.5,12.));
#15425=CARTESIAN_POINT('Origin',(82.,-18.5,6.));
#15426=CARTESIAN_POINT('',(82.,-18.5,0.));
#15427=CARTESIAN_POINT('',(74.,-18.5,42.));
#15428=CARTESIAN_POINT('',(86.,-18.5,42.));
#15429=CARTESIAN_POINT('',(74.,-18.5,21.));
#15430=CARTESIAN_POINT('',(84.3,-18.5,32.));
#15431=CARTESIAN_POINT('Origin',(86.,-18.5,32.));
#15432=CARTESIAN_POINT('Origin',(82.,-16.,0.));
#15433=CARTESIAN_POINT('Origin',(86.,-16.,42.));
#15434=CARTESIAN_POINT('',(74.,-16.,42.));
#15435=CARTESIAN_POINT('Origin',(74.,-16.,21.));
#15436=CARTESIAN_POINT('Origin',(86.,0.,32.));
#15437=CARTESIAN_POINT('',(84.3,0.,32.));
#15438=CARTESIAN_POINT('Origin',(40.,0.,6.5));
#15439=CARTESIAN_POINT('',(38.3,-2.0818995585505E-16,0.));
#15440=CARTESIAN_POINT('Origin',(40.,0.,0.));
#15441=CARTESIAN_POINT('',(38.3,2.0818995585505E-16,12.));
#15442=CARTESIAN_POINT('',(38.3,-2.0818995585505E-16,6.5));
#15443=CARTESIAN_POINT('Origin',(40.,0.,12.));
#15444=CARTESIAN_POINT('Origin',(30.,0.,6.5));
#15445=CARTESIAN_POINT('',(28.3,-2.0818995585505E-16,0.));
#15446=CARTESIAN_POINT('Origin',(30.,0.,0.));
#15447=CARTESIAN_POINT('',(28.3,2.0818995585505E-16,12.));
#15448=CARTESIAN_POINT('',(28.3,-2.0818995585505E-16,6.5));
#15449=CARTESIAN_POINT('Origin',(30.,0.,12.));
#15450=CARTESIAN_POINT('Origin',(45.5,0.,12.));
#15451=CARTESIAN_POINT('',(66.,-13.,12.));
#15452=CARTESIAN_POINT('',(66.,13.,12.));
#15453=CARTESIAN_POINT('',(66.,0.,12.));
#15454=CARTESIAN_POINT('',(25.,13.,12.));
#15455=CARTESIAN_POINT('',(45.5,13.,12.));
#15456=CARTESIAN_POINT('',(25.,-13.,12.));
#15457=CARTESIAN_POINT('',(25.,0.,12.));
#15458=CARTESIAN_POINT('',(45.5,-13.,12.));
#15459=CARTESIAN_POINT('Origin',(45.5,0.,0.));
#15460=CARTESIAN_POINT('',(66.,13.,0.));
#15461=CARTESIAN_POINT('',(66.,-13.,0.));
#15462=CARTESIAN_POINT('',(66.,0.,0.));
#15463=CARTESIAN_POINT('',(25.,-13.,0.));
#15464=CARTESIAN_POINT('',(45.5,-13.,0.));
#15465=CARTESIAN_POINT('',(25.,13.,0.));
#15466=CARTESIAN_POINT('',(25.,0.,0.));
#15467=CARTESIAN_POINT('',(45.5,13.,0.));
#15468=CARTESIAN_POINT('Origin',(45.5,-13.,6.));
#15469=CARTESIAN_POINT('',(25.,-13.,6.));
#15470=CARTESIAN_POINT('',(66.,-13.,6.));
#15471=CARTESIAN_POINT('Origin',(25.,0.,6.));
#15472=CARTESIAN_POINT('',(25.,13.,6.));
#15473=CARTESIAN_POINT('Origin',(45.5,13.,6.));
#15474=CARTESIAN_POINT('',(66.,13.,6.));
#15475=CARTESIAN_POINT('Origin',(66.,0.,6.));
#15476=CARTESIAN_POINT('',(0.,0.,0.));
#15477=CARTESIAN_POINT('Origin',(-15.,0.,-18.));
#15478=CARTESIAN_POINT('',(-15.,12.,-18.));
#15479=CARTESIAN_POINT('',(-15.,12.,-16.));
#15480=CARTESIAN_POINT('',(-15.,12.,-9.));
#15481=CARTESIAN_POINT('',(-15.,-12.,-18.));
#15482=CARTESIAN_POINT('',(-15.,0.,-18.));
#15483=CARTESIAN_POINT('',(-15.,-12.,-16.));
#15484=CARTESIAN_POINT('',(-15.,-12.,-9.));
#15485=CARTESIAN_POINT('',(-15.,-19.,-16.));
#15486=CARTESIAN_POINT('',(-15.,0.,-16.));
#15487=CARTESIAN_POINT('',(-15.,-19.,-20.));
#15488=CARTESIAN_POINT('',(-15.,-19.,-18.));
#15489=CARTESIAN_POINT('',(-15.,19.,-20.));
#15490=CARTESIAN_POINT('',(-15.,0.,-20.));
#15491=CARTESIAN_POINT('',(-15.,19.,-16.));
#15492=CARTESIAN_POINT('',(-15.,19.,-18.));
#15493=CARTESIAN_POINT('',(-15.,0.,-16.));
#15494=CARTESIAN_POINT('Origin',(-20.,0.,-16.));
#15495=CARTESIAN_POINT('',(-25.,-12.,-16.));
#15496=CARTESIAN_POINT('',(-13.,-12.,-16.));
#15497=CARTESIAN_POINT('',(-25.,-19.,-16.));
#15498=CARTESIAN_POINT('',(-25.,0.,-16.));
#15499=CARTESIAN_POINT('',(-20.,-19.,-16.));
#15500=CARTESIAN_POINT('Origin',(-20.,0.,-16.));
#15501=CARTESIAN_POINT('',(-25.,12.,-16.));
#15502=CARTESIAN_POINT('',(-13.,12.,-16.));
#15503=CARTESIAN_POINT('',(-25.,19.,-16.));
#15504=CARTESIAN_POINT('',(-20.,19.,-16.));
#15505=CARTESIAN_POINT('',(-25.,0.,-16.));
#15506=CARTESIAN_POINT('Origin',(-20.,0.,-20.));
#15507=CARTESIAN_POINT('',(-25.,-19.,-20.));
#15508=CARTESIAN_POINT('',(-20.,-19.,-20.));
#15509=CARTESIAN_POINT('',(-25.,19.,-20.));
#15510=CARTESIAN_POINT('',(-25.,0.,-20.));
#15511=CARTESIAN_POINT('',(-20.,19.,-20.));
#15512=CARTESIAN_POINT('Origin',(-20.,-19.,-18.));
#15513=CARTESIAN_POINT('',(-25.,-19.,-18.));
#15514=CARTESIAN_POINT('Origin',(-20.,19.,-18.));
#15515=CARTESIAN_POINT('',(-25.,19.,-18.));
#15516=CARTESIAN_POINT('Origin',(-6.,12.,0.));
#15517=CARTESIAN_POINT('',(-25.,12.,18.));
#15518=CARTESIAN_POINT('',(-25.,12.,0.));
#15519=CARTESIAN_POINT('',(13.,12.,18.));
#15520=CARTESIAN_POINT('',(-6.,12.,18.));
#15521=CARTESIAN_POINT('',(13.,12.,5.));
#15522=CARTESIAN_POINT('',(13.,12.,0.));
#15523=CARTESIAN_POINT('',(4.,12.,5.));
#15524=CARTESIAN_POINT('',(68.,12.,5.));
#15525=CARTESIAN_POINT('',(4.,12.,-5.));
#15526=CARTESIAN_POINT('',(4.,12.,0.));
#15527=CARTESIAN_POINT('',(13.,12.,-5.));
#15528=CARTESIAN_POINT('',(68.,12.,-5.));
#15529=CARTESIAN_POINT('',(13.,12.,-18.));
#15530=CARTESIAN_POINT('',(13.,12.,0.));
#15531=CARTESIAN_POINT('',(-6.,12.,-18.));
#15532=CARTESIAN_POINT('',(-1.7,12.,-2.0818995585505E-16));
#15533=CARTESIAN_POINT('Origin',(0.,12.,0.));
#15534=CARTESIAN_POINT('Origin',(-25.,0.,0.));
#15535=CARTESIAN_POINT('',(-25.,-12.,18.));
#15536=CARTESIAN_POINT('',(-25.,-12.,0.));
#15537=CARTESIAN_POINT('',(-25.,0.,18.));
#15538=CARTESIAN_POINT('Origin',(0.,0.,0.));
#15539=CARTESIAN_POINT('',(-1.7,-12.,2.0818995585505E-16));
#15540=CARTESIAN_POINT('Origin',(0.,-12.,0.));
#15541=CARTESIAN_POINT('',(-1.7,0.,2.0818995585505E-16));
#15542=CARTESIAN_POINT('Origin',(13.,0.,0.));
#15543=CARTESIAN_POINT('',(13.,-12.,-5.));
#15544=CARTESIAN_POINT('Origin',(13.,0.,0.));
#15545=CARTESIAN_POINT('',(13.,-12.,-18.));
#15546=CARTESIAN_POINT('',(13.,-12.,0.));
#15547=CARTESIAN_POINT('',(13.,0.,-18.));
#15548=CARTESIAN_POINT('Origin',(13.,0.,0.));
#15549=CARTESIAN_POINT('',(13.,-1.59204083889156E-15,13.));
#15550=CARTESIAN_POINT('Origin',(13.,0.,0.));
#15551=CARTESIAN_POINT('',(13.,-12.,18.));
#15552=CARTESIAN_POINT('',(13.,0.,18.));
#15553=CARTESIAN_POINT('',(13.,-12.,5.));
#15554=CARTESIAN_POINT('',(13.,-12.,0.));
#15555=CARTESIAN_POINT('Origin',(13.,0.,0.));
#15556=CARTESIAN_POINT('Origin',(-6.,0.,18.));
#15557=CARTESIAN_POINT('',(-6.,-12.,18.));
#15558=CARTESIAN_POINT('Origin',(-6.,0.,-18.));
#15559=CARTESIAN_POINT('',(-6.,-12.,-18.));
#15560=CARTESIAN_POINT('Origin',(-6.,-12.,0.));
#15561=CARTESIAN_POINT('',(4.,-12.,-5.));
#15562=CARTESIAN_POINT('',(68.,-12.,-5.));
#15563=CARTESIAN_POINT('',(4.,-12.,5.));
#15564=CARTESIAN_POINT('',(4.,-12.,0.));
#15565=CARTESIAN_POINT('',(68.,-12.,5.));
#15566=CARTESIAN_POINT('Origin',(4.,0.,0.));
#15567=CARTESIAN_POINT('Origin',(4.,0.,0.));
#15568=CARTESIAN_POINT('Origin',(4.,0.,0.));
#15569=CARTESIAN_POINT('Origin',(4.,0.,0.));
#15570=CARTESIAN_POINT('Origin',(68.,0.,0.));
#15571=CARTESIAN_POINT('',(132.,-1.59204083889156E-15,13.));
#15572=CARTESIAN_POINT('Origin',(132.,0.,0.));
#15573=CARTESIAN_POINT('',(68.,-1.59204083889156E-15,13.));
#15574=CARTESIAN_POINT('Origin',(132.,0.,0.));
#15575=CARTESIAN_POINT('Origin',(128.,0.,0.));
#15576=CARTESIAN_POINT('',(128.,-1.13892152320704E-15,9.3));
#15577=CARTESIAN_POINT('Origin',(128.,0.,0.));
#15578=CARTESIAN_POINT('Origin',(65.75,0.,0.));
#15579=CARTESIAN_POINT('',(13.,1.13892152320704E-15,9.3));
#15580=CARTESIAN_POINT('Origin',(13.,0.,0.));
#15581=CARTESIAN_POINT('',(65.75,-1.13892152320704E-15,9.3));
#15582=CARTESIAN_POINT('Origin',(13.,0.,0.));
#15583=CARTESIAN_POINT('',(0.,0.,0.));
#15584=CARTESIAN_POINT('Origin',(0.,0.,90.));
#15585=CARTESIAN_POINT('',(-4.,-4.89858719658941E-16,140.));
#15586=CARTESIAN_POINT('Origin',(0.,0.,140.));
#15587=CARTESIAN_POINT('',(-4.,-4.89858719658941E-16,40.));
#15588=CARTESIAN_POINT('',(-4.,-4.89858719658941E-16,90.));
#15589=CARTESIAN_POINT('Origin',(0.,0.,40.));
#15590=CARTESIAN_POINT('Origin',(0.,0.,40.));
#15591=CARTESIAN_POINT('Origin',(0.,0.,140.));
#15592=CARTESIAN_POINT('Origin',(0.,0.,43.5));
#15593=CARTESIAN_POINT('',(-4.,-4.89858719658941E-16,40.));
#15594=CARTESIAN_POINT('Origin',(0.,0.,40.));
#15595=CARTESIAN_POINT('',(-4.,4.89858719658941E-16,47.));
#15596=CARTESIAN_POINT('',(-4.,-4.89858719658941E-16,43.5));
#15597=CARTESIAN_POINT('Origin',(0.,0.,47.));
#15598=CARTESIAN_POINT('Origin',(0.,0.,43.5));
#15599=CARTESIAN_POINT('',(-11.,-1.34711147906209E-15,47.));
#15600=CARTESIAN_POINT('Origin',(0.,0.,47.));
#15601=CARTESIAN_POINT('',(-11.,-1.34711147906209E-15,40.));
#15602=CARTESIAN_POINT('',(-11.,-1.34711147906209E-15,43.5));
#15603=CARTESIAN_POINT('Origin',(0.,0.,40.));
#15604=CARTESIAN_POINT('Origin',(0.,0.,40.));
#15605=CARTESIAN_POINT('Origin',(0.,0.,47.));
#15606=CARTESIAN_POINT('Origin',(0.,0.,116.5));
#15607=CARTESIAN_POINT('',(-4.,-4.89858719658941E-16,113.));
#15608=CARTESIAN_POINT('Origin',(0.,0.,113.));
#15609=CARTESIAN_POINT('',(-4.,4.89858719658941E-16,120.));
#15610=CARTESIAN_POINT('',(-4.,-4.89858719658941E-16,116.5));
#15611=CARTESIAN_POINT('Origin',(0.,0.,120.));
#15612=CARTESIAN_POINT('Origin',(0.,0.,116.5));
#15613=CARTESIAN_POINT('',(-11.,-1.34711147906209E-15,120.));
#15614=CARTESIAN_POINT('Origin',(0.,0.,120.));
#15615=CARTESIAN_POINT('',(-11.,-1.34711147906209E-15,113.));
#15616=CARTESIAN_POINT('',(-11.,-1.34711147906209E-15,116.5));
#15617=CARTESIAN_POINT('Origin',(0.,0.,113.));
#15618=CARTESIAN_POINT('Origin',(0.,0.,113.));
#15619=CARTESIAN_POINT('Origin',(0.,0.,120.));
#15620=CARTESIAN_POINT('Origin',(86.,0.,172.));
#15621=CARTESIAN_POINT('',(84.5,21.,172.));
#15622=CARTESIAN_POINT('Origin',(86.,21.,172.));
#15623=CARTESIAN_POINT('',(84.5,-21.,172.));
#15624=CARTESIAN_POINT('',(84.5,0.,172.));
#15625=CARTESIAN_POINT('Origin',(86.,-21.,172.));
#15626=CARTESIAN_POINT('Origin',(86.,-21.,172.));
#15627=CARTESIAN_POINT('Origin',(86.,21.,172.));
#15628=CARTESIAN_POINT('Origin',(4.44089209850063E-15,86.,172.));
#15629=CARTESIAN_POINT('',(-21.,86.,170.5));
#15630=CARTESIAN_POINT('Origin',(-21.,86.,172.));
#15631=CARTESIAN_POINT('',(21.,86.,170.5));
#15632=CARTESIAN_POINT('',(4.44089209850063E-15,86.,170.5));
#15633=CARTESIAN_POINT('Origin',(21.,86.,172.));
#15634=CARTESIAN_POINT('Origin',(21.,86.,172.));
#15635=CARTESIAN_POINT('Origin',(-21.,86.,172.));
#15636=CARTESIAN_POINT('Origin',(-86.,1.11022302462516E-14,172.));
#15637=CARTESIAN_POINT('',(-87.5,-21.,172.));
#15638=CARTESIAN_POINT('Origin',(-86.,-21.,172.));
#15639=CARTESIAN_POINT('',(-87.5,21.,172.));
#15640=CARTESIAN_POINT('',(-87.5,1.11022302462516E-14,172.));
#15641=CARTESIAN_POINT('Origin',(-86.,21.,172.));
#15642=CARTESIAN_POINT('Origin',(-86.,21.,172.));
#15643=CARTESIAN_POINT('Origin',(-86.,-21.,172.));
#15644=CARTESIAN_POINT('Origin',(-1.33226762955019E-14,-86.,172.));
#15645=CARTESIAN_POINT('',(21.,-86.,173.5));
#15646=CARTESIAN_POINT('Origin',(21.,-86.,172.));
#15647=CARTESIAN_POINT('',(-21.,-86.,173.5));
#15648=CARTESIAN_POINT('',(-1.33226762955019E-14,-86.,173.5));
#15649=CARTESIAN_POINT('Origin',(-21.,-86.,172.));
#15650=CARTESIAN_POINT('Origin',(-21.,-86.,172.));
#15651=CARTESIAN_POINT('Origin',(21.,-86.,172.));
#15652=CARTESIAN_POINT('',(0.,0.,0.));
#15653=CARTESIAN_POINT('Origin',(23.,23.,3.5));
#15654=CARTESIAN_POINT('',(21.3,23.,0.));
#15655=CARTESIAN_POINT('Origin',(23.,23.,0.));
#15656=CARTESIAN_POINT('',(21.3,23.,6.));
#15657=CARTESIAN_POINT('',(21.3,23.,3.5));
#15658=CARTESIAN_POINT('Origin',(23.,23.,6.));
#15659=CARTESIAN_POINT('Origin',(23.,-23.,3.5));
#15660=CARTESIAN_POINT('',(21.3,-23.,0.));
#15661=CARTESIAN_POINT('Origin',(23.,-23.,0.));
#15662=CARTESIAN_POINT('',(21.3,-23.,6.));
#15663=CARTESIAN_POINT('',(21.3,-23.,3.5));
#15664=CARTESIAN_POINT('Origin',(23.,-23.,6.));
#15665=CARTESIAN_POINT('Origin',(-23.,23.,3.5));
#15666=CARTESIAN_POINT('',(-24.7,23.,0.));
#15667=CARTESIAN_POINT('Origin',(-23.,23.,0.));
#15668=CARTESIAN_POINT('',(-24.7,23.,6.));
#15669=CARTESIAN_POINT('',(-24.7,23.,3.5));
#15670=CARTESIAN_POINT('Origin',(-23.,23.,6.));
#15671=CARTESIAN_POINT('Origin',(-23.,-23.,3.5));
#15672=CARTESIAN_POINT('',(-24.7,-23.,0.));
#15673=CARTESIAN_POINT('Origin',(-23.,-23.,0.));
#15674=CARTESIAN_POINT('',(-24.7,-23.,6.));
#15675=CARTESIAN_POINT('',(-24.7,-23.,3.5));
#15676=CARTESIAN_POINT('Origin',(-23.,-23.,6.));
#15677=CARTESIAN_POINT('Origin',(8.,9.5,3.5));
#15678=CARTESIAN_POINT('',(6.3,9.5,0.));
#15679=CARTESIAN_POINT('Origin',(8.,9.5,0.));
#15680=CARTESIAN_POINT('',(6.3,9.5,6.));
#15681=CARTESIAN_POINT('',(6.3,9.5,3.5));
#15682=CARTESIAN_POINT('Origin',(8.,9.5,6.));
#15683=CARTESIAN_POINT('Origin',(8.,-9.5,3.5));
#15684=CARTESIAN_POINT('',(6.3,-9.5,0.));
#15685=CARTESIAN_POINT('Origin',(8.,-9.5,0.));
#15686=CARTESIAN_POINT('',(6.3,-9.5,6.));
#15687=CARTESIAN_POINT('',(6.3,-9.5,3.5));
#15688=CARTESIAN_POINT('Origin',(8.,-9.5,6.));
#15689=CARTESIAN_POINT('Origin',(-8.,9.5,3.5));
#15690=CARTESIAN_POINT('',(-9.7,9.5,0.));
#15691=CARTESIAN_POINT('Origin',(-8.,9.5,0.));
#15692=CARTESIAN_POINT('',(-9.7,9.5,6.));
#15693=CARTESIAN_POINT('',(-9.7,9.5,3.5));
#15694=CARTESIAN_POINT('Origin',(-8.,9.5,6.));
#15695=CARTESIAN_POINT('Origin',(-8.,-9.5,3.5));
#15696=CARTESIAN_POINT('',(-9.7,-9.5,0.));
#15697=CARTESIAN_POINT('Origin',(-8.,-9.5,0.));
#15698=CARTESIAN_POINT('',(-9.7,-9.5,6.));
#15699=CARTESIAN_POINT('',(-9.7,-9.5,3.5));
#15700=CARTESIAN_POINT('Origin',(-8.,-9.5,6.));
#15701=CARTESIAN_POINT('Origin',(0.,0.,3.5));
#15702=CARTESIAN_POINT('',(-6.,-7.34788079488412E-16,0.));
#15703=CARTESIAN_POINT('Origin',(0.,0.,0.));
#15704=CARTESIAN_POINT('',(-6.,7.34788079488412E-16,6.));
#15705=CARTESIAN_POINT('',(-6.,-7.34788079488412E-16,3.5));
#15706=CARTESIAN_POINT('Origin',(0.,0.,6.));
#15707=CARTESIAN_POINT('Origin',(0.,0.,6.));
#15708=CARTESIAN_POINT('',(27.5,-27.5,6.));
#15709=CARTESIAN_POINT('',(27.5,27.5,6.));
#15710=CARTESIAN_POINT('',(27.5,0.,6.));
#15711=CARTESIAN_POINT('',(-27.5,27.5,6.));
#15712=CARTESIAN_POINT('',(0.,27.5,6.));
#15713=CARTESIAN_POINT('',(-27.5,-27.5,6.));
#15714=CARTESIAN_POINT('',(-27.5,0.,6.));
#15715=CARTESIAN_POINT('',(0.,-27.5,6.));
#15716=CARTESIAN_POINT('Origin',(0.,0.,0.));
#15717=CARTESIAN_POINT('',(27.5,27.5,0.));
#15718=CARTESIAN_POINT('',(27.5,-27.5,0.));
#15719=CARTESIAN_POINT('',(27.5,0.,0.));
#15720=CARTESIAN_POINT('',(-27.5,-27.5,0.));
#15721=CARTESIAN_POINT('',(0.,-27.5,0.));
#15722=CARTESIAN_POINT('',(-27.5,27.5,0.));
#15723=CARTESIAN_POINT('',(-27.5,0.,0.));
#15724=CARTESIAN_POINT('',(0.,27.5,0.));
#15725=CARTESIAN_POINT('Origin',(0.,-27.5,3.));
#15726=CARTESIAN_POINT('',(-27.5,-27.5,3.));
#15727=CARTESIAN_POINT('',(27.5,-27.5,3.));
#15728=CARTESIAN_POINT('Origin',(-27.5,0.,3.));
#15729=CARTESIAN_POINT('',(-27.5,27.5,3.));
#15730=CARTESIAN_POINT('Origin',(0.,27.5,3.));
#15731=CARTESIAN_POINT('',(27.5,27.5,3.));
#15732=CARTESIAN_POINT('Origin',(27.5,0.,3.));
#15733=CARTESIAN_POINT('Origin',(0.,0.,17.));
#15734=CARTESIAN_POINT('',(-7.86749642516601,1.45,17.));
#15735=CARTESIAN_POINT('',(-8.,-1.77573785876366E-16,18.45));
#15736=CARTESIAN_POINT('Ctrl Pts',(-7.86749642516601,1.45,17.));
#15737=CARTESIAN_POINT('Ctrl Pts',(-7.86749642516601,1.45,17.1825029689714));
#15738=CARTESIAN_POINT('Ctrl Pts',(-7.87450429167587,1.41344396843265,17.3768877962843));
#15739=CARTESIAN_POINT('Ctrl Pts',(-7.8996550529668,1.26534250492106,17.7340141031547));
#15740=CARTESIAN_POINT('Ctrl Pts',(-7.91741715914835,1.15381848755656,17.8967911778844));
#15741=CARTESIAN_POINT('Ctrl Pts',(-7.95063187704284,0.896796002067388,
18.1538136633736));
#15742=CARTESIAN_POINT('Ctrl Pts',(-7.96826579439898,0.734016865721185,
18.2653414630113));
#15743=CARTESIAN_POINT('Ctrl Pts',(-7.99312200578644,0.376883441278424,
18.4134456707319));
#15744=CARTESIAN_POINT('Ctrl Pts',(-8.,0.182496118121833,18.45));
#15745=CARTESIAN_POINT('Ctrl Pts',(-8.,3.46944695195361E-16,18.45));
#15746=CARTESIAN_POINT('',(-8.,-4.72511484899173E-16,15.55));
#15747=CARTESIAN_POINT('Ctrl Pts',(-8.,-6.93889390390723E-17,15.55));
#15748=CARTESIAN_POINT('Ctrl Pts',(-8.,0.182496118121833,15.55));
#15749=CARTESIAN_POINT('Ctrl Pts',(-7.99312200578644,0.376883441278423,
15.5865543292681));
#15750=CARTESIAN_POINT('Ctrl Pts',(-7.96826579439898,0.734016865721184,
15.7346585369887));
#15751=CARTESIAN_POINT('Ctrl Pts',(-7.95063187704284,0.896796002067388,
15.8461863366264));
#15752=CARTESIAN_POINT('Ctrl Pts',(-7.91741715914835,1.15381848755657,16.1032088221156));
#15753=CARTESIAN_POINT('Ctrl Pts',(-7.8996550529668,1.26534250492106,16.2659858968453));
#15754=CARTESIAN_POINT('Ctrl Pts',(-7.87450429167587,1.41344396843265,16.6231122037157));
#15755=CARTESIAN_POINT('Ctrl Pts',(-7.86749642516601,1.45,16.8174970310286));
#15756=CARTESIAN_POINT('Ctrl Pts',(-7.86749642516601,1.45,17.));
#15757=CARTESIAN_POINT('Ctrl Pts',(-8.,4.85722573273506E-16,18.45));
#15758=CARTESIAN_POINT('Ctrl Pts',(-8.,-0.182496118121832,18.45));
#15759=CARTESIAN_POINT('Ctrl Pts',(-7.99312200578644,-0.376883441278424,
18.4134456707319));
#15760=CARTESIAN_POINT('Ctrl Pts',(-7.96826579439898,-0.734016865721185,
18.2653414630113));
#15761=CARTESIAN_POINT('Ctrl Pts',(-7.95063187704284,-0.896796002067388,
18.1538136633736));
#15762=CARTESIAN_POINT('Ctrl Pts',(-7.91741715914835,-1.15381848755657,
17.8967911778844));
#15763=CARTESIAN_POINT('Ctrl Pts',(-7.8996550529668,-1.26534250492106,17.7340141031547));
#15764=CARTESIAN_POINT('Ctrl Pts',(-7.87450429167587,-1.41344396843265,
17.3768877962843));
#15765=CARTESIAN_POINT('Ctrl Pts',(-7.86749642516601,-1.45,17.1825029689714));
#15766=CARTESIAN_POINT('Ctrl Pts',(-7.86749642516601,-1.45,16.8174970310286));
#15767=CARTESIAN_POINT('Ctrl Pts',(-7.87450429167587,-1.41344396843265,
16.6231122037157));
#15768=CARTESIAN_POINT('Ctrl Pts',(-7.8996550529668,-1.26534250492106,16.2659858968453));
#15769=CARTESIAN_POINT('Ctrl Pts',(-7.91741715914835,-1.15381848755656,
16.1032088221156));
#15770=CARTESIAN_POINT('Ctrl Pts',(-7.95063187704283,-0.896796002067388,
15.8461863366264));
#15771=CARTESIAN_POINT('Ctrl Pts',(-7.96826579439898,-0.734016865721185,
15.7346585369887));
#15772=CARTESIAN_POINT('Ctrl Pts',(-7.99312200578644,-0.376883441278425,
15.5865543292681));
#15773=CARTESIAN_POINT('Ctrl Pts',(-8.,-0.182496118121834,15.55));
#15774=CARTESIAN_POINT('Ctrl Pts',(-8.,-3.46944695195361E-16,15.55));
#15775=CARTESIAN_POINT('',(-4.1,-1.58175831977255E-16,18.45));
#15776=CARTESIAN_POINT('',(0.,-1.77573785876366E-16,18.45));
#15777=CARTESIAN_POINT('',(-4.1,-2.51052593825207E-16,15.55));
#15778=CARTESIAN_POINT('Ctrl Pts',(-4.1,0.,15.55));
#15779=CARTESIAN_POINT('Ctrl Pts',(-4.1,-0.183744437668213,15.55));
#15780=CARTESIAN_POINT('Ctrl Pts',(-4.08644468381387,-0.37867884101357,
15.5870444776771));
#15781=CARTESIAN_POINT('Ctrl Pts',(-4.03750881511256,-0.735493294377134,
15.7355275676024));
#15782=CARTESIAN_POINT('Ctrl Pts',(-4.00274081644157,-0.89749197693496,
15.846882311494));
#15783=CARTESIAN_POINT('Ctrl Pts',(-3.9366979125421,-1.15319392658956,16.1025842611486));
#15784=CARTESIAN_POINT('Ctrl Pts',(-3.90092684185493,-1.26449021738711,
16.264552996463));
#15785=CARTESIAN_POINT('Ctrl Pts',(-3.84964888932151,-1.41292940517927,
16.6212548456496));
#15786=CARTESIAN_POINT('Ctrl Pts',(-3.83503585380893,-1.45,16.8161459620596));
#15787=CARTESIAN_POINT('Ctrl Pts',(-3.83503585380893,-1.45,17.1838540379404));
#15788=CARTESIAN_POINT('Ctrl Pts',(-3.84964888932151,-1.41292940517927,
17.3787451543504));
#15789=CARTESIAN_POINT('Ctrl Pts',(-3.90092684185493,-1.26449021738711,
17.735447003537));
#15790=CARTESIAN_POINT('Ctrl Pts',(-3.9366979125421,-1.15319392658956,17.8974157388514));
#15791=CARTESIAN_POINT('Ctrl Pts',(-4.00274081644157,-0.89749197693496,
18.153117688506));
#15792=CARTESIAN_POINT('Ctrl Pts',(-4.03750881511256,-0.735493294377138,
18.2644724323976));
#15793=CARTESIAN_POINT('Ctrl Pts',(-4.08644468381387,-0.378678841013572,
18.4129555223229));
#15794=CARTESIAN_POINT('Ctrl Pts',(-4.1,-0.183744437668214,18.45));
#15795=CARTESIAN_POINT('Ctrl Pts',(-4.1,-3.46944695195361E-16,18.45));
#15796=CARTESIAN_POINT('',(-3.83503585380893,1.45,17.));
#15797=CARTESIAN_POINT('Ctrl Pts',(-3.83503585380893,1.45,17.));
#15798=CARTESIAN_POINT('Ctrl Pts',(-3.83503585380893,1.45,16.8161459620596));
#15799=CARTESIAN_POINT('Ctrl Pts',(-3.84964888932151,1.41292940517927,16.6212548456496));
#15800=CARTESIAN_POINT('Ctrl Pts',(-3.90092684185493,1.26449021738711,16.264552996463));
#15801=CARTESIAN_POINT('Ctrl Pts',(-3.9366979125421,1.15319392658956,16.1025842611486));
#15802=CARTESIAN_POINT('Ctrl Pts',(-4.00274081644157,0.89749197693496,15.846882311494));
#15803=CARTESIAN_POINT('Ctrl Pts',(-4.03750881511256,0.735493294377136,
15.7355275676024));
#15804=CARTESIAN_POINT('Ctrl Pts',(-4.08644468381387,0.378678841013571,
15.5870444776771));
#15805=CARTESIAN_POINT('Ctrl Pts',(-4.1,0.183744437668213,15.55));
#15806=CARTESIAN_POINT('Ctrl Pts',(-4.1,6.93889390390723E-17,15.55));
#15807=CARTESIAN_POINT('Ctrl Pts',(-4.1,-6.93889390390723E-17,18.45));
#15808=CARTESIAN_POINT('Ctrl Pts',(-4.1,0.183744437668213,18.45));
#15809=CARTESIAN_POINT('Ctrl Pts',(-4.08644468381387,0.378678841013569,
18.4129555223229));
#15810=CARTESIAN_POINT('Ctrl Pts',(-4.03750881511256,0.735493294377134,
18.2644724323976));
#15811=CARTESIAN_POINT('Ctrl Pts',(-4.00274081644157,0.89749197693496,18.153117688506));
#15812=CARTESIAN_POINT('Ctrl Pts',(-3.9366979125421,1.15319392658956,17.8974157388514));
#15813=CARTESIAN_POINT('Ctrl Pts',(-3.90092684185493,1.26449021738711,17.735447003537));
#15814=CARTESIAN_POINT('Ctrl Pts',(-3.84964888932151,1.41292940517927,17.3787451543504));
#15815=CARTESIAN_POINT('Ctrl Pts',(-3.83503585380893,1.45,17.1838540379404));
#15816=CARTESIAN_POINT('Ctrl Pts',(-3.83503585380893,1.45,17.));
#15817=CARTESIAN_POINT('Origin',(0.,0.,17.));
#15818=CARTESIAN_POINT('',(3.83503585380893,1.45,17.));
#15819=CARTESIAN_POINT('',(4.1,-1.92870301496792E-16,18.45));
#15820=CARTESIAN_POINT('Ctrl Pts',(3.83503585380893,1.45,17.));
#15821=CARTESIAN_POINT('Ctrl Pts',(3.83503585380893,1.45,17.1838540379404));
#15822=CARTESIAN_POINT('Ctrl Pts',(3.84964888932151,1.41292940517927,17.3787451543504));
#15823=CARTESIAN_POINT('Ctrl Pts',(3.90092684185493,1.26449021738711,17.735447003537));
#15824=CARTESIAN_POINT('Ctrl Pts',(3.9366979125421,1.15319392658956,17.8974157388514));
#15825=CARTESIAN_POINT('Ctrl Pts',(4.00274081644157,0.89749197693496,18.153117688506));
#15826=CARTESIAN_POINT('Ctrl Pts',(4.03750881511256,0.735493294377134,18.2644724323976));
#15827=CARTESIAN_POINT('Ctrl Pts',(4.08644468381387,0.378678841013569,18.4129555223229));
#15828=CARTESIAN_POINT('Ctrl Pts',(4.1,0.183744437668213,18.45));
#15829=CARTESIAN_POINT('Ctrl Pts',(4.1,1.04083408558608E-16,18.45));
#15830=CARTESIAN_POINT('Ctrl Pts',(4.1,-3.46944695195361E-16,18.45));
#15831=CARTESIAN_POINT('Ctrl Pts',(4.1,-0.183744437668214,18.45));
#15832=CARTESIAN_POINT('Ctrl Pts',(4.08644468381387,-0.378678841013572,
18.4129555223229));
#15833=CARTESIAN_POINT('Ctrl Pts',(4.03750881511256,-0.735493294377137,
18.2644724323976));
#15834=CARTESIAN_POINT('Ctrl Pts',(4.00274081644157,-0.89749197693496,18.153117688506));
#15835=CARTESIAN_POINT('Ctrl Pts',(3.9366979125421,-1.15319392658956,17.8974157388514));
#15836=CARTESIAN_POINT('Ctrl Pts',(3.90092684185493,-1.26449021738711,17.735447003537));
#15837=CARTESIAN_POINT('Ctrl Pts',(3.84964888932151,-1.41292940517927,17.3787451543504));
#15838=CARTESIAN_POINT('Ctrl Pts',(3.83503585380893,-1.45,17.1838540379404));
#15839=CARTESIAN_POINT('Ctrl Pts',(3.83503585380893,-1.45,16.8161459620596));
#15840=CARTESIAN_POINT('Ctrl Pts',(3.84964888932151,-1.41292940517927,16.6212548456496));
#15841=CARTESIAN_POINT('Ctrl Pts',(3.90092684185493,-1.26449021738711,16.264552996463));
#15842=CARTESIAN_POINT('Ctrl Pts',(3.9366979125421,-1.15319392658956,16.1025842611486));
#15843=CARTESIAN_POINT('Ctrl Pts',(4.00274081644157,-0.89749197693496,15.846882311494));
#15844=CARTESIAN_POINT('Ctrl Pts',(4.03750881511256,-0.735493294377134,
15.7355275676024));
#15845=CARTESIAN_POINT('Ctrl Pts',(4.08644468381387,-0.37867884101357,15.5870444776771));
#15846=CARTESIAN_POINT('Ctrl Pts',(4.1,-0.183744437668213,15.55));
#15847=CARTESIAN_POINT('Ctrl Pts',(4.1,0.183744437668213,15.55));
#15848=CARTESIAN_POINT('Ctrl Pts',(4.08644468381387,0.37867884101357,15.5870444776771));
#15849=CARTESIAN_POINT('Ctrl Pts',(4.03750881511256,0.735493294377134,15.7355275676024));
#15850=CARTESIAN_POINT('Ctrl Pts',(4.00274081644157,0.89749197693496,15.846882311494));
#15851=CARTESIAN_POINT('Ctrl Pts',(3.9366979125421,1.15319392658956,16.1025842611486));
#15852=CARTESIAN_POINT('Ctrl Pts',(3.90092684185493,1.26449021738711,16.264552996463));
#15853=CARTESIAN_POINT('Ctrl Pts',(3.84964888932151,1.41292940517927,16.6212548456496));
#15854=CARTESIAN_POINT('Ctrl Pts',(3.83503585380893,1.45,16.8161459620596));
#15855=CARTESIAN_POINT('Ctrl Pts',(3.83503585380893,1.45,17.));
#15856=CARTESIAN_POINT('',(8.,-1.77573785876366E-16,18.45));
#15857=CARTESIAN_POINT('',(0.,-1.77573785876366E-16,18.45));
#15858=CARTESIAN_POINT('',(7.86749642516601,1.45,17.));
#15859=CARTESIAN_POINT('Ctrl Pts',(7.86749642516601,1.45,17.));
#15860=CARTESIAN_POINT('Ctrl Pts',(7.86749642516601,1.45,16.8174970310286));
#15861=CARTESIAN_POINT('Ctrl Pts',(7.87450429167587,1.41344396843265,16.6231122037157));
#15862=CARTESIAN_POINT('Ctrl Pts',(7.8996550529668,1.26534250492106,16.2659858968453));
#15863=CARTESIAN_POINT('Ctrl Pts',(7.91741715914835,1.15381848755657,16.1032088221156));
#15864=CARTESIAN_POINT('Ctrl Pts',(7.95063187704284,0.896796002067388,15.8461863366264));
#15865=CARTESIAN_POINT('Ctrl Pts',(7.96826579439898,0.734016865721184,15.7346585369887));
#15866=CARTESIAN_POINT('Ctrl Pts',(7.99312200578644,0.376883441278423,15.5865543292681));
#15867=CARTESIAN_POINT('Ctrl Pts',(8.,0.182496118121833,15.55));
#15868=CARTESIAN_POINT('Ctrl Pts',(8.,-0.182496118121833,15.55));
#15869=CARTESIAN_POINT('Ctrl Pts',(7.99312200578644,-0.376883441278424,
15.5865543292681));
#15870=CARTESIAN_POINT('Ctrl Pts',(7.96826579439898,-0.734016865721184,
15.7346585369887));
#15871=CARTESIAN_POINT('Ctrl Pts',(7.95063187704283,-0.896796002067388,
15.8461863366264));
#15872=CARTESIAN_POINT('Ctrl Pts',(7.91741715914835,-1.15381848755656,16.1032088221156));
#15873=CARTESIAN_POINT('Ctrl Pts',(7.8996550529668,-1.26534250492106,16.2659858968453));
#15874=CARTESIAN_POINT('Ctrl Pts',(7.87450429167587,-1.41344396843265,16.6231122037157));
#15875=CARTESIAN_POINT('Ctrl Pts',(7.86749642516601,-1.45,16.8174970310286));
#15876=CARTESIAN_POINT('Ctrl Pts',(7.86749642516601,-1.45,17.1825029689714));
#15877=CARTESIAN_POINT('Ctrl Pts',(7.87450429167587,-1.41344396843265,17.3768877962843));
#15878=CARTESIAN_POINT('Ctrl Pts',(7.8996550529668,-1.26534250492106,17.7340141031547));
#15879=CARTESIAN_POINT('Ctrl Pts',(7.91741715914835,-1.15381848755657,17.8967911778844));
#15880=CARTESIAN_POINT('Ctrl Pts',(7.95063187704284,-0.896796002067388,
18.1538136633736));
#15881=CARTESIAN_POINT('Ctrl Pts',(7.96826579439898,-0.734016865721184,
18.2653414630113));
#15882=CARTESIAN_POINT('Ctrl Pts',(7.99312200578644,-0.376883441278423,
18.4134456707319));
#15883=CARTESIAN_POINT('Ctrl Pts',(8.,-0.182496118121833,18.45));
#15884=CARTESIAN_POINT('Ctrl Pts',(8.,1.04083408558608E-16,18.45));
#15885=CARTESIAN_POINT('Ctrl Pts',(8.,-3.46944695195361E-17,18.45));
#15886=CARTESIAN_POINT('Ctrl Pts',(8.,0.182496118121833,18.45));
#15887=CARTESIAN_POINT('Ctrl Pts',(7.99312200578644,0.376883441278427,18.4134456707319));
#15888=CARTESIAN_POINT('Ctrl Pts',(7.96826579439898,0.734016865721187,18.2653414630113));
#15889=CARTESIAN_POINT('Ctrl Pts',(7.95063187704284,0.896796002067388,18.1538136633736));
#15890=CARTESIAN_POINT('Ctrl Pts',(7.91741715914835,1.15381848755656,17.8967911778844));
#15891=CARTESIAN_POINT('Ctrl Pts',(7.8996550529668,1.26534250492106,17.7340141031547));
#15892=CARTESIAN_POINT('Ctrl Pts',(7.87450429167587,1.41344396843265,17.3768877962843));
#15893=CARTESIAN_POINT('Ctrl Pts',(7.86749642516601,1.45,17.1825029689714));
#15894=CARTESIAN_POINT('Ctrl Pts',(7.86749642516601,1.45,17.));
#15895=CARTESIAN_POINT('Origin',(0.,0.,6.));
#15896=CARTESIAN_POINT('',(-7.86749642516601,1.45,6.));
#15897=CARTESIAN_POINT('',(-8.,-1.77573785876366E-16,7.45));
#15898=CARTESIAN_POINT('Ctrl Pts',(-7.86749642516601,1.45,6.));
#15899=CARTESIAN_POINT('Ctrl Pts',(-7.86749642516601,1.45,6.18250296897138));
#15900=CARTESIAN_POINT('Ctrl Pts',(-7.87450429167587,1.41344396843265,6.37688779628429));
#15901=CARTESIAN_POINT('Ctrl Pts',(-7.8996550529668,1.26534250492106,6.73401410315473));
#15902=CARTESIAN_POINT('Ctrl Pts',(-7.91741715914835,1.15381848755657,6.89679117788442));
#15903=CARTESIAN_POINT('Ctrl Pts',(-7.95063187704284,0.896796002067388,
7.1538136633736));
#15904=CARTESIAN_POINT('Ctrl Pts',(-7.96826579439898,0.734016865721185,
7.26534146301134));
#15905=CARTESIAN_POINT('Ctrl Pts',(-7.99312200578645,0.376883441278425,
7.41344567073187));
#15906=CARTESIAN_POINT('Ctrl Pts',(-8.,0.182496118121833,7.45));
#15907=CARTESIAN_POINT('Ctrl Pts',(-8.,1.73472347597681E-16,7.45));
#15908=CARTESIAN_POINT('',(-8.,-5.9394212821755E-16,4.55));
#15909=CARTESIAN_POINT('Ctrl Pts',(-8.,-2.08166817117217E-16,4.55));
#15910=CARTESIAN_POINT('Ctrl Pts',(-8.,0.182496118121833,4.55));
#15911=CARTESIAN_POINT('Ctrl Pts',(-7.99312200578644,0.376883441278425,
4.58655432926813));
#15912=CARTESIAN_POINT('Ctrl Pts',(-7.96826579439898,0.734016865721185,
4.73465853698866));
#15913=CARTESIAN_POINT('Ctrl Pts',(-7.95063187704284,0.896796002067388,
4.8461863366264));
#15914=CARTESIAN_POINT('Ctrl Pts',(-7.91741715914835,1.15381848755656,5.10320882211558));
#15915=CARTESIAN_POINT('Ctrl Pts',(-7.8996550529668,1.26534250492106,5.26598589684527));
#15916=CARTESIAN_POINT('Ctrl Pts',(-7.87450429167587,1.41344396843265,5.62311220371571));
#15917=CARTESIAN_POINT('Ctrl Pts',(-7.86749642516601,1.45,5.81749703102862));
#15918=CARTESIAN_POINT('Ctrl Pts',(-7.86749642516601,1.45,6.));
#15919=CARTESIAN_POINT('Ctrl Pts',(-8.,2.77555756156289E-16,7.45));
#15920=CARTESIAN_POINT('Ctrl Pts',(-8.,-0.182496118121833,7.45));
#15921=CARTESIAN_POINT('Ctrl Pts',(-7.99312200578645,-0.376883441278424,
7.41344567073187));
#15922=CARTESIAN_POINT('Ctrl Pts',(-7.96826579439898,-0.734016865721185,
7.26534146301134));
#15923=CARTESIAN_POINT('Ctrl Pts',(-7.95063187704284,-0.896796002067388,
7.1538136633736));
#15924=CARTESIAN_POINT('Ctrl Pts',(-7.91741715914835,-1.15381848755656,
6.89679117788442));
#15925=CARTESIAN_POINT('Ctrl Pts',(-7.8996550529668,-1.26534250492106,6.73401410315473));
#15926=CARTESIAN_POINT('Ctrl Pts',(-7.87450429167587,-1.41344396843265,
6.37688779628429));
#15927=CARTESIAN_POINT('Ctrl Pts',(-7.86749642516601,-1.45,6.18250296897138));
#15928=CARTESIAN_POINT('Ctrl Pts',(-7.86749642516601,-1.45,5.81749703102862));
#15929=CARTESIAN_POINT('Ctrl Pts',(-7.87450429167587,-1.41344396843265,
5.62311220371571));
#15930=CARTESIAN_POINT('Ctrl Pts',(-7.8996550529668,-1.26534250492106,5.26598589684527));
#15931=CARTESIAN_POINT('Ctrl Pts',(-7.91741715914835,-1.15381848755657,
5.10320882211558));
#15932=CARTESIAN_POINT('Ctrl Pts',(-7.95063187704283,-0.896796002067388,
4.8461863366264));
#15933=CARTESIAN_POINT('Ctrl Pts',(-7.96826579439898,-0.734016865721185,
4.73465853698866));
#15934=CARTESIAN_POINT('Ctrl Pts',(-7.99312200578644,-0.376883441278425,
4.58655432926813));
#15935=CARTESIAN_POINT('Ctrl Pts',(-8.,-0.182496118121833,4.55));
#15936=CARTESIAN_POINT('Ctrl Pts',(-8.,-2.42861286636753E-16,4.55));
#15937=CARTESIAN_POINT('',(-1.65,-2.01543918876675E-16,7.45));
#15938=CARTESIAN_POINT('',(0.,-1.77573785876366E-16,7.45));
#15939=CARTESIAN_POINT('',(-1.65,3.05004762895182E-18,4.55));
#15940=CARTESIAN_POINT('Ctrl Pts',(-1.65,2.08166817117217E-16,4.55));
#15941=CARTESIAN_POINT('Ctrl Pts',(-1.65,-0.194722646325518,4.55));
#15942=CARTESIAN_POINT('Ctrl Pts',(-1.61321242094497,-0.394802011116084,
4.59146891848438));
#15943=CARTESIAN_POINT('Ctrl Pts',(-1.48191212447356,-0.749839438573761,
4.74398685188605));
#15944=CARTESIAN_POINT('Ctrl Pts',(-1.38801545501184,-0.905211332728415,
4.85460166728743));
#15945=CARTESIAN_POINT('Ctrl Pts',(-1.19148862863509,-1.15300462545846,
5.10239496001747));
#15946=CARTESIAN_POINT('Ctrl Pts',(-1.07220673916676,-1.26036648643472,
5.25887302465274));
#15947=CARTESIAN_POINT('Ctrl Pts',(-0.920488690417142,-1.37080765400071,
5.518119689364));
#15948=CARTESIAN_POINT('Ctrl Pts',(-0.8748754385865,-1.39950852115439,5.60859913395976));
#15949=CARTESIAN_POINT('Ctrl Pts',(-0.808119443858806,-1.43907011310028,
5.79770788522059));
#15950=CARTESIAN_POINT('Ctrl Pts',(-0.787400787401181,-1.45,5.89647215886457));
#15951=CARTESIAN_POINT('Ctrl Pts',(-0.787400787401181,-1.45,6.10352784113543));
#15952=CARTESIAN_POINT('Ctrl Pts',(-0.808119443858806,-1.43907011310028,
6.20229211477941));
#15953=CARTESIAN_POINT('Ctrl Pts',(-0.874875438586499,-1.39950852115439,
6.39140086604024));
#15954=CARTESIAN_POINT('Ctrl Pts',(-0.920488690417142,-1.37080765400071,
6.481880310636));
#15955=CARTESIAN_POINT('Ctrl Pts',(-1.07220673916676,-1.26036648643472,
6.74112697534726));
#15956=CARTESIAN_POINT('Ctrl Pts',(-1.19148862863509,-1.15300462545846,
6.89760503998253));
#15957=CARTESIAN_POINT('Ctrl Pts',(-1.38801545501184,-0.905211332728415,
7.14539833271257));
#15958=CARTESIAN_POINT('Ctrl Pts',(-1.48191212447356,-0.749839438573762,
7.25601314811395));
#15959=CARTESIAN_POINT('Ctrl Pts',(-1.61321242094497,-0.394802011116084,
7.40853108151562));
#15960=CARTESIAN_POINT('Ctrl Pts',(-1.65,-0.194722646325519,7.45));
#15961=CARTESIAN_POINT('Ctrl Pts',(-1.65,-3.29597460435593E-16,7.45));
#15962=CARTESIAN_POINT('',(-0.787400787401181,1.45,6.));
#15963=CARTESIAN_POINT('Ctrl Pts',(-0.787400787401181,1.45,6.));
#15964=CARTESIAN_POINT('Ctrl Pts',(-0.787400787401181,1.45,5.89647215886457));
#15965=CARTESIAN_POINT('Ctrl Pts',(-0.808119443858806,1.43907011310028,
5.79770788522059));
#15966=CARTESIAN_POINT('Ctrl Pts',(-0.8748754385865,1.39950852115439,5.60859913395976));
#15967=CARTESIAN_POINT('Ctrl Pts',(-0.920488690417142,1.37080765400071,
5.518119689364));
#15968=CARTESIAN_POINT('Ctrl Pts',(-1.07220673916676,1.26036648643472,5.25887302465274));
#15969=CARTESIAN_POINT('Ctrl Pts',(-1.19148862863509,1.15300462545846,5.10239496001747));
#15970=CARTESIAN_POINT('Ctrl Pts',(-1.38801545501184,0.905211332728415,
4.85460166728743));
#15971=CARTESIAN_POINT('Ctrl Pts',(-1.48191212447356,0.749839438573761,
4.74398685188605));
#15972=CARTESIAN_POINT('Ctrl Pts',(-1.61321242094497,0.394802011116084,
4.59146891848438));
#15973=CARTESIAN_POINT('Ctrl Pts',(-1.65,0.194722646325518,4.55));
#15974=CARTESIAN_POINT('Ctrl Pts',(-1.65,-1.73472347597681E-16,4.55));
#15975=CARTESIAN_POINT('Ctrl Pts',(-1.65,-1.56125112837913E-16,7.45));
#15976=CARTESIAN_POINT('Ctrl Pts',(-1.65,0.194722646325518,7.45));
#15977=CARTESIAN_POINT('Ctrl Pts',(-1.61321242094497,0.394802011116084,
7.40853108151562));
#15978=CARTESIAN_POINT('Ctrl Pts',(-1.48191212447356,0.749839438573762,
7.25601314811395));
#15979=CARTESIAN_POINT('Ctrl Pts',(-1.38801545501184,0.905211332728415,
7.14539833271257));
#15980=CARTESIAN_POINT('Ctrl Pts',(-1.19148862863509,1.15300462545846,6.89760503998253));
#15981=CARTESIAN_POINT('Ctrl Pts',(-1.07220673916676,1.26036648643472,6.74112697534726));
#15982=CARTESIAN_POINT('Ctrl Pts',(-0.920488690417142,1.37080765400071,
6.481880310636));
#15983=CARTESIAN_POINT('Ctrl Pts',(-0.8748754385865,1.39950852115439,6.39140086604024));
#15984=CARTESIAN_POINT('Ctrl Pts',(-0.808119443858806,1.43907011310028,
6.20229211477941));
#15985=CARTESIAN_POINT('Ctrl Pts',(-0.787400787401181,1.45,6.10352784113543));
#15986=CARTESIAN_POINT('Ctrl Pts',(-0.787400787401181,1.45,6.));
#15987=CARTESIAN_POINT('Origin',(0.,0.,6.));
#15988=CARTESIAN_POINT('',(0.787400787401181,1.45,6.));
#15989=CARTESIAN_POINT('',(1.65,-1.84196684116907E-16,7.45));
#15990=CARTESIAN_POINT('Ctrl Pts',(0.787400787401181,1.45,6.));
#15991=CARTESIAN_POINT('Ctrl Pts',(0.787400787401181,1.45,6.10352784113543));
#15992=CARTESIAN_POINT('Ctrl Pts',(0.808119443858806,1.43907011310028,6.20229211477941));
#15993=CARTESIAN_POINT('Ctrl Pts',(0.8748754385865,1.39950852115439,6.39140086604024));
#15994=CARTESIAN_POINT('Ctrl Pts',(0.920488690417142,1.37080765400071,6.481880310636));
#15995=CARTESIAN_POINT('Ctrl Pts',(1.07220673916676,1.26036648643472,6.74112697534726));
#15996=CARTESIAN_POINT('Ctrl Pts',(1.19148862863509,1.15300462545846,6.89760503998253));
#15997=CARTESIAN_POINT('Ctrl Pts',(1.38801545501184,0.905211332728415,7.14539833271257));
#15998=CARTESIAN_POINT('Ctrl Pts',(1.48191212447356,0.749839438573762,7.25601314811395));
#15999=CARTESIAN_POINT('Ctrl Pts',(1.61321242094497,0.394802011116084,7.40853108151562));
#16000=CARTESIAN_POINT('Ctrl Pts',(1.65,0.194722646325518,7.45));
#16001=CARTESIAN_POINT('Ctrl Pts',(1.65,-2.94902990916057E-16,7.45));
#16002=CARTESIAN_POINT('Ctrl Pts',(1.65,-2.08166817117217E-16,7.45));
#16003=CARTESIAN_POINT('Ctrl Pts',(1.65,-0.194722646325519,7.45));
#16004=CARTESIAN_POINT('Ctrl Pts',(1.61321242094497,-0.394802011116085,
7.40853108151562));
#16005=CARTESIAN_POINT('Ctrl Pts',(1.48191212447356,-0.749839438573762,
7.25601314811395));
#16006=CARTESIAN_POINT('Ctrl Pts',(1.38801545501184,-0.905211332728415,
7.14539833271257));
#16007=CARTESIAN_POINT('Ctrl Pts',(1.19148862863509,-1.15300462545846,6.89760503998253));
#16008=CARTESIAN_POINT('Ctrl Pts',(1.07220673916676,-1.26036648643472,6.74112697534726));
#16009=CARTESIAN_POINT('Ctrl Pts',(0.920488690417142,-1.37080765400071,
6.481880310636));
#16010=CARTESIAN_POINT('Ctrl Pts',(0.8748754385865,-1.39950852115439,6.39140086604024));
#16011=CARTESIAN_POINT('Ctrl Pts',(0.808119443858807,-1.43907011310028,
6.20229211477941));
#16012=CARTESIAN_POINT('Ctrl Pts',(0.787400787401181,-1.45,6.10352784113544));
#16013=CARTESIAN_POINT('Ctrl Pts',(0.787400787401181,-1.45,5.89647215886456));
#16014=CARTESIAN_POINT('Ctrl Pts',(0.808119443858807,-1.43907011310028,
5.79770788522059));
#16015=CARTESIAN_POINT('Ctrl Pts',(0.8748754385865,-1.39950852115439,5.60859913395976));
#16016=CARTESIAN_POINT('Ctrl Pts',(0.920488690417142,-1.37080765400071,
5.518119689364));
#16017=CARTESIAN_POINT('Ctrl Pts',(1.07220673916676,-1.26036648643472,5.25887302465274));
#16018=CARTESIAN_POINT('Ctrl Pts',(1.19148862863509,-1.15300462545846,5.10239496001747));
#16019=CARTESIAN_POINT('Ctrl Pts',(1.38801545501184,-0.905211332728415,
4.85460166728743));
#16020=CARTESIAN_POINT('Ctrl Pts',(1.48191212447356,-0.749839438573762,
4.74398685188605));
#16021=CARTESIAN_POINT('Ctrl Pts',(1.61321242094497,-0.394802011116084,
4.59146891848438));
#16022=CARTESIAN_POINT('Ctrl Pts',(1.65,-0.194722646325518,4.55));
#16023=CARTESIAN_POINT('Ctrl Pts',(1.65,0.194722646325518,4.55));
#16024=CARTESIAN_POINT('Ctrl Pts',(1.61321242094497,0.394802011116084,4.59146891848438));
#16025=CARTESIAN_POINT('Ctrl Pts',(1.48191212447356,0.749839438573761,4.74398685188605));
#16026=CARTESIAN_POINT('Ctrl Pts',(1.38801545501184,0.905211332728415,4.85460166728743));
#16027=CARTESIAN_POINT('Ctrl Pts',(1.19148862863509,1.15300462545846,5.10239496001747));
#16028=CARTESIAN_POINT('Ctrl Pts',(1.07220673916676,1.26036648643472,5.25887302465274));
#16029=CARTESIAN_POINT('Ctrl Pts',(0.920488690417142,1.37080765400071,5.518119689364));
#16030=CARTESIAN_POINT('Ctrl Pts',(0.8748754385865,1.39950852115439,5.60859913395976));
#16031=CARTESIAN_POINT('Ctrl Pts',(0.808119443858807,1.43907011310028,5.79770788522059));
#16032=CARTESIAN_POINT('Ctrl Pts',(0.787400787401181,1.45,5.89647215886456));
#16033=CARTESIAN_POINT('Ctrl Pts',(0.787400787401181,1.45,6.));
#16034=CARTESIAN_POINT('',(8.,-1.77573785876366E-16,7.45));
#16035=CARTESIAN_POINT('',(0.,-1.77573785876366E-16,7.45));
#16036=CARTESIAN_POINT('',(7.86749642516601,1.45,6.));
#16037=CARTESIAN_POINT('Ctrl Pts',(7.86749642516601,1.45,6.));
#16038=CARTESIAN_POINT('Ctrl Pts',(7.86749642516601,1.45,5.81749703102862));
#16039=CARTESIAN_POINT('Ctrl Pts',(7.87450429167587,1.41344396843265,5.62311220371571));
#16040=CARTESIAN_POINT('Ctrl Pts',(7.8996550529668,1.26534250492106,5.26598589684527));
#16041=CARTESIAN_POINT('Ctrl Pts',(7.91741715914835,1.15381848755656,5.10320882211558));
#16042=CARTESIAN_POINT('Ctrl Pts',(7.95063187704283,0.896796002067388,4.8461863366264));
#16043=CARTESIAN_POINT('Ctrl Pts',(7.96826579439898,0.734016865721185,4.73465853698866));
#16044=CARTESIAN_POINT('Ctrl Pts',(7.99312200578644,0.376883441278424,4.58655432926813));
#16045=CARTESIAN_POINT('Ctrl Pts',(8.,0.182496118121833,4.55));
#16046=CARTESIAN_POINT('Ctrl Pts',(8.,-0.182496118121833,4.55));
#16047=CARTESIAN_POINT('Ctrl Pts',(7.99312200578645,-0.376883441278425,
4.58655432926813));
#16048=CARTESIAN_POINT('Ctrl Pts',(7.96826579439898,-0.734016865721185,
4.73465853698866));
#16049=CARTESIAN_POINT('Ctrl Pts',(7.95063187704284,-0.896796002067388,
4.8461863366264));
#16050=CARTESIAN_POINT('Ctrl Pts',(7.91741715914835,-1.15381848755657,5.10320882211558));
#16051=CARTESIAN_POINT('Ctrl Pts',(7.8996550529668,-1.26534250492106,5.26598589684527));
#16052=CARTESIAN_POINT('Ctrl Pts',(7.87450429167587,-1.41344396843265,5.62311220371571));
#16053=CARTESIAN_POINT('Ctrl Pts',(7.86749642516601,-1.45,5.81749703102862));
#16054=CARTESIAN_POINT('Ctrl Pts',(7.86749642516601,-1.45,6.18250296897138));
#16055=CARTESIAN_POINT('Ctrl Pts',(7.87450429167587,-1.41344396843265,6.37688779628429));
#16056=CARTESIAN_POINT('Ctrl Pts',(7.8996550529668,-1.26534250492106,6.73401410315473));
#16057=CARTESIAN_POINT('Ctrl Pts',(7.91741715914835,-1.15381848755656,6.89679117788442));
#16058=CARTESIAN_POINT('Ctrl Pts',(7.95063187704283,-0.896796002067388,
7.1538136633736));
#16059=CARTESIAN_POINT('Ctrl Pts',(7.96826579439898,-0.734016865721186,
7.26534146301134));
#16060=CARTESIAN_POINT('Ctrl Pts',(7.99312200578644,-0.376883441278426,
7.41344567073187));
#16061=CARTESIAN_POINT('Ctrl Pts',(8.,-0.182496118121833,7.45));
#16062=CARTESIAN_POINT('Ctrl Pts',(8.,2.42861286636753E-16,7.45));
#16063=CARTESIAN_POINT('Ctrl Pts',(8.,3.12250225675825E-16,7.45));
#16064=CARTESIAN_POINT('Ctrl Pts',(8.,0.182496118121833,7.45));
#16065=CARTESIAN_POINT('Ctrl Pts',(7.99312200578644,0.376883441278426,7.41344567073187));
#16066=CARTESIAN_POINT('Ctrl Pts',(7.96826579439898,0.734016865721186,7.26534146301134));
#16067=CARTESIAN_POINT('Ctrl Pts',(7.95063187704284,0.896796002067388,7.1538136633736));
#16068=CARTESIAN_POINT('Ctrl Pts',(7.91741715914835,1.15381848755656,6.89679117788442));
#16069=CARTESIAN_POINT('Ctrl Pts',(7.8996550529668,1.26534250492106,6.73401410315473));
#16070=CARTESIAN_POINT('Ctrl Pts',(7.87450429167587,1.41344396843265,6.37688779628429));
#16071=CARTESIAN_POINT('Ctrl Pts',(7.86749642516601,1.45,6.18250296897138));
#16072=CARTESIAN_POINT('Ctrl Pts',(7.86749642516601,1.45,6.));
#16073=CARTESIAN_POINT('Origin',(0.,0.,16.9));
#16074=CARTESIAN_POINT('',(-4.1,-5.02105187650415E-16,10.8));
#16075=CARTESIAN_POINT('Origin',(0.,0.,10.8));
#16076=CARTESIAN_POINT('',(-4.1,-5.02105187650415E-16,16.9));
#16077=CARTESIAN_POINT('',(-4.1,5.02105187650415E-16,22.));
#16078=CARTESIAN_POINT('',(-4.1,-5.02105187650415E-16,16.9));
#16079=CARTESIAN_POINT('Origin',(0.,0.,22.));
#16080=CARTESIAN_POINT('Origin',(0.,0.,10.8));
#16081=CARTESIAN_POINT('',(-1.65,-2.02066721859313E-16,10.8));
#16082=CARTESIAN_POINT('Origin',(0.,0.,10.8));
#16083=CARTESIAN_POINT('Origin',(0.,0.,5.1));
#16084=CARTESIAN_POINT('',(-1.65,-2.02066721859313E-16,0.));
#16085=CARTESIAN_POINT('Origin',(0.,0.,0.));
#16086=CARTESIAN_POINT('',(-1.65,-2.02066721859313E-16,5.1));
#16087=CARTESIAN_POINT('',(-1.65,-2.02066721859313E-16,5.1));
#16088=CARTESIAN_POINT('Origin',(0.,0.,11.));
#16089=CARTESIAN_POINT('',(-8.,-9.79717439317883E-16,22.));
#16090=CARTESIAN_POINT('Origin',(0.,0.,22.));
#16091=CARTESIAN_POINT('',(-8.,-9.79717439317883E-16,11.));
#16092=CARTESIAN_POINT('',(-8.,-9.79717439317883E-16,11.));
#16093=CARTESIAN_POINT('',(-8.,-9.79717439317883E-16,0.));
#16094=CARTESIAN_POINT('',(-8.,-9.79717439317883E-16,11.));
#16095=CARTESIAN_POINT('Origin',(0.,0.,0.));
#16096=CARTESIAN_POINT('Origin',(0.,0.,0.));
#16097=CARTESIAN_POINT('Origin',(0.,0.,22.));
#16098=CARTESIAN_POINT('',(0.,0.,0.));
#16099=CARTESIAN_POINT('Origin',(44.,9.5,3.5));
#16100=CARTESIAN_POINT('',(42.3,9.5,0.));
#16101=CARTESIAN_POINT('Origin',(44.,9.5,0.));
#16102=CARTESIAN_POINT('',(42.3,9.5,6.));
#16103=CARTESIAN_POINT('',(42.3,9.5,3.5));
#16104=CARTESIAN_POINT('Origin',(44.,9.5,6.));
#16105=CARTESIAN_POINT('Origin',(44.,-9.5,3.5));
#16106=CARTESIAN_POINT('',(42.3,-9.5,0.));
#16107=CARTESIAN_POINT('Origin',(44.,-9.5,0.));
#16108=CARTESIAN_POINT('',(42.3,-9.5,6.));
#16109=CARTESIAN_POINT('',(42.3,-9.5,3.5));
#16110=CARTESIAN_POINT('Origin',(44.,-9.5,6.));
#16111=CARTESIAN_POINT('Origin',(28.,9.5,3.5));
#16112=CARTESIAN_POINT('',(26.3,9.5,0.));
#16113=CARTESIAN_POINT('Origin',(28.,9.5,0.));
#16114=CARTESIAN_POINT('',(26.3,9.5,6.));
#16115=CARTESIAN_POINT('',(26.3,9.5,3.5));
#16116=CARTESIAN_POINT('Origin',(28.,9.5,6.));
#16117=CARTESIAN_POINT('Origin',(28.,-9.5,3.5));
#16118=CARTESIAN_POINT('',(26.3,-9.5,0.));
#16119=CARTESIAN_POINT('Origin',(28.,-9.5,0.));
#16120=CARTESIAN_POINT('',(26.3,-9.5,6.));
#16121=CARTESIAN_POINT('',(26.3,-9.5,3.5));
#16122=CARTESIAN_POINT('Origin',(28.,-9.5,6.));
#16123=CARTESIAN_POINT('Origin',(8.,9.5,3.5));
#16124=CARTESIAN_POINT('',(6.3,9.5,0.));
#16125=CARTESIAN_POINT('Origin',(8.,9.5,0.));
#16126=CARTESIAN_POINT('',(6.3,9.5,6.));
#16127=CARTESIAN_POINT('',(6.3,9.5,3.5));
#16128=CARTESIAN_POINT('Origin',(8.,9.5,6.));
#16129=CARTESIAN_POINT('Origin',(8.,-9.5,3.5));
#16130=CARTESIAN_POINT('',(6.3,-9.5,0.));
#16131=CARTESIAN_POINT('Origin',(8.,-9.5,0.));
#16132=CARTESIAN_POINT('',(6.3,-9.5,6.));
#16133=CARTESIAN_POINT('',(6.3,-9.5,3.5));
#16134=CARTESIAN_POINT('Origin',(8.,-9.5,6.));
#16135=CARTESIAN_POINT('Origin',(-8.,9.5,3.5));
#16136=CARTESIAN_POINT('',(-9.7,9.5,0.));
#16137=CARTESIAN_POINT('Origin',(-8.,9.5,0.));
#16138=CARTESIAN_POINT('',(-9.7,9.5,6.));
#16139=CARTESIAN_POINT('',(-9.7,9.5,3.5));
#16140=CARTESIAN_POINT('Origin',(-8.,9.5,6.));
#16141=CARTESIAN_POINT('Origin',(-8.,-9.5,3.5));
#16142=CARTESIAN_POINT('',(-9.7,-9.5,0.));
#16143=CARTESIAN_POINT('Origin',(-8.,-9.5,0.));
#16144=CARTESIAN_POINT('',(-9.7,-9.5,6.));
#16145=CARTESIAN_POINT('',(-9.7,-9.5,3.5));
#16146=CARTESIAN_POINT('Origin',(-8.,-9.5,6.));
#16147=CARTESIAN_POINT('Origin',(18.,0.,6.));
#16148=CARTESIAN_POINT('',(58.,-27.5,6.));
#16149=CARTESIAN_POINT('',(58.,27.5,6.));
#16150=CARTESIAN_POINT('',(58.,0.,6.));
#16151=CARTESIAN_POINT('',(-22.,27.5,6.));
#16152=CARTESIAN_POINT('',(18.,27.5,6.));
#16153=CARTESIAN_POINT('',(-22.,-27.5,6.));
#16154=CARTESIAN_POINT('',(-22.,0.,6.));
#16155=CARTESIAN_POINT('',(18.,-27.5,6.));
#16156=CARTESIAN_POINT('Origin',(18.,0.,0.));
#16157=CARTESIAN_POINT('',(58.,27.5,0.));
#16158=CARTESIAN_POINT('',(58.,-27.5,0.));
#16159=CARTESIAN_POINT('',(58.,0.,0.));
#16160=CARTESIAN_POINT('',(-22.,-27.5,0.));
#16161=CARTESIAN_POINT('',(18.,-27.5,0.));
#16162=CARTESIAN_POINT('',(-22.,27.5,0.));
#16163=CARTESIAN_POINT('',(-22.,0.,0.));
#16164=CARTESIAN_POINT('',(18.,27.5,0.));
#16165=CARTESIAN_POINT('Origin',(18.,-27.5,3.));
#16166=CARTESIAN_POINT('',(-22.,-27.5,3.));
#16167=CARTESIAN_POINT('',(58.,-27.5,3.));
#16168=CARTESIAN_POINT('Origin',(-22.,0.,3.));
#16169=CARTESIAN_POINT('',(-22.,27.5,3.));
#16170=CARTESIAN_POINT('Origin',(18.,27.5,3.));
#16171=CARTESIAN_POINT('',(58.,27.5,3.));
#16172=CARTESIAN_POINT('Origin',(58.,0.,3.));
#16173=CARTESIAN_POINT('Origin',(8.48528137423857,-8.48528137423857,3.));
#16174=CARTESIAN_POINT('',(6.78528137423857,-8.48528137423857,0.));
#16175=CARTESIAN_POINT('Origin',(8.48528137423857,-8.48528137423857,0.));
#16176=CARTESIAN_POINT('',(6.78528137423857,-8.48528137423857,6.));
#16177=CARTESIAN_POINT('',(6.78528137423857,-8.48528137423857,3.));
#16178=CARTESIAN_POINT('Origin',(8.48528137423857,-8.48528137423857,6.));
#16179=CARTESIAN_POINT('Origin',(-8.48528137423857,-8.48528137423857,3.));
#16180=CARTESIAN_POINT('',(-10.1852813742386,-8.48528137423857,0.));
#16181=CARTESIAN_POINT('Origin',(-8.48528137423857,-8.48528137423857,0.));
#16182=CARTESIAN_POINT('',(-10.1852813742386,-8.48528137423857,6.));
#16183=CARTESIAN_POINT('',(-10.1852813742386,-8.48528137423857,3.));
#16184=CARTESIAN_POINT('Origin',(-8.48528137423857,-8.48528137423857,6.));
#16185=CARTESIAN_POINT('Origin',(-8.48528137423857,8.48528137423857,3.));
#16186=CARTESIAN_POINT('',(-10.1852813742386,8.48528137423857,0.));
#16187=CARTESIAN_POINT('Origin',(-8.48528137423857,8.48528137423857,0.));
#16188=CARTESIAN_POINT('',(-10.1852813742386,8.48528137423857,6.));
#16189=CARTESIAN_POINT('',(-10.1852813742386,8.48528137423857,3.));
#16190=CARTESIAN_POINT('Origin',(-8.48528137423857,8.48528137423857,6.));
#16191=CARTESIAN_POINT('Origin',(8.48528137423857,8.48528137423857,3.));
#16192=CARTESIAN_POINT('',(6.78528137423857,8.48528137423857,0.));
#16193=CARTESIAN_POINT('Origin',(8.48528137423857,8.48528137423857,0.));
#16194=CARTESIAN_POINT('',(6.78528137423857,8.48528137423857,6.));
#16195=CARTESIAN_POINT('',(6.78528137423857,8.48528137423857,3.));
#16196=CARTESIAN_POINT('Origin',(8.48528137423857,8.48528137423857,6.));
#16197=CARTESIAN_POINT('Origin',(0.,0.,3.));
#16198=CARTESIAN_POINT('',(-4.1,-5.02105187650415E-16,0.));
#16199=CARTESIAN_POINT('Origin',(0.,0.,0.));
#16200=CARTESIAN_POINT('',(-4.1,5.02105187650415E-16,6.));
#16201=CARTESIAN_POINT('',(-4.1,-5.02105187650415E-16,3.));
#16202=CARTESIAN_POINT('Origin',(0.,0.,6.));
#16203=CARTESIAN_POINT('Origin',(29.7598737251792,-3.8568822721716,3.));
#16204=CARTESIAN_POINT('',(28.7563375664353,-3.75140637164538,0.));
#16205=CARTESIAN_POINT('',(28.7563375664353,-3.75140637164538,6.));
#16206=CARTESIAN_POINT('',(28.7563375664353,-3.75140637164538,3.));
#16207=CARTESIAN_POINT('',(31.2516565682316,-4.01367496707308,0.));
#16208=CARTESIAN_POINT('',(29.7598737251792,-3.8568822721716,0.));
#16209=CARTESIAN_POINT('',(31.2516565682316,-4.01367496707308,6.));
#16210=CARTESIAN_POINT('',(31.2516565682316,-4.01367496707308,3.));
#16211=CARTESIAN_POINT('',(29.7598737251792,-3.8568822721716,6.));
#16212=CARTESIAN_POINT('Origin',(29.9114399969173,-2.4148255238876,3.));
#16213=CARTESIAN_POINT('',(28.9079038381734,-2.30934962336138,6.));
#16214=CARTESIAN_POINT('',(28.9079038381734,-2.30934962336138,0.));
#16215=CARTESIAN_POINT('',(28.9079038381734,-2.30934962336138,3.));
#16216=CARTESIAN_POINT('',(31.4032228399697,-2.57161821878908,6.));
#16217=CARTESIAN_POINT('',(29.9114399969173,-2.4148255238876,6.));
#16218=CARTESIAN_POINT('',(31.4032228399697,-2.57161821878908,0.));
#16219=CARTESIAN_POINT('',(31.4032228399697,-2.57161821878908,3.));
#16220=CARTESIAN_POINT('',(29.9114399969173,-2.4148255238876,0.));
#16221=CARTESIAN_POINT('Origin',(31.3274397041006,-3.29264659293108,3.));
#16222=CARTESIAN_POINT('',(31.3274397041006,-3.29264659293108,0.));
#16223=CARTESIAN_POINT('',(31.3274397041006,-3.29264659293108,6.));
#16224=CARTESIAN_POINT('Origin',(0.,0.,6.));
#16225=CARTESIAN_POINT('',(28.9909360835417,-0.725,6.));
#16226=CARTESIAN_POINT('Origin',(0.,0.,6.));
#16227=CARTESIAN_POINT('',(31.5,-0.725,6.));
#16228=CARTESIAN_POINT('',(30.,-0.725,6.));
#16229=CARTESIAN_POINT('',(31.5,0.725,6.));
#16230=CARTESIAN_POINT('',(31.5,0.,6.));
#16231=CARTESIAN_POINT('',(28.9909360835417,0.725,6.));
#16232=CARTESIAN_POINT('',(30.,0.725,6.));
#16233=CARTESIAN_POINT('',(28.9079038381734,2.30934962336138,6.));
#16234=CARTESIAN_POINT('Origin',(0.,0.,6.));
#16235=CARTESIAN_POINT('',(31.4032228399697,2.57161821878909,6.));
#16236=CARTESIAN_POINT('',(29.9114399969173,2.41482552388761,6.));
#16237=CARTESIAN_POINT('',(31.2516565682316,4.01367496707308,6.));
#16238=CARTESIAN_POINT('',(31.3274397041006,3.29264659293108,6.));
#16239=CARTESIAN_POINT('',(28.7563375664353,3.75140637164538,6.));
#16240=CARTESIAN_POINT('',(29.7598737251792,3.8568822721716,6.));
#16241=CARTESIAN_POINT('',(28.5081505489863,5.31839752898673,6.));
#16242=CARTESIAN_POINT('Origin',(0.,0.,6.));
#16243=CARTESIAN_POINT('',(30.9623853989578,5.84006125022741,6.));
#16244=CARTESIAN_POINT('',(29.495163997857,5.52819371400077,6.));
#16245=CARTESIAN_POINT('',(30.660913447272,7.25837527129143,6.));
#16246=CARTESIAN_POINT('',(30.8116494231149,6.54921826075942,6.));
#16247=CARTESIAN_POINT('',(28.2066785973005,6.73671155005075,6.));
#16248=CARTESIAN_POINT('',(29.1936920461713,6.94650773506479,6.));
#16249=CARTESIAN_POINT('',(27.7960559966705,8.26917595833828,6.));
#16250=CARTESIAN_POINT('Origin',(0.,0.,6.));
#16251=CARTESIAN_POINT('',(30.1823175842192,9.04451934849686,6.));
#16252=CARTESIAN_POINT('',(28.7557328097764,8.58099385693444,6.));
#16253=CARTESIAN_POINT('',(29.7342429423755,10.4235512971248,6.));
#16254=CARTESIAN_POINT('',(29.9582802632973,9.73403532281084,6.));
#16255=CARTESIAN_POINT('',(27.3479813548268,9.64820790696625,6.));
#16256=CARTESIAN_POINT('',(28.3076581679328,9.96002580556241,6.));
#16257=CARTESIAN_POINT('',(26.7794220381565,11.129355565454,6.));
#16258=CARTESIAN_POINT('Origin',(0.,0.,6.));
#16259=CARTESIAN_POINT('',(29.0715659819719,12.1498838000968,6.));
#16260=CARTESIAN_POINT('',(27.701247795508,11.5397788354831,6.));
#16261=CARTESIAN_POINT('',(28.481797849512,13.4745247136786,6.));
#16262=CARTESIAN_POINT('',(28.7766819157419,12.8122042568877,6.));
#16263=CARTESIAN_POINT('',(26.1896539056965,12.4539964790357,6.));
#16264=CARTESIAN_POINT('',(27.1114796630481,12.8644197490649,6.));
#16265=CARTESIAN_POINT('',(25.4693871278381,13.8675996240271,6.));
#16266=CARTESIAN_POINT('Origin',(0.,0.,6.));
#16267=CARTESIAN_POINT('',(27.6423002192098,15.1221315822563,6.));
#16268=CARTESIAN_POINT('',(26.3432621135332,14.3721315822563,6.));
#16269=CARTESIAN_POINT('',(26.9173002192098,16.3778684177437,6.));
#16270=CARTESIAN_POINT('',(27.2798002192098,15.75,6.));
#16271=CARTESIAN_POINT('',(24.7443871278381,15.1233364595146,6.));
#16272=CARTESIAN_POINT('',(25.6182621135332,15.6278684177437,6.));
#16273=CARTESIAN_POINT('',(23.8803042823352,16.4539073591377,6.));
#16274=CARTESIAN_POINT('Origin',(0.,0.,6.));
#16275=CARTESIAN_POINT('',(25.9101796307229,17.9286981262911,6.));
#16276=CARTESIAN_POINT('',(24.6966541391605,17.0470202478524,6.));
#16277=CARTESIAN_POINT('',(25.0578910148988,19.1017727681347,6.));
#16278=CARTESIAN_POINT('',(25.4840353228108,18.5152354472129,6.));
#16279=CARTESIAN_POINT('',(23.0280156665111,17.6269820009814,6.));
#16280=CARTESIAN_POINT('',(23.8443655233364,18.220094889696,6.));
#16281=CARTESIAN_POINT('',(22.0295838258401,18.85994264202,6.));
#16282=CARTESIAN_POINT('Origin',(0.,0.,6.));
#16283=CARTESIAN_POINT('',(23.8941816921481,20.5388341018329,6.));
#16284=CARTESIAN_POINT('',(22.779464453932,19.5351381922946,6.));
#16285=CARTESIAN_POINT('',(22.9239423129277,21.6163940987751,6.));
#16286=CARTESIAN_POINT('',(23.4090620025379,21.077614100304,6.));
#16287=CARTESIAN_POINT('',(21.0593444466197,19.9375026389623,6.));
#16288=CARTESIAN_POINT('',(21.8092250747117,20.6126981892369,6.));
#16289=CARTESIAN_POINT('',(19.9375026389623,21.0593444466197,6.));
#16290=CARTESIAN_POINT('Origin',(0.,0.,6.));
#16291=CARTESIAN_POINT('',(21.6163940987751,22.9239423129277,6.));
#16292=CARTESIAN_POINT('',(20.6126981892369,21.8092250747117,6.));
#16293=CARTESIAN_POINT('',(20.5388341018329,23.8941816921481,6.));
#16294=CARTESIAN_POINT('',(21.077614100304,23.4090620025379,6.));
#16295=CARTESIAN_POINT('',(18.85994264202,22.0295838258401,6.));
#16296=CARTESIAN_POINT('',(19.5351381922946,22.779464453932,6.));
#16297=CARTESIAN_POINT('',(17.6269820009814,23.0280156665111,6.));
#16298=CARTESIAN_POINT('Origin',(0.,0.,6.));
#16299=CARTESIAN_POINT('',(19.1017727681347,25.0578910148988,6.));
#16300=CARTESIAN_POINT('',(18.220094889696,23.8443655233364,6.));
#16301=CARTESIAN_POINT('',(17.9286981262911,25.9101796307229,6.));
#16302=CARTESIAN_POINT('',(18.5152354472129,25.4840353228108,6.));
#16303=CARTESIAN_POINT('',(16.4539073591377,23.8803042823352,6.));
#16304=CARTESIAN_POINT('',(17.0470202478524,24.6966541391605,6.));
#16305=CARTESIAN_POINT('',(15.1233364595146,24.744387127838,6.));
#16306=CARTESIAN_POINT('Origin',(0.,0.,6.));
#16307=CARTESIAN_POINT('',(16.3778684177437,26.9173002192098,6.));
#16308=CARTESIAN_POINT('',(15.6278684177437,25.6182621135332,6.));
#16309=CARTESIAN_POINT('',(15.1221315822563,27.6423002192098,6.));
#16310=CARTESIAN_POINT('',(15.75,27.2798002192098,6.));
#16311=CARTESIAN_POINT('',(13.8675996240271,25.469387127838,6.));
#16312=CARTESIAN_POINT('',(14.3721315822563,26.3432621135332,6.));
#16313=CARTESIAN_POINT('',(12.4539964790357,26.1896539056965,6.));
#16314=CARTESIAN_POINT('Origin',(0.,0.,6.));
#16315=CARTESIAN_POINT('',(13.4745247136786,28.481797849512,6.));
#16316=CARTESIAN_POINT('',(12.8644197490649,27.1114796630481,6.));
#16317=CARTESIAN_POINT('',(12.1498838000968,29.0715659819719,6.));
#16318=CARTESIAN_POINT('',(12.8122042568877,28.7766819157419,6.));
#16319=CARTESIAN_POINT('',(11.129355565454,26.7794220381564,6.));
#16320=CARTESIAN_POINT('',(11.5397788354831,27.701247795508,6.));
#16321=CARTESIAN_POINT('',(9.64820790696625,27.3479813548268,6.));
#16322=CARTESIAN_POINT('Origin',(0.,0.,6.));
#16323=CARTESIAN_POINT('',(10.4235512971248,29.7342429423755,6.));
#16324=CARTESIAN_POINT('',(9.96002580556241,28.3076581679328,6.));
#16325=CARTESIAN_POINT('',(9.04451934849686,30.1823175842192,6.));
#16326=CARTESIAN_POINT('',(9.73403532281085,29.9582802632973,6.));
#16327=CARTESIAN_POINT('',(8.26917595833828,27.7960559966705,6.));
#16328=CARTESIAN_POINT('',(8.58099385693444,28.7557328097764,6.));
#16329=CARTESIAN_POINT('',(6.73671155005075,28.2066785973005,6.));
#16330=CARTESIAN_POINT('Origin',(0.,0.,6.));
#16331=CARTESIAN_POINT('',(7.25837527129142,30.660913447272,6.));
#16332=CARTESIAN_POINT('',(6.94650773506479,29.1936920461713,6.));
#16333=CARTESIAN_POINT('',(5.84006125022741,30.9623853989578,6.));
#16334=CARTESIAN_POINT('',(6.54921826075942,30.8116494231149,6.));
#16335=CARTESIAN_POINT('',(5.31839752898673,28.5081505489863,6.));
#16336=CARTESIAN_POINT('',(5.52819371400077,29.495163997857,6.));
#16337=CARTESIAN_POINT('',(3.75140637164538,28.7563375664353,6.));
#16338=CARTESIAN_POINT('Origin',(0.,0.,6.));
#16339=CARTESIAN_POINT('',(4.01367496707308,31.2516565682316,6.));
#16340=CARTESIAN_POINT('',(3.8568822721716,29.7598737251792,6.));
#16341=CARTESIAN_POINT('',(2.57161821878909,31.4032228399697,6.));
#16342=CARTESIAN_POINT('',(3.29264659293108,31.3274397041006,6.));
#16343=CARTESIAN_POINT('',(2.30934962336138,28.9079038381734,6.));
#16344=CARTESIAN_POINT('',(2.41482552388761,29.9114399969173,6.));
#16345=CARTESIAN_POINT('',(0.725000000000008,28.9909360835417,6.));
#16346=CARTESIAN_POINT('Origin',(0.,0.,6.));
#16347=CARTESIAN_POINT('',(0.725000000000009,31.5,6.));
#16348=CARTESIAN_POINT('',(0.725000000000008,30.,6.));
#16349=CARTESIAN_POINT('',(-0.724999999999991,31.5,6.));
#16350=CARTESIAN_POINT('',(8.92322376379557E-15,31.5,6.));
#16351=CARTESIAN_POINT('',(-0.724999999999992,28.9909360835417,6.));
#16352=CARTESIAN_POINT('',(-0.724999999999991,30.,6.));
#16353=CARTESIAN_POINT('',(-2.30934962336138,28.9079038381734,6.));
#16354=CARTESIAN_POINT('Origin',(0.,0.,6.));
#16355=CARTESIAN_POINT('',(-2.57161821878908,31.4032228399697,6.));
#16356=CARTESIAN_POINT('',(-2.4148255238876,29.9114399969173,6.));
#16357=CARTESIAN_POINT('',(-4.01367496707308,31.2516565682316,6.));
#16358=CARTESIAN_POINT('',(-3.29264659293108,31.3274397041006,6.));
#16359=CARTESIAN_POINT('',(-3.75140637164537,28.7563375664353,6.));
#16360=CARTESIAN_POINT('',(-3.8568822721716,29.7598737251792,6.));
#16361=CARTESIAN_POINT('',(-5.31839752898674,28.5081505489863,6.));
#16362=CARTESIAN_POINT('Origin',(0.,0.,6.));
#16363=CARTESIAN_POINT('',(-5.84006125022741,30.9623853989578,6.));
#16364=CARTESIAN_POINT('',(-5.52819371400077,29.495163997857,6.));
#16365=CARTESIAN_POINT('',(-7.25837527129143,30.660913447272,6.));
#16366=CARTESIAN_POINT('',(-6.54921826075942,30.8116494231149,6.));
#16367=CARTESIAN_POINT('',(-6.73671155005075,28.2066785973005,6.));
#16368=CARTESIAN_POINT('',(-6.94650773506479,29.1936920461713,6.));
#16369=CARTESIAN_POINT('',(-8.26917595833828,27.7960559966705,6.));
#16370=CARTESIAN_POINT('Origin',(0.,0.,6.));
#16371=CARTESIAN_POINT('',(-9.04451934849685,30.1823175842192,6.));
#16372=CARTESIAN_POINT('',(-8.58099385693443,28.7557328097764,6.));
#16373=CARTESIAN_POINT('',(-10.4235512971248,29.7342429423755,6.));
#16374=CARTESIAN_POINT('',(-9.73403532281084,29.9582802632973,6.));
#16375=CARTESIAN_POINT('',(-9.64820790696625,27.3479813548268,6.));
#16376=CARTESIAN_POINT('',(-9.96002580556241,28.3076581679328,6.));
#16377=CARTESIAN_POINT('',(-11.1293555654539,26.7794220381565,6.));
#16378=CARTESIAN_POINT('Origin',(0.,0.,6.));
#16379=CARTESIAN_POINT('',(-12.1498838000968,29.0715659819719,6.));
#16380=CARTESIAN_POINT('',(-11.5397788354831,27.701247795508,6.));
#16381=CARTESIAN_POINT('',(-13.4745247136786,28.481797849512,6.));
#16382=CARTESIAN_POINT('',(-12.8122042568877,28.7766819157419,6.));
#16383=CARTESIAN_POINT('',(-12.4539964790357,26.1896539056965,6.));
#16384=CARTESIAN_POINT('',(-12.8644197490649,27.1114796630481,6.));
#16385=CARTESIAN_POINT('',(-13.8675996240271,25.4693871278381,6.));
#16386=CARTESIAN_POINT('Origin',(0.,0.,6.));
#16387=CARTESIAN_POINT('',(-15.1221315822563,27.6423002192098,6.));
#16388=CARTESIAN_POINT('',(-14.3721315822563,26.3432621135332,6.));
#16389=CARTESIAN_POINT('',(-16.3778684177437,26.9173002192098,6.));
#16390=CARTESIAN_POINT('',(-15.75,27.2798002192098,6.));
#16391=CARTESIAN_POINT('',(-15.1233364595146,24.7443871278381,6.));
#16392=CARTESIAN_POINT('',(-15.6278684177437,25.6182621135332,6.));
#16393=CARTESIAN_POINT('',(-16.4539073591377,23.8803042823352,6.));
#16394=CARTESIAN_POINT('Origin',(0.,0.,6.));
#16395=CARTESIAN_POINT('',(-17.9286981262911,25.9101796307229,6.));
#16396=CARTESIAN_POINT('',(-17.0470202478524,24.6966541391605,6.));
#16397=CARTESIAN_POINT('',(-19.1017727681347,25.0578910148988,6.));
#16398=CARTESIAN_POINT('',(-18.5152354472129,25.4840353228108,6.));
#16399=CARTESIAN_POINT('',(-17.6269820009814,23.0280156665111,6.));
#16400=CARTESIAN_POINT('',(-18.220094889696,23.8443655233364,6.));
#16401=CARTESIAN_POINT('',(-18.85994264202,22.0295838258401,6.));
#16402=CARTESIAN_POINT('Origin',(0.,0.,6.));
#16403=CARTESIAN_POINT('',(-20.5388341018329,23.8941816921481,6.));
#16404=CARTESIAN_POINT('',(-19.5351381922946,22.779464453932,6.));
#16405=CARTESIAN_POINT('',(-21.6163940987751,22.9239423129278,6.));
#16406=CARTESIAN_POINT('',(-21.077614100304,23.4090620025379,6.));
#16407=CARTESIAN_POINT('',(-19.9375026389623,21.0593444466197,6.));
#16408=CARTESIAN_POINT('',(-20.6126981892369,21.8092250747117,6.));
#16409=CARTESIAN_POINT('',(-21.0593444466197,19.9375026389623,6.));
#16410=CARTESIAN_POINT('Origin',(0.,0.,6.));
#16411=CARTESIAN_POINT('',(-22.9239423129277,21.6163940987752,6.));
#16412=CARTESIAN_POINT('',(-21.8092250747116,20.6126981892369,6.));
#16413=CARTESIAN_POINT('',(-23.8941816921481,20.5388341018329,6.));
#16414=CARTESIAN_POINT('',(-23.4090620025379,21.077614100304,6.));
#16415=CARTESIAN_POINT('',(-22.02958382584,18.8599426420201,6.));
#16416=CARTESIAN_POINT('',(-22.779464453932,19.5351381922946,6.));
#16417=CARTESIAN_POINT('',(-23.0280156665111,17.6269820009814,6.));
#16418=CARTESIAN_POINT('Origin',(0.,0.,6.));
#16419=CARTESIAN_POINT('',(-25.0578910148988,19.1017727681347,6.));
#16420=CARTESIAN_POINT('',(-23.8443655233364,18.220094889696,6.));
#16421=CARTESIAN_POINT('',(-25.9101796307229,17.9286981262911,6.));
#16422=CARTESIAN_POINT('',(-25.4840353228108,18.5152354472129,6.));
#16423=CARTESIAN_POINT('',(-23.8803042823352,16.4539073591377,6.));
#16424=CARTESIAN_POINT('',(-24.6966541391605,17.0470202478524,6.));
#16425=CARTESIAN_POINT('',(-24.7443871278381,15.1233364595146,6.));
#16426=CARTESIAN_POINT('Origin',(0.,0.,6.));
#16427=CARTESIAN_POINT('',(-26.9173002192098,16.3778684177437,6.));
#16428=CARTESIAN_POINT('',(-25.6182621135332,15.6278684177437,6.));
#16429=CARTESIAN_POINT('',(-27.6423002192098,15.1221315822563,6.));
#16430=CARTESIAN_POINT('',(-27.2798002192098,15.75,6.));
#16431=CARTESIAN_POINT('',(-25.4693871278381,13.8675996240271,6.));
#16432=CARTESIAN_POINT('',(-26.3432621135332,14.3721315822563,6.));
#16433=CARTESIAN_POINT('',(-26.1896539056965,12.4539964790357,6.));
#16434=CARTESIAN_POINT('Origin',(0.,0.,6.));
#16435=CARTESIAN_POINT('',(-28.481797849512,13.4745247136786,6.));
#16436=CARTESIAN_POINT('',(-27.1114796630481,12.8644197490649,6.));
#16437=CARTESIAN_POINT('',(-29.0715659819719,12.1498838000968,6.));
#16438=CARTESIAN_POINT('',(-28.7766819157419,12.8122042568877,6.));
#16439=CARTESIAN_POINT('',(-26.7794220381565,11.1293555654539,6.));
#16440=CARTESIAN_POINT('',(-27.701247795508,11.5397788354831,6.));
#16441=CARTESIAN_POINT('',(-27.3479813548268,9.64820790696626,6.));
#16442=CARTESIAN_POINT('Origin',(0.,0.,6.));
#16443=CARTESIAN_POINT('',(-29.7342429423755,10.4235512971248,6.));
#16444=CARTESIAN_POINT('',(-28.3076581679328,9.96002580556241,6.));
#16445=CARTESIAN_POINT('',(-30.1823175842192,9.04451934849686,6.));
#16446=CARTESIAN_POINT('',(-29.9582802632973,9.73403532281085,6.));
#16447=CARTESIAN_POINT('',(-27.7960559966705,8.26917595833828,6.));
#16448=CARTESIAN_POINT('',(-28.7557328097764,8.58099385693444,6.));
#16449=CARTESIAN_POINT('',(-28.2066785973005,6.73671155005075,6.));
#16450=CARTESIAN_POINT('Origin',(0.,0.,6.));
#16451=CARTESIAN_POINT('',(-30.660913447272,7.25837527129143,6.));
#16452=CARTESIAN_POINT('',(-29.1936920461713,6.94650773506479,6.));
#16453=CARTESIAN_POINT('',(-30.9623853989578,5.84006125022741,6.));
#16454=CARTESIAN_POINT('',(-30.8116494231149,6.54921826075942,6.));
#16455=CARTESIAN_POINT('',(-28.5081505489863,5.31839752898673,6.));
#16456=CARTESIAN_POINT('',(-29.495163997857,5.52819371400077,6.));
#16457=CARTESIAN_POINT('',(-28.7563375664353,3.75140637164537,6.));
#16458=CARTESIAN_POINT('Origin',(0.,0.,6.));
#16459=CARTESIAN_POINT('',(-31.2516565682316,4.01367496707308,6.));
#16460=CARTESIAN_POINT('',(-29.7598737251792,3.8568822721716,6.));
#16461=CARTESIAN_POINT('',(-31.4032228399697,2.57161821878908,6.));
#16462=CARTESIAN_POINT('',(-31.3274397041006,3.29264659293108,6.));
#16463=CARTESIAN_POINT('',(-28.9079038381734,2.30934962336137,6.));
#16464=CARTESIAN_POINT('',(-29.9114399969173,2.4148255238876,6.));
#16465=CARTESIAN_POINT('',(-28.9909360835417,0.725000000000016,6.));
#16466=CARTESIAN_POINT('Origin',(0.,0.,6.));
#16467=CARTESIAN_POINT('',(-31.5,0.725000000000018,6.));
#16468=CARTESIAN_POINT('',(-30.,0.725000000000017,6.));
#16469=CARTESIAN_POINT('',(-31.5,-0.724999999999982,6.));
#16470=CARTESIAN_POINT('',(-31.5,1.78464475275911E-14,6.));
#16471=CARTESIAN_POINT('',(-28.9909360835417,-0.724999999999984,6.));
#16472=CARTESIAN_POINT('',(-30.,-0.724999999999983,6.));
#16473=CARTESIAN_POINT('',(-28.9079038381734,-2.30934962336137,6.));
#16474=CARTESIAN_POINT('Origin',(0.,0.,6.));
#16475=CARTESIAN_POINT('',(-31.4032228399697,-2.57161821878907,6.));
#16476=CARTESIAN_POINT('',(-29.9114399969173,-2.41482552388759,6.));
#16477=CARTESIAN_POINT('',(-31.2516565682316,-4.01367496707307,6.));
#16478=CARTESIAN_POINT('',(-31.3274397041006,-3.29264659293107,6.));
#16479=CARTESIAN_POINT('',(-28.7563375664353,-3.75140637164536,6.));
#16480=CARTESIAN_POINT('',(-29.7598737251792,-3.85688227217159,6.));
#16481=CARTESIAN_POINT('',(-28.5081505489863,-5.31839752898673,6.));
#16482=CARTESIAN_POINT('Origin',(0.,0.,6.));
#16483=CARTESIAN_POINT('',(-30.9623853989578,-5.8400612502274,6.));
#16484=CARTESIAN_POINT('',(-29.495163997857,-5.52819371400076,6.));
#16485=CARTESIAN_POINT('',(-30.660913447272,-7.25837527129142,6.));
#16486=CARTESIAN_POINT('',(-30.8116494231149,-6.54921826075941,6.));
#16487=CARTESIAN_POINT('',(-28.2066785973005,-6.73671155005075,6.));
#16488=CARTESIAN_POINT('',(-29.1936920461713,-6.94650773506478,6.));
#16489=CARTESIAN_POINT('',(-27.7960559966705,-8.26917595833828,6.));
#16490=CARTESIAN_POINT('Origin',(0.,0.,6.));
#16491=CARTESIAN_POINT('',(-30.1823175842192,-9.04451934849685,6.));
#16492=CARTESIAN_POINT('',(-28.7557328097764,-8.58099385693443,6.));
#16493=CARTESIAN_POINT('',(-29.7342429423755,-10.4235512971248,6.));
#16494=CARTESIAN_POINT('',(-29.9582802632973,-9.73403532281084,6.));
#16495=CARTESIAN_POINT('',(-27.3479813548268,-9.64820790696625,6.));
#16496=CARTESIAN_POINT('',(-28.3076581679328,-9.9600258055624,6.));
#16497=CARTESIAN_POINT('',(-26.7794220381565,-11.129355565454,6.));
#16498=CARTESIAN_POINT('Origin',(0.,0.,6.));
#16499=CARTESIAN_POINT('',(-29.0715659819719,-12.1498838000968,6.));
#16500=CARTESIAN_POINT('',(-27.701247795508,-11.5397788354831,6.));
#16501=CARTESIAN_POINT('',(-28.481797849512,-13.4745247136786,6.));
#16502=CARTESIAN_POINT('',(-28.7766819157419,-12.8122042568877,6.));
#16503=CARTESIAN_POINT('',(-26.1896539056965,-12.4539964790357,6.));
#16504=CARTESIAN_POINT('',(-27.1114796630481,-12.8644197490649,6.));
#16505=CARTESIAN_POINT('',(-25.4693871278381,-13.8675996240271,6.));
#16506=CARTESIAN_POINT('Origin',(0.,0.,6.));
#16507=CARTESIAN_POINT('',(-27.6423002192098,-15.1221315822563,6.));
#16508=CARTESIAN_POINT('',(-26.3432621135332,-14.3721315822563,6.));
#16509=CARTESIAN_POINT('',(-26.9173002192098,-16.3778684177437,6.));
#16510=CARTESIAN_POINT('',(-27.2798002192098,-15.75,6.));
#16511=CARTESIAN_POINT('',(-24.7443871278381,-15.1233364595146,6.));
#16512=CARTESIAN_POINT('',(-25.6182621135332,-15.6278684177437,6.));
#16513=CARTESIAN_POINT('',(-23.8803042823352,-16.4539073591377,6.));
#16514=CARTESIAN_POINT('Origin',(0.,0.,6.));
#16515=CARTESIAN_POINT('',(-25.9101796307229,-17.9286981262911,6.));
#16516=CARTESIAN_POINT('',(-24.6966541391605,-17.0470202478524,6.));
#16517=CARTESIAN_POINT('',(-25.0578910148988,-19.1017727681347,6.));
#16518=CARTESIAN_POINT('',(-25.4840353228108,-18.5152354472129,6.));
#16519=CARTESIAN_POINT('',(-23.0280156665111,-17.6269820009814,6.));
#16520=CARTESIAN_POINT('',(-23.8443655233364,-18.220094889696,6.));
#16521=CARTESIAN_POINT('',(-22.0295838258401,-18.85994264202,6.));
#16522=CARTESIAN_POINT('Origin',(0.,0.,6.));
#16523=CARTESIAN_POINT('',(-23.8941816921481,-20.5388341018329,6.));
#16524=CARTESIAN_POINT('',(-22.779464453932,-19.5351381922946,6.));
#16525=CARTESIAN_POINT('',(-22.9239423129277,-21.6163940987751,6.));
#16526=CARTESIAN_POINT('',(-23.4090620025379,-21.077614100304,6.));
#16527=CARTESIAN_POINT('',(-21.0593444466197,-19.9375026389623,6.));
#16528=CARTESIAN_POINT('',(-21.8092250747117,-20.6126981892369,6.));
#16529=CARTESIAN_POINT('',(-19.9375026389623,-21.0593444466197,6.));
#16530=CARTESIAN_POINT('Origin',(0.,0.,6.));
#16531=CARTESIAN_POINT('',(-21.6163940987752,-22.9239423129277,6.));
#16532=CARTESIAN_POINT('',(-20.6126981892369,-21.8092250747116,6.));
#16533=CARTESIAN_POINT('',(-20.5388341018329,-23.8941816921481,6.));
#16534=CARTESIAN_POINT('',(-21.077614100304,-23.4090620025379,6.));
#16535=CARTESIAN_POINT('',(-18.8599426420201,-22.02958382584,6.));
#16536=CARTESIAN_POINT('',(-19.5351381922946,-22.779464453932,6.));
#16537=CARTESIAN_POINT('',(-17.6269820009814,-23.0280156665111,6.));
#16538=CARTESIAN_POINT('Origin',(0.,0.,6.));
#16539=CARTESIAN_POINT('',(-19.1017727681347,-25.0578910148988,6.));
#16540=CARTESIAN_POINT('',(-18.220094889696,-23.8443655233364,6.));
#16541=CARTESIAN_POINT('',(-17.9286981262911,-25.9101796307229,6.));
#16542=CARTESIAN_POINT('',(-18.5152354472129,-25.4840353228108,6.));
#16543=CARTESIAN_POINT('',(-16.4539073591377,-23.8803042823352,6.));
#16544=CARTESIAN_POINT('',(-17.0470202478524,-24.6966541391605,6.));
#16545=CARTESIAN_POINT('',(-15.1233364595146,-24.744387127838,6.));
#16546=CARTESIAN_POINT('Origin',(0.,0.,6.));
#16547=CARTESIAN_POINT('',(-16.3778684177437,-26.9173002192098,6.));
#16548=CARTESIAN_POINT('',(-15.6278684177437,-25.6182621135332,6.));
#16549=CARTESIAN_POINT('',(-15.1221315822563,-27.6423002192098,6.));
#16550=CARTESIAN_POINT('',(-15.75,-27.2798002192098,6.));
#16551=CARTESIAN_POINT('',(-13.8675996240271,-25.469387127838,6.));
#16552=CARTESIAN_POINT('',(-14.3721315822563,-26.3432621135332,6.));
#16553=CARTESIAN_POINT('',(-12.4539964790357,-26.1896539056965,6.));
#16554=CARTESIAN_POINT('Origin',(0.,0.,6.));
#16555=CARTESIAN_POINT('',(-13.4745247136786,-28.481797849512,6.));
#16556=CARTESIAN_POINT('',(-12.8644197490649,-27.1114796630481,6.));
#16557=CARTESIAN_POINT('',(-12.1498838000968,-29.0715659819719,6.));
#16558=CARTESIAN_POINT('',(-12.8122042568877,-28.7766819157419,6.));
#16559=CARTESIAN_POINT('',(-11.129355565454,-26.7794220381564,6.));
#16560=CARTESIAN_POINT('',(-11.5397788354831,-27.701247795508,6.));
#16561=CARTESIAN_POINT('',(-9.64820790696626,-27.3479813548268,6.));
#16562=CARTESIAN_POINT('Origin',(0.,0.,6.));
#16563=CARTESIAN_POINT('',(-10.4235512971248,-29.7342429423755,6.));
#16564=CARTESIAN_POINT('',(-9.96002580556241,-28.3076581679328,6.));
#16565=CARTESIAN_POINT('',(-9.04451934849686,-30.1823175842192,6.));
#16566=CARTESIAN_POINT('',(-9.73403532281085,-29.9582802632973,6.));
#16567=CARTESIAN_POINT('',(-8.26917595833828,-27.7960559966705,6.));
#16568=CARTESIAN_POINT('',(-8.58099385693444,-28.7557328097764,6.));
#16569=CARTESIAN_POINT('',(-6.73671155005077,-28.2066785973005,6.));
#16570=CARTESIAN_POINT('Origin',(0.,0.,6.));
#16571=CARTESIAN_POINT('',(-7.25837527129144,-30.660913447272,6.));
#16572=CARTESIAN_POINT('',(-6.9465077350648,-29.1936920461713,6.));
#16573=CARTESIAN_POINT('',(-5.84006125022742,-30.9623853989578,6.));
#16574=CARTESIAN_POINT('',(-6.54921826075943,-30.8116494231149,6.));
#16575=CARTESIAN_POINT('',(-5.31839752898675,-28.5081505489863,6.));
#16576=CARTESIAN_POINT('',(-5.52819371400079,-29.495163997857,6.));
#16577=CARTESIAN_POINT('',(-3.7514063716454,-28.7563375664353,6.));
#16578=CARTESIAN_POINT('Origin',(0.,0.,6.));
#16579=CARTESIAN_POINT('',(-4.01367496707311,-31.2516565682316,6.));
#16580=CARTESIAN_POINT('',(-3.85688227217162,-29.7598737251792,6.));
#16581=CARTESIAN_POINT('',(-2.57161821878911,-31.4032228399697,6.));
#16582=CARTESIAN_POINT('',(-3.29264659293111,-31.3274397041006,6.));
#16583=CARTESIAN_POINT('',(-2.3093496233614,-28.9079038381734,6.));
#16584=CARTESIAN_POINT('',(-2.41482552388763,-29.9114399969173,6.));
#16585=CARTESIAN_POINT('',(-0.725000000000005,-28.9909360835417,6.));
#16586=CARTESIAN_POINT('Origin',(0.,0.,6.));
#16587=CARTESIAN_POINT('',(-0.725000000000006,-31.5,6.));
#16588=CARTESIAN_POINT('',(-0.725000000000006,-30.,6.));
#16589=CARTESIAN_POINT('',(0.724999999999994,-31.5,6.));
#16590=CARTESIAN_POINT('',(-5.78645612597124E-15,-31.5,6.));
#16591=CARTESIAN_POINT('',(0.724999999999995,-28.9909360835417,6.));
#16592=CARTESIAN_POINT('',(0.724999999999994,-30.,6.));
#16593=CARTESIAN_POINT('',(2.30934962336136,-28.9079038381734,6.));
#16594=CARTESIAN_POINT('Origin',(0.,0.,6.));
#16595=CARTESIAN_POINT('',(2.57161821878907,-31.4032228399697,6.));
#16596=CARTESIAN_POINT('',(2.41482552388759,-29.9114399969173,6.));
#16597=CARTESIAN_POINT('',(4.01367496707307,-31.2516565682316,6.));
#16598=CARTESIAN_POINT('',(3.29264659293107,-31.3274397041006,6.));
#16599=CARTESIAN_POINT('',(3.75140637164536,-28.7563375664353,6.));
#16600=CARTESIAN_POINT('',(3.85688227217159,-29.7598737251792,6.));
#16601=CARTESIAN_POINT('',(5.31839752898674,-28.5081505489863,6.));
#16602=CARTESIAN_POINT('Origin',(0.,0.,6.));
#16603=CARTESIAN_POINT('',(5.84006125022741,-30.9623853989577,6.));
#16604=CARTESIAN_POINT('',(5.52819371400077,-29.495163997857,6.));
#16605=CARTESIAN_POINT('',(7.25837527129143,-30.660913447272,6.));
#16606=CARTESIAN_POINT('',(6.54921826075942,-30.8116494231149,6.));
#16607=CARTESIAN_POINT('',(6.73671155005076,-28.2066785973005,6.));
#16608=CARTESIAN_POINT('',(6.94650773506479,-29.1936920461713,6.));
#16609=CARTESIAN_POINT('',(8.26917595833827,-27.7960559966705,6.));
#16610=CARTESIAN_POINT('Origin',(0.,0.,6.));
#16611=CARTESIAN_POINT('',(9.04451934849685,-30.1823175842192,6.));
#16612=CARTESIAN_POINT('',(8.58099385693443,-28.7557328097764,6.));
#16613=CARTESIAN_POINT('',(10.4235512971248,-29.7342429423755,6.));
#16614=CARTESIAN_POINT('',(9.73403532281084,-29.9582802632973,6.));
#16615=CARTESIAN_POINT('',(9.64820790696625,-27.3479813548268,6.));
#16616=CARTESIAN_POINT('',(9.9600258055624,-28.3076581679328,6.));
#16617=CARTESIAN_POINT('',(11.1293555654539,-26.7794220381565,6.));
#16618=CARTESIAN_POINT('Origin',(0.,0.,6.));
#16619=CARTESIAN_POINT('',(12.1498838000968,-29.0715659819719,6.));
#16620=CARTESIAN_POINT('',(11.5397788354831,-27.701247795508,6.));
#16621=CARTESIAN_POINT('',(13.4745247136786,-28.481797849512,6.));
#16622=CARTESIAN_POINT('',(12.8122042568877,-28.7766819157419,6.));
#16623=CARTESIAN_POINT('',(12.4539964790357,-26.1896539056965,6.));
#16624=CARTESIAN_POINT('',(12.8644197490649,-27.1114796630481,6.));
#16625=CARTESIAN_POINT('',(13.8675996240271,-25.469387127838,6.));
#16626=CARTESIAN_POINT('Origin',(0.,0.,6.));
#16627=CARTESIAN_POINT('',(15.1221315822563,-27.6423002192098,6.));
#16628=CARTESIAN_POINT('',(14.3721315822563,-26.3432621135332,6.));
#16629=CARTESIAN_POINT('',(16.3778684177437,-26.9173002192098,6.));
#16630=CARTESIAN_POINT('',(15.75,-27.2798002192098,6.));
#16631=CARTESIAN_POINT('',(15.1233364595146,-24.744387127838,6.));
#16632=CARTESIAN_POINT('',(15.6278684177437,-25.6182621135332,6.));
#16633=CARTESIAN_POINT('',(16.4539073591377,-23.8803042823352,6.));
#16634=CARTESIAN_POINT('Origin',(0.,0.,6.));
#16635=CARTESIAN_POINT('',(17.9286981262911,-25.9101796307229,6.));
#16636=CARTESIAN_POINT('',(17.0470202478524,-24.6966541391605,6.));
#16637=CARTESIAN_POINT('',(19.1017727681347,-25.0578910148988,6.));
#16638=CARTESIAN_POINT('',(18.5152354472129,-25.4840353228108,6.));
#16639=CARTESIAN_POINT('',(17.6269820009814,-23.0280156665111,6.));
#16640=CARTESIAN_POINT('',(18.220094889696,-23.8443655233364,6.));
#16641=CARTESIAN_POINT('',(18.8599426420201,-22.02958382584,6.));
#16642=CARTESIAN_POINT('Origin',(0.,0.,6.));
#16643=CARTESIAN_POINT('',(20.5388341018329,-23.8941816921481,6.));
#16644=CARTESIAN_POINT('',(19.5351381922946,-22.779464453932,6.));
#16645=CARTESIAN_POINT('',(21.6163940987752,-22.9239423129277,6.));
#16646=CARTESIAN_POINT('',(21.077614100304,-23.4090620025379,6.));
#16647=CARTESIAN_POINT('',(19.9375026389623,-21.0593444466197,6.));
#16648=CARTESIAN_POINT('',(20.6126981892369,-21.8092250747116,6.));
#16649=CARTESIAN_POINT('',(21.0593444466197,-19.9375026389623,6.));
#16650=CARTESIAN_POINT('Origin',(0.,0.,6.));
#16651=CARTESIAN_POINT('',(22.9239423129277,-21.6163940987751,6.));
#16652=CARTESIAN_POINT('',(21.8092250747117,-20.6126981892369,6.));
#16653=CARTESIAN_POINT('',(23.8941816921481,-20.5388341018329,6.));
#16654=CARTESIAN_POINT('',(23.4090620025379,-21.077614100304,6.));
#16655=CARTESIAN_POINT('',(22.0295838258401,-18.85994264202,6.));
#16656=CARTESIAN_POINT('',(22.779464453932,-19.5351381922946,6.));
#16657=CARTESIAN_POINT('',(23.0280156665111,-17.6269820009814,6.));
#16658=CARTESIAN_POINT('Origin',(0.,0.,6.));
#16659=CARTESIAN_POINT('',(25.0578910148988,-19.1017727681347,6.));
#16660=CARTESIAN_POINT('',(23.8443655233364,-18.220094889696,6.));
#16661=CARTESIAN_POINT('',(25.9101796307229,-17.9286981262911,6.));
#16662=CARTESIAN_POINT('',(25.4840353228108,-18.5152354472129,6.));
#16663=CARTESIAN_POINT('',(23.8803042823351,-16.4539073591377,6.));
#16664=CARTESIAN_POINT('',(24.6966541391605,-17.0470202478524,6.));
#16665=CARTESIAN_POINT('',(24.7443871278381,-15.1233364595146,6.));
#16666=CARTESIAN_POINT('Origin',(0.,0.,6.));
#16667=CARTESIAN_POINT('',(26.9173002192098,-16.3778684177437,6.));
#16668=CARTESIAN_POINT('',(25.6182621135332,-15.6278684177437,6.));
#16669=CARTESIAN_POINT('',(27.6423002192098,-15.1221315822563,6.));
#16670=CARTESIAN_POINT('',(27.2798002192098,-15.75,6.));
#16671=CARTESIAN_POINT('',(25.4693871278381,-13.8675996240271,6.));
#16672=CARTESIAN_POINT('',(26.3432621135332,-14.3721315822563,6.));
#16673=CARTESIAN_POINT('',(26.1896539056965,-12.4539964790357,6.));
#16674=CARTESIAN_POINT('Origin',(0.,0.,6.));
#16675=CARTESIAN_POINT('',(28.481797849512,-13.4745247136786,6.));
#16676=CARTESIAN_POINT('',(27.1114796630481,-12.8644197490649,6.));
#16677=CARTESIAN_POINT('',(29.0715659819719,-12.1498838000968,6.));
#16678=CARTESIAN_POINT('',(28.7766819157419,-12.8122042568877,6.));
#16679=CARTESIAN_POINT('',(26.7794220381565,-11.129355565454,6.));
#16680=CARTESIAN_POINT('',(27.701247795508,-11.5397788354831,6.));
#16681=CARTESIAN_POINT('',(27.3479813548268,-9.64820790696626,6.));
#16682=CARTESIAN_POINT('Origin',(0.,0.,6.));
#16683=CARTESIAN_POINT('',(29.7342429423755,-10.4235512971248,6.));
#16684=CARTESIAN_POINT('',(28.3076581679328,-9.96002580556242,6.));
#16685=CARTESIAN_POINT('',(30.1823175842192,-9.04451934849687,6.));
#16686=CARTESIAN_POINT('',(29.9582802632973,-9.73403532281085,6.));
#16687=CARTESIAN_POINT('',(27.7960559966705,-8.26917595833829,6.));
#16688=CARTESIAN_POINT('',(28.7557328097764,-8.58099385693444,6.));
#16689=CARTESIAN_POINT('',(28.2066785973005,-6.73671155005074,6.));
#16690=CARTESIAN_POINT('Origin',(0.,0.,6.));
#16691=CARTESIAN_POINT('',(30.660913447272,-7.25837527129142,6.));
#16692=CARTESIAN_POINT('',(29.1936920461713,-6.94650773506478,6.));
#16693=CARTESIAN_POINT('',(30.9623853989578,-5.8400612502274,6.));
#16694=CARTESIAN_POINT('',(30.8116494231149,-6.54921826075941,6.));
#16695=CARTESIAN_POINT('',(28.5081505489863,-5.31839752898672,6.));
#16696=CARTESIAN_POINT('',(29.495163997857,-5.52819371400076,6.));
#16697=CARTESIAN_POINT('Origin',(0.,0.,6.));
#16698=CARTESIAN_POINT('Origin',(0.,0.,3.));
#16699=CARTESIAN_POINT('',(28.9909360835417,-0.725,0.));
#16700=CARTESIAN_POINT('Origin',(0.,0.,0.));
#16701=CARTESIAN_POINT('',(28.9909360835417,-0.725,3.));
#16702=CARTESIAN_POINT('Origin',(29.1936920461713,-6.94650773506478,3.));
#16703=CARTESIAN_POINT('',(28.2066785973005,-6.73671155005074,0.));
#16704=CARTESIAN_POINT('',(28.2066785973005,-6.73671155005074,3.));
#16705=CARTESIAN_POINT('',(30.660913447272,-7.25837527129142,0.));
#16706=CARTESIAN_POINT('',(29.1936920461713,-6.94650773506478,0.));
#16707=CARTESIAN_POINT('',(30.660913447272,-7.25837527129142,3.));
#16708=CARTESIAN_POINT('Origin',(29.495163997857,-5.52819371400076,3.));
#16709=CARTESIAN_POINT('',(28.5081505489863,-5.31839752898672,0.));
#16710=CARTESIAN_POINT('',(28.5081505489863,-5.31839752898672,3.));
#16711=CARTESIAN_POINT('',(30.9623853989578,-5.8400612502274,0.));
#16712=CARTESIAN_POINT('',(30.9623853989578,-5.8400612502274,3.));
#16713=CARTESIAN_POINT('',(29.495163997857,-5.52819371400076,0.));
#16714=CARTESIAN_POINT('Origin',(30.8116494231149,-6.54921826075941,3.));
#16715=CARTESIAN_POINT('',(30.8116494231149,-6.54921826075941,0.));
#16716=CARTESIAN_POINT('Origin',(0.,0.,3.));
#16717=CARTESIAN_POINT('Origin',(0.,0.,0.));
#16718=CARTESIAN_POINT('Origin',(28.3076581679328,-9.96002580556242,3.));
#16719=CARTESIAN_POINT('',(27.3479813548268,-9.64820790696626,0.));
#16720=CARTESIAN_POINT('',(27.3479813548268,-9.64820790696626,3.));
#16721=CARTESIAN_POINT('',(29.7342429423755,-10.4235512971248,0.));
#16722=CARTESIAN_POINT('',(28.3076581679328,-9.96002580556242,0.));
#16723=CARTESIAN_POINT('',(29.7342429423755,-10.4235512971248,3.));
#16724=CARTESIAN_POINT('Origin',(28.7557328097764,-8.58099385693444,3.));
#16725=CARTESIAN_POINT('',(27.7960559966705,-8.26917595833829,0.));
#16726=CARTESIAN_POINT('',(27.7960559966705,-8.26917595833829,3.));
#16727=CARTESIAN_POINT('',(30.1823175842192,-9.04451934849687,0.));
#16728=CARTESIAN_POINT('',(30.1823175842192,-9.04451934849687,3.));
#16729=CARTESIAN_POINT('',(28.7557328097764,-8.58099385693444,0.));
#16730=CARTESIAN_POINT('Origin',(29.9582802632973,-9.73403532281085,3.));
#16731=CARTESIAN_POINT('',(29.9582802632973,-9.73403532281085,0.));
#16732=CARTESIAN_POINT('Origin',(0.,0.,3.));
#16733=CARTESIAN_POINT('Origin',(0.,0.,0.));
#16734=CARTESIAN_POINT('Origin',(27.1114796630481,-12.8644197490649,3.));
#16735=CARTESIAN_POINT('',(26.1896539056965,-12.4539964790357,5.55111512312578E-16));
#16736=CARTESIAN_POINT('',(26.1896539056965,-12.4539964790357,3.));
#16737=CARTESIAN_POINT('',(28.481797849512,-13.4745247136786,5.55111512312578E-16));
#16738=CARTESIAN_POINT('',(27.1114796630481,-12.8644197490649,5.55111512312578E-16));
#16739=CARTESIAN_POINT('',(28.481797849512,-13.4745247136786,3.));
#16740=CARTESIAN_POINT('Origin',(27.701247795508,-11.5397788354831,3.));
#16741=CARTESIAN_POINT('',(26.7794220381565,-11.129355565454,5.55111512312578E-16));
#16742=CARTESIAN_POINT('',(26.7794220381565,-11.1293555654539,3.));
#16743=CARTESIAN_POINT('',(29.0715659819719,-12.1498838000968,5.55111512312578E-16));
#16744=CARTESIAN_POINT('',(29.0715659819719,-12.1498838000968,3.));
#16745=CARTESIAN_POINT('',(27.701247795508,-11.5397788354831,5.55111512312578E-16));
#16746=CARTESIAN_POINT('Origin',(28.7766819157419,-12.8122042568877,3.));
#16747=CARTESIAN_POINT('',(28.7766819157419,-12.8122042568877,5.55111512312578E-16));
#16748=CARTESIAN_POINT('Origin',(0.,0.,3.));
#16749=CARTESIAN_POINT('Origin',(0.,0.,0.));
#16750=CARTESIAN_POINT('Origin',(25.6182621135332,-15.6278684177437,3.));
#16751=CARTESIAN_POINT('',(24.7443871278381,-15.1233364595146,0.));
#16752=CARTESIAN_POINT('',(24.7443871278381,-15.1233364595146,3.));
#16753=CARTESIAN_POINT('',(26.9173002192098,-16.3778684177437,0.));
#16754=CARTESIAN_POINT('',(25.6182621135332,-15.6278684177437,0.));
#16755=CARTESIAN_POINT('',(26.9173002192098,-16.3778684177437,3.));
#16756=CARTESIAN_POINT('Origin',(26.3432621135332,-14.3721315822563,3.));
#16757=CARTESIAN_POINT('',(25.4693871278381,-13.8675996240271,0.));
#16758=CARTESIAN_POINT('',(25.4693871278381,-13.8675996240271,3.));
#16759=CARTESIAN_POINT('',(27.6423002192098,-15.1221315822563,0.));
#16760=CARTESIAN_POINT('',(27.6423002192098,-15.1221315822563,3.));
#16761=CARTESIAN_POINT('',(26.3432621135332,-14.3721315822563,0.));
#16762=CARTESIAN_POINT('Origin',(27.2798002192098,-15.75,3.));
#16763=CARTESIAN_POINT('',(27.2798002192098,-15.75,0.));
#16764=CARTESIAN_POINT('Origin',(0.,0.,3.));
#16765=CARTESIAN_POINT('Origin',(0.,0.,0.));
#16766=CARTESIAN_POINT('Origin',(23.8443655233364,-18.220094889696,3.));
#16767=CARTESIAN_POINT('',(23.0280156665111,-17.6269820009814,-5.55111512312578E-16));
#16768=CARTESIAN_POINT('',(23.0280156665111,-17.6269820009814,3.));
#16769=CARTESIAN_POINT('',(25.0578910148988,-19.1017727681347,-5.55111512312578E-16));
#16770=CARTESIAN_POINT('',(23.8443655233364,-18.220094889696,-5.55111512312578E-16));
#16771=CARTESIAN_POINT('',(25.0578910148988,-19.1017727681347,3.));
#16772=CARTESIAN_POINT('Origin',(24.6966541391605,-17.0470202478524,3.));
#16773=CARTESIAN_POINT('',(23.8803042823351,-16.4539073591377,-5.55111512312578E-16));
#16774=CARTESIAN_POINT('',(23.8803042823351,-16.4539073591377,3.));
#16775=CARTESIAN_POINT('',(25.9101796307229,-17.9286981262911,-5.55111512312578E-16));
#16776=CARTESIAN_POINT('',(25.9101796307229,-17.9286981262911,3.));
#16777=CARTESIAN_POINT('',(24.6966541391605,-17.0470202478524,-5.55111512312578E-16));
#16778=CARTESIAN_POINT('Origin',(25.4840353228108,-18.5152354472129,3.));
#16779=CARTESIAN_POINT('',(25.4840353228108,-18.5152354472129,-5.55111512312578E-16));
#16780=CARTESIAN_POINT('Origin',(0.,0.,3.));
#16781=CARTESIAN_POINT('Origin',(0.,0.,0.));
#16782=CARTESIAN_POINT('Origin',(21.8092250747117,-20.6126981892369,3.));
#16783=CARTESIAN_POINT('',(21.0593444466197,-19.9375026389623,0.));
#16784=CARTESIAN_POINT('',(21.0593444466197,-19.9375026389623,3.));
#16785=CARTESIAN_POINT('',(22.9239423129277,-21.6163940987751,0.));
#16786=CARTESIAN_POINT('',(21.8092250747117,-20.6126981892369,0.));
#16787=CARTESIAN_POINT('',(22.9239423129277,-21.6163940987751,3.));
#16788=CARTESIAN_POINT('Origin',(22.779464453932,-19.5351381922946,3.));
#16789=CARTESIAN_POINT('',(22.0295838258401,-18.85994264202,0.));
#16790=CARTESIAN_POINT('',(22.0295838258401,-18.85994264202,3.));
#16791=CARTESIAN_POINT('',(23.8941816921481,-20.5388341018329,0.));
#16792=CARTESIAN_POINT('',(23.8941816921481,-20.5388341018329,3.));
#16793=CARTESIAN_POINT('',(22.779464453932,-19.5351381922946,0.));
#16794=CARTESIAN_POINT('Origin',(23.4090620025379,-21.077614100304,3.));
#16795=CARTESIAN_POINT('',(23.4090620025379,-21.077614100304,0.));
#16796=CARTESIAN_POINT('Origin',(0.,0.,3.));
#16797=CARTESIAN_POINT('Origin',(0.,0.,0.));
#16798=CARTESIAN_POINT('Origin',(19.5351381922946,-22.779464453932,3.));
#16799=CARTESIAN_POINT('',(18.8599426420201,-22.02958382584,0.));
#16800=CARTESIAN_POINT('',(18.8599426420201,-22.02958382584,3.));
#16801=CARTESIAN_POINT('',(20.5388341018329,-23.8941816921481,0.));
#16802=CARTESIAN_POINT('',(19.5351381922946,-22.779464453932,0.));
#16803=CARTESIAN_POINT('',(20.5388341018329,-23.8941816921481,3.));
#16804=CARTESIAN_POINT('Origin',(20.6126981892369,-21.8092250747116,3.));
#16805=CARTESIAN_POINT('',(19.9375026389623,-21.0593444466197,0.));
#16806=CARTESIAN_POINT('',(19.9375026389623,-21.0593444466197,3.));
#16807=CARTESIAN_POINT('',(21.6163940987752,-22.9239423129277,0.));
#16808=CARTESIAN_POINT('',(21.6163940987752,-22.9239423129277,3.));
#16809=CARTESIAN_POINT('',(20.6126981892369,-21.8092250747116,0.));
#16810=CARTESIAN_POINT('Origin',(21.077614100304,-23.4090620025379,3.));
#16811=CARTESIAN_POINT('',(21.077614100304,-23.4090620025379,0.));
#16812=CARTESIAN_POINT('Origin',(0.,0.,3.));
#16813=CARTESIAN_POINT('Origin',(0.,0.,0.));
#16814=CARTESIAN_POINT('Origin',(17.0470202478524,-24.6966541391605,3.));
#16815=CARTESIAN_POINT('',(16.4539073591377,-23.8803042823352,0.));
#16816=CARTESIAN_POINT('',(16.4539073591377,-23.8803042823352,3.));
#16817=CARTESIAN_POINT('',(17.9286981262911,-25.9101796307229,0.));
#16818=CARTESIAN_POINT('',(17.0470202478524,-24.6966541391605,0.));
#16819=CARTESIAN_POINT('',(17.9286981262911,-25.9101796307229,3.));
#16820=CARTESIAN_POINT('Origin',(18.220094889696,-23.8443655233364,3.));
#16821=CARTESIAN_POINT('',(17.6269820009814,-23.0280156665111,0.));
#16822=CARTESIAN_POINT('',(17.6269820009814,-23.0280156665111,3.));
#16823=CARTESIAN_POINT('',(19.1017727681347,-25.0578910148988,0.));
#16824=CARTESIAN_POINT('',(19.1017727681347,-25.0578910148988,3.));
#16825=CARTESIAN_POINT('',(18.220094889696,-23.8443655233364,0.));
#16826=CARTESIAN_POINT('Origin',(18.5152354472129,-25.4840353228108,3.));
#16827=CARTESIAN_POINT('',(18.5152354472129,-25.4840353228108,0.));
#16828=CARTESIAN_POINT('Origin',(0.,0.,3.));
#16829=CARTESIAN_POINT('Origin',(0.,0.,0.));
#16830=CARTESIAN_POINT('Origin',(14.3721315822563,-26.3432621135332,3.));
#16831=CARTESIAN_POINT('',(13.8675996240271,-25.469387127838,0.));
#16832=CARTESIAN_POINT('',(13.8675996240271,-25.469387127838,3.));
#16833=CARTESIAN_POINT('',(15.1221315822563,-27.6423002192098,0.));
#16834=CARTESIAN_POINT('',(14.3721315822563,-26.3432621135332,0.));
#16835=CARTESIAN_POINT('',(15.1221315822563,-27.6423002192098,3.));
#16836=CARTESIAN_POINT('Origin',(15.6278684177437,-25.6182621135332,3.));
#16837=CARTESIAN_POINT('',(15.1233364595146,-24.744387127838,0.));
#16838=CARTESIAN_POINT('',(15.1233364595146,-24.744387127838,3.));
#16839=CARTESIAN_POINT('',(16.3778684177437,-26.9173002192098,0.));
#16840=CARTESIAN_POINT('',(16.3778684177437,-26.9173002192098,3.));
#16841=CARTESIAN_POINT('',(15.6278684177437,-25.6182621135332,0.));
#16842=CARTESIAN_POINT('Origin',(15.75,-27.2798002192098,3.));
#16843=CARTESIAN_POINT('',(15.75,-27.2798002192098,0.));
#16844=CARTESIAN_POINT('Origin',(0.,0.,3.));
#16845=CARTESIAN_POINT('Origin',(0.,0.,0.));
#16846=CARTESIAN_POINT('Origin',(11.5397788354831,-27.701247795508,3.));
#16847=CARTESIAN_POINT('',(11.1293555654539,-26.7794220381565,0.));
#16848=CARTESIAN_POINT('',(11.1293555654539,-26.7794220381565,3.));
#16849=CARTESIAN_POINT('',(12.1498838000968,-29.0715659819719,0.));
#16850=CARTESIAN_POINT('',(11.5397788354831,-27.701247795508,0.));
#16851=CARTESIAN_POINT('',(12.1498838000968,-29.0715659819719,3.));
#16852=CARTESIAN_POINT('Origin',(12.8644197490649,-27.1114796630481,3.));
#16853=CARTESIAN_POINT('',(12.4539964790357,-26.1896539056965,0.));
#16854=CARTESIAN_POINT('',(12.4539964790357,-26.1896539056965,3.));
#16855=CARTESIAN_POINT('',(13.4745247136786,-28.481797849512,0.));
#16856=CARTESIAN_POINT('',(13.4745247136786,-28.481797849512,3.));
#16857=CARTESIAN_POINT('',(12.8644197490649,-27.1114796630481,0.));
#16858=CARTESIAN_POINT('Origin',(12.8122042568877,-28.7766819157419,3.));
#16859=CARTESIAN_POINT('',(12.8122042568877,-28.7766819157419,0.));
#16860=CARTESIAN_POINT('Origin',(0.,0.,3.));
#16861=CARTESIAN_POINT('Origin',(0.,0.,0.));
#16862=CARTESIAN_POINT('Origin',(8.58099385693443,-28.7557328097764,3.));
#16863=CARTESIAN_POINT('',(8.26917595833827,-27.7960559966705,0.));
#16864=CARTESIAN_POINT('',(8.26917595833827,-27.7960559966705,3.));
#16865=CARTESIAN_POINT('',(9.04451934849685,-30.1823175842192,0.));
#16866=CARTESIAN_POINT('',(8.58099385693443,-28.7557328097764,0.));
#16867=CARTESIAN_POINT('',(9.04451934849685,-30.1823175842192,3.));
#16868=CARTESIAN_POINT('Origin',(9.9600258055624,-28.3076581679328,3.));
#16869=CARTESIAN_POINT('',(9.64820790696625,-27.3479813548268,0.));
#16870=CARTESIAN_POINT('',(9.64820790696625,-27.3479813548268,3.));
#16871=CARTESIAN_POINT('',(10.4235512971248,-29.7342429423755,0.));
#16872=CARTESIAN_POINT('',(10.4235512971248,-29.7342429423755,3.));
#16873=CARTESIAN_POINT('',(9.9600258055624,-28.3076581679328,0.));
#16874=CARTESIAN_POINT('Origin',(9.73403532281084,-29.9582802632973,3.));
#16875=CARTESIAN_POINT('',(9.73403532281084,-29.9582802632973,0.));
#16876=CARTESIAN_POINT('Origin',(0.,0.,3.));
#16877=CARTESIAN_POINT('Origin',(0.,0.,0.));
#16878=CARTESIAN_POINT('Origin',(5.52819371400077,-29.495163997857,3.));
#16879=CARTESIAN_POINT('',(5.31839752898674,-28.5081505489863,0.));
#16880=CARTESIAN_POINT('',(5.31839752898674,-28.5081505489863,3.));
#16881=CARTESIAN_POINT('',(5.84006125022741,-30.9623853989577,0.));
#16882=CARTESIAN_POINT('',(5.52819371400077,-29.495163997857,0.));
#16883=CARTESIAN_POINT('',(5.84006125022741,-30.9623853989577,3.));
#16884=CARTESIAN_POINT('Origin',(6.94650773506479,-29.1936920461713,3.));
#16885=CARTESIAN_POINT('',(6.73671155005076,-28.2066785973005,0.));
#16886=CARTESIAN_POINT('',(6.73671155005076,-28.2066785973005,3.));
#16887=CARTESIAN_POINT('',(7.25837527129143,-30.660913447272,0.));
#16888=CARTESIAN_POINT('',(7.25837527129143,-30.660913447272,3.));
#16889=CARTESIAN_POINT('',(6.94650773506479,-29.1936920461713,0.));
#16890=CARTESIAN_POINT('Origin',(6.54921826075942,-30.8116494231149,3.));
#16891=CARTESIAN_POINT('',(6.54921826075942,-30.8116494231149,0.));
#16892=CARTESIAN_POINT('Origin',(0.,0.,3.));
#16893=CARTESIAN_POINT('Origin',(0.,0.,0.));
#16894=CARTESIAN_POINT('Origin',(2.41482552388759,-29.9114399969173,3.));
#16895=CARTESIAN_POINT('',(2.30934962336136,-28.9079038381734,0.));
#16896=CARTESIAN_POINT('',(2.30934962336136,-28.9079038381734,3.));
#16897=CARTESIAN_POINT('',(2.57161821878907,-31.4032228399697,0.));
#16898=CARTESIAN_POINT('',(2.41482552388759,-29.9114399969173,0.));
#16899=CARTESIAN_POINT('',(2.57161821878907,-31.4032228399697,3.));
#16900=CARTESIAN_POINT('Origin',(3.85688227217159,-29.7598737251792,3.));
#16901=CARTESIAN_POINT('',(3.75140637164536,-28.7563375664353,0.));
#16902=CARTESIAN_POINT('',(3.75140637164536,-28.7563375664353,3.));
#16903=CARTESIAN_POINT('',(4.01367496707307,-31.2516565682316,0.));
#16904=CARTESIAN_POINT('',(4.01367496707307,-31.2516565682316,3.));
#16905=CARTESIAN_POINT('',(3.85688227217159,-29.7598737251792,0.));
#16906=CARTESIAN_POINT('Origin',(3.29264659293107,-31.3274397041006,3.));
#16907=CARTESIAN_POINT('',(3.29264659293107,-31.3274397041006,0.));
#16908=CARTESIAN_POINT('Origin',(0.,0.,3.));
#16909=CARTESIAN_POINT('Origin',(0.,0.,0.));
#16910=CARTESIAN_POINT('Origin',(-0.725000000000006,-30.,3.));
#16911=CARTESIAN_POINT('',(-0.725000000000005,-28.9909360835417,0.));
#16912=CARTESIAN_POINT('',(-0.725000000000005,-28.9909360835417,3.));
#16913=CARTESIAN_POINT('',(-0.725000000000006,-31.5,0.));
#16914=CARTESIAN_POINT('',(-0.725000000000006,-30.,0.));
#16915=CARTESIAN_POINT('',(-0.725000000000006,-31.5,3.));
#16916=CARTESIAN_POINT('Origin',(0.724999999999994,-30.,3.));
#16917=CARTESIAN_POINT('',(0.724999999999995,-28.9909360835417,0.));
#16918=CARTESIAN_POINT('',(0.724999999999995,-28.9909360835417,3.));
#16919=CARTESIAN_POINT('',(0.724999999999994,-31.5,0.));
#16920=CARTESIAN_POINT('',(0.724999999999994,-31.5,3.));
#16921=CARTESIAN_POINT('',(0.724999999999994,-30.,0.));
#16922=CARTESIAN_POINT('Origin',(-5.78645612597124E-15,-31.5,3.));
#16923=CARTESIAN_POINT('',(-5.78645612597124E-15,-31.5,0.));
#16924=CARTESIAN_POINT('Origin',(0.,0.,3.));
#16925=CARTESIAN_POINT('Origin',(0.,0.,0.));
#16926=CARTESIAN_POINT('Origin',(-3.85688227217162,-29.7598737251792,3.));
#16927=CARTESIAN_POINT('',(-3.7514063716454,-28.7563375664353,0.));
#16928=CARTESIAN_POINT('',(-3.7514063716454,-28.7563375664353,3.));
#16929=CARTESIAN_POINT('',(-4.01367496707311,-31.2516565682316,0.));
#16930=CARTESIAN_POINT('',(-3.85688227217162,-29.7598737251792,0.));
#16931=CARTESIAN_POINT('',(-4.01367496707311,-31.2516565682316,3.));
#16932=CARTESIAN_POINT('Origin',(-2.41482552388763,-29.9114399969173,3.));
#16933=CARTESIAN_POINT('',(-2.3093496233614,-28.9079038381734,0.));
#16934=CARTESIAN_POINT('',(-2.3093496233614,-28.9079038381734,3.));
#16935=CARTESIAN_POINT('',(-2.57161821878911,-31.4032228399697,0.));
#16936=CARTESIAN_POINT('',(-2.57161821878911,-31.4032228399697,3.));
#16937=CARTESIAN_POINT('',(-2.41482552388763,-29.9114399969173,0.));
#16938=CARTESIAN_POINT('Origin',(-3.29264659293111,-31.3274397041006,3.));
#16939=CARTESIAN_POINT('',(-3.29264659293111,-31.3274397041006,0.));
#16940=CARTESIAN_POINT('Origin',(0.,0.,3.));
#16941=CARTESIAN_POINT('Origin',(0.,0.,0.));
#16942=CARTESIAN_POINT('Origin',(-6.9465077350648,-29.1936920461713,3.));
#16943=CARTESIAN_POINT('',(-6.73671155005077,-28.2066785973005,-5.55111512312578E-16));
#16944=CARTESIAN_POINT('',(-6.73671155005077,-28.2066785973005,3.));
#16945=CARTESIAN_POINT('',(-7.25837527129144,-30.660913447272,-5.55111512312578E-16));
#16946=CARTESIAN_POINT('',(-6.9465077350648,-29.1936920461713,-5.55111512312578E-16));
#16947=CARTESIAN_POINT('',(-7.25837527129144,-30.660913447272,3.));
#16948=CARTESIAN_POINT('Origin',(-5.52819371400079,-29.495163997857,3.));
#16949=CARTESIAN_POINT('',(-5.31839752898675,-28.5081505489863,-5.55111512312578E-16));
#16950=CARTESIAN_POINT('',(-5.31839752898675,-28.5081505489863,3.));
#16951=CARTESIAN_POINT('',(-5.84006125022742,-30.9623853989578,-5.55111512312578E-16));
#16952=CARTESIAN_POINT('',(-5.84006125022742,-30.9623853989578,3.));
#16953=CARTESIAN_POINT('',(-5.52819371400079,-29.495163997857,-5.55111512312578E-16));
#16954=CARTESIAN_POINT('Origin',(-6.54921826075943,-30.8116494231149,3.));
#16955=CARTESIAN_POINT('',(-6.54921826075943,-30.8116494231149,-5.55111512312578E-16));
#16956=CARTESIAN_POINT('Origin',(0.,0.,3.));
#16957=CARTESIAN_POINT('Origin',(0.,0.,0.));
#16958=CARTESIAN_POINT('Origin',(-9.96002580556241,-28.3076581679328,3.));
#16959=CARTESIAN_POINT('',(-9.64820790696626,-27.3479813548268,0.));
#16960=CARTESIAN_POINT('',(-9.64820790696626,-27.3479813548268,3.));
#16961=CARTESIAN_POINT('',(-10.4235512971248,-29.7342429423755,0.));
#16962=CARTESIAN_POINT('',(-9.96002580556241,-28.3076581679328,0.));
#16963=CARTESIAN_POINT('',(-10.4235512971248,-29.7342429423755,3.));
#16964=CARTESIAN_POINT('Origin',(-8.58099385693444,-28.7557328097764,3.));
#16965=CARTESIAN_POINT('',(-8.26917595833828,-27.7960559966705,0.));
#16966=CARTESIAN_POINT('',(-8.26917595833828,-27.7960559966705,3.));
#16967=CARTESIAN_POINT('',(-9.04451934849686,-30.1823175842192,0.));
#16968=CARTESIAN_POINT('',(-9.04451934849686,-30.1823175842192,3.));
#16969=CARTESIAN_POINT('',(-8.58099385693444,-28.7557328097764,0.));
#16970=CARTESIAN_POINT('Origin',(-9.73403532281085,-29.9582802632973,3.));
#16971=CARTESIAN_POINT('',(-9.73403532281085,-29.9582802632973,0.));
#16972=CARTESIAN_POINT('Origin',(0.,0.,3.));
#16973=CARTESIAN_POINT('Origin',(0.,0.,0.));
#16974=CARTESIAN_POINT('Origin',(-12.8644197490649,-27.1114796630481,3.));
#16975=CARTESIAN_POINT('',(-12.4539964790357,-26.1896539056965,0.));
#16976=CARTESIAN_POINT('',(-12.4539964790357,-26.1896539056965,3.));
#16977=CARTESIAN_POINT('',(-13.4745247136786,-28.481797849512,0.));
#16978=CARTESIAN_POINT('',(-12.8644197490649,-27.1114796630481,0.));
#16979=CARTESIAN_POINT('',(-13.4745247136786,-28.481797849512,3.));
#16980=CARTESIAN_POINT('Origin',(-11.5397788354831,-27.701247795508,3.));
#16981=CARTESIAN_POINT('',(-11.129355565454,-26.7794220381564,0.));
#16982=CARTESIAN_POINT('',(-11.129355565454,-26.7794220381564,3.));
#16983=CARTESIAN_POINT('',(-12.1498838000968,-29.0715659819719,0.));
#16984=CARTESIAN_POINT('',(-12.1498838000968,-29.0715659819719,3.));
#16985=CARTESIAN_POINT('',(-11.5397788354831,-27.701247795508,0.));
#16986=CARTESIAN_POINT('Origin',(-12.8122042568877,-28.7766819157419,3.));
#16987=CARTESIAN_POINT('',(-12.8122042568877,-28.7766819157419,0.));
#16988=CARTESIAN_POINT('Origin',(0.,0.,3.));
#16989=CARTESIAN_POINT('Origin',(0.,0.,0.));
#16990=CARTESIAN_POINT('Origin',(-15.6278684177437,-25.6182621135332,3.));
#16991=CARTESIAN_POINT('',(-15.1233364595146,-24.744387127838,0.));
#16992=CARTESIAN_POINT('',(-15.1233364595146,-24.744387127838,3.));
#16993=CARTESIAN_POINT('',(-16.3778684177437,-26.9173002192098,0.));
#16994=CARTESIAN_POINT('',(-15.6278684177437,-25.6182621135332,0.));
#16995=CARTESIAN_POINT('',(-16.3778684177437,-26.9173002192098,3.));
#16996=CARTESIAN_POINT('Origin',(-14.3721315822563,-26.3432621135332,3.));
#16997=CARTESIAN_POINT('',(-13.8675996240271,-25.469387127838,0.));
#16998=CARTESIAN_POINT('',(-13.8675996240271,-25.469387127838,3.));
#16999=CARTESIAN_POINT('',(-15.1221315822563,-27.6423002192098,0.));
#17000=CARTESIAN_POINT('',(-15.1221315822563,-27.6423002192098,3.));
#17001=CARTESIAN_POINT('',(-14.3721315822563,-26.3432621135332,0.));
#17002=CARTESIAN_POINT('Origin',(-15.75,-27.2798002192098,3.));
#17003=CARTESIAN_POINT('',(-15.75,-27.2798002192098,0.));
#17004=CARTESIAN_POINT('Origin',(0.,0.,3.));
#17005=CARTESIAN_POINT('Origin',(0.,0.,0.));
#17006=CARTESIAN_POINT('Origin',(-18.220094889696,-23.8443655233364,3.));
#17007=CARTESIAN_POINT('',(-17.6269820009814,-23.0280156665111,0.));
#17008=CARTESIAN_POINT('',(-17.6269820009814,-23.0280156665111,3.));
#17009=CARTESIAN_POINT('',(-19.1017727681347,-25.0578910148988,0.));
#17010=CARTESIAN_POINT('',(-18.220094889696,-23.8443655233364,0.));
#17011=CARTESIAN_POINT('',(-19.1017727681347,-25.0578910148988,3.));
#17012=CARTESIAN_POINT('Origin',(-17.0470202478524,-24.6966541391605,3.));
#17013=CARTESIAN_POINT('',(-16.4539073591377,-23.8803042823352,0.));
#17014=CARTESIAN_POINT('',(-16.4539073591377,-23.8803042823352,3.));
#17015=CARTESIAN_POINT('',(-17.9286981262911,-25.9101796307229,0.));
#17016=CARTESIAN_POINT('',(-17.9286981262911,-25.9101796307229,3.));
#17017=CARTESIAN_POINT('',(-17.0470202478524,-24.6966541391605,0.));
#17018=CARTESIAN_POINT('Origin',(-18.5152354472129,-25.4840353228108,3.));
#17019=CARTESIAN_POINT('',(-18.5152354472129,-25.4840353228108,0.));
#17020=CARTESIAN_POINT('Origin',(0.,0.,3.));
#17021=CARTESIAN_POINT('Origin',(0.,0.,0.));
#17022=CARTESIAN_POINT('Origin',(-20.6126981892369,-21.8092250747116,3.));
#17023=CARTESIAN_POINT('',(-19.9375026389623,-21.0593444466197,0.));
#17024=CARTESIAN_POINT('',(-19.9375026389623,-21.0593444466197,3.));
#17025=CARTESIAN_POINT('',(-21.6163940987752,-22.9239423129277,0.));
#17026=CARTESIAN_POINT('',(-20.6126981892369,-21.8092250747116,0.));
#17027=CARTESIAN_POINT('',(-21.6163940987752,-22.9239423129277,3.));
#17028=CARTESIAN_POINT('Origin',(-19.5351381922946,-22.779464453932,3.));
#17029=CARTESIAN_POINT('',(-18.8599426420201,-22.02958382584,0.));
#17030=CARTESIAN_POINT('',(-18.8599426420201,-22.02958382584,3.));
#17031=CARTESIAN_POINT('',(-20.5388341018329,-23.8941816921481,0.));
#17032=CARTESIAN_POINT('',(-20.5388341018329,-23.8941816921481,3.));
#17033=CARTESIAN_POINT('',(-19.5351381922946,-22.779464453932,0.));
#17034=CARTESIAN_POINT('Origin',(-21.077614100304,-23.4090620025379,3.));
#17035=CARTESIAN_POINT('',(-21.077614100304,-23.4090620025379,0.));
#17036=CARTESIAN_POINT('Origin',(0.,0.,3.));
#17037=CARTESIAN_POINT('Origin',(0.,0.,0.));
#17038=CARTESIAN_POINT('Origin',(-22.779464453932,-19.5351381922946,3.));
#17039=CARTESIAN_POINT('',(-22.0295838258401,-18.85994264202,0.));
#17040=CARTESIAN_POINT('',(-22.0295838258401,-18.85994264202,3.));
#17041=CARTESIAN_POINT('',(-23.8941816921481,-20.5388341018329,0.));
#17042=CARTESIAN_POINT('',(-22.779464453932,-19.5351381922946,0.));
#17043=CARTESIAN_POINT('',(-23.8941816921481,-20.5388341018329,3.));
#17044=CARTESIAN_POINT('Origin',(-21.8092250747117,-20.6126981892369,3.));
#17045=CARTESIAN_POINT('',(-21.0593444466197,-19.9375026389623,0.));
#17046=CARTESIAN_POINT('',(-21.0593444466197,-19.9375026389623,3.));
#17047=CARTESIAN_POINT('',(-22.9239423129277,-21.6163940987751,0.));
#17048=CARTESIAN_POINT('',(-22.9239423129277,-21.6163940987751,3.));
#17049=CARTESIAN_POINT('',(-21.8092250747117,-20.6126981892369,0.));
#17050=CARTESIAN_POINT('Origin',(-23.4090620025379,-21.077614100304,3.));
#17051=CARTESIAN_POINT('',(-23.4090620025379,-21.077614100304,0.));
#17052=CARTESIAN_POINT('Origin',(0.,0.,3.));
#17053=CARTESIAN_POINT('Origin',(0.,0.,0.));
#17054=CARTESIAN_POINT('Origin',(-24.6966541391605,-17.0470202478524,3.));
#17055=CARTESIAN_POINT('',(-23.8803042823352,-16.4539073591377,0.));
#17056=CARTESIAN_POINT('',(-23.8803042823352,-16.4539073591377,3.));
#17057=CARTESIAN_POINT('',(-25.9101796307229,-17.9286981262911,0.));
#17058=CARTESIAN_POINT('',(-24.6966541391605,-17.0470202478524,0.));
#17059=CARTESIAN_POINT('',(-25.9101796307229,-17.9286981262911,3.));
#17060=CARTESIAN_POINT('Origin',(-23.8443655233364,-18.220094889696,3.));
#17061=CARTESIAN_POINT('',(-23.0280156665111,-17.6269820009814,0.));
#17062=CARTESIAN_POINT('',(-23.0280156665111,-17.6269820009814,3.));
#17063=CARTESIAN_POINT('',(-25.0578910148988,-19.1017727681347,0.));
#17064=CARTESIAN_POINT('',(-25.0578910148988,-19.1017727681347,3.));
#17065=CARTESIAN_POINT('',(-23.8443655233364,-18.220094889696,0.));
#17066=CARTESIAN_POINT('Origin',(-25.4840353228108,-18.5152354472129,3.));
#17067=CARTESIAN_POINT('',(-25.4840353228108,-18.5152354472129,0.));
#17068=CARTESIAN_POINT('Origin',(0.,0.,3.));
#17069=CARTESIAN_POINT('Origin',(0.,0.,0.));
#17070=CARTESIAN_POINT('Origin',(-26.3432621135332,-14.3721315822563,3.));
#17071=CARTESIAN_POINT('',(-25.4693871278381,-13.8675996240271,0.));
#17072=CARTESIAN_POINT('',(-25.4693871278381,-13.8675996240271,3.));
#17073=CARTESIAN_POINT('',(-27.6423002192098,-15.1221315822563,0.));
#17074=CARTESIAN_POINT('',(-26.3432621135332,-14.3721315822563,0.));
#17075=CARTESIAN_POINT('',(-27.6423002192098,-15.1221315822563,3.));
#17076=CARTESIAN_POINT('Origin',(-25.6182621135332,-15.6278684177437,3.));
#17077=CARTESIAN_POINT('',(-24.7443871278381,-15.1233364595146,0.));
#17078=CARTESIAN_POINT('',(-24.7443871278381,-15.1233364595146,3.));
#17079=CARTESIAN_POINT('',(-26.9173002192098,-16.3778684177437,0.));
#17080=CARTESIAN_POINT('',(-26.9173002192098,-16.3778684177437,3.));
#17081=CARTESIAN_POINT('',(-25.6182621135332,-15.6278684177437,0.));
#17082=CARTESIAN_POINT('Origin',(-27.2798002192098,-15.75,3.));
#17083=CARTESIAN_POINT('',(-27.2798002192098,-15.75,0.));
#17084=CARTESIAN_POINT('Origin',(0.,0.,3.));
#17085=CARTESIAN_POINT('Origin',(0.,0.,0.));
#17086=CARTESIAN_POINT('Origin',(-27.701247795508,-11.5397788354831,3.));
#17087=CARTESIAN_POINT('',(-26.7794220381565,-11.129355565454,0.));
#17088=CARTESIAN_POINT('',(-26.7794220381565,-11.129355565454,3.));
#17089=CARTESIAN_POINT('',(-29.0715659819719,-12.1498838000968,0.));
#17090=CARTESIAN_POINT('',(-27.701247795508,-11.5397788354831,0.));
#17091=CARTESIAN_POINT('',(-29.0715659819719,-12.1498838000968,3.));
#17092=CARTESIAN_POINT('Origin',(-27.1114796630481,-12.8644197490649,3.));
#17093=CARTESIAN_POINT('',(-26.1896539056965,-12.4539964790357,0.));
#17094=CARTESIAN_POINT('',(-26.1896539056965,-12.4539964790357,3.));
#17095=CARTESIAN_POINT('',(-28.481797849512,-13.4745247136786,0.));
#17096=CARTESIAN_POINT('',(-28.481797849512,-13.4745247136786,3.));
#17097=CARTESIAN_POINT('',(-27.1114796630481,-12.8644197490649,0.));
#17098=CARTESIAN_POINT('Origin',(-28.7766819157419,-12.8122042568877,3.));
#17099=CARTESIAN_POINT('',(-28.7766819157419,-12.8122042568877,0.));
#17100=CARTESIAN_POINT('Origin',(0.,0.,3.));
#17101=CARTESIAN_POINT('Origin',(0.,0.,0.));
#17102=CARTESIAN_POINT('Origin',(-28.7557328097764,-8.58099385693443,3.));
#17103=CARTESIAN_POINT('',(-27.7960559966705,-8.26917595833828,0.));
#17104=CARTESIAN_POINT('',(-27.7960559966705,-8.26917595833828,3.));
#17105=CARTESIAN_POINT('',(-30.1823175842192,-9.04451934849685,0.));
#17106=CARTESIAN_POINT('',(-28.7557328097764,-8.58099385693443,0.));
#17107=CARTESIAN_POINT('',(-30.1823175842192,-9.04451934849685,3.));
#17108=CARTESIAN_POINT('Origin',(-28.3076581679328,-9.9600258055624,3.));
#17109=CARTESIAN_POINT('',(-27.3479813548268,-9.64820790696625,0.));
#17110=CARTESIAN_POINT('',(-27.3479813548268,-9.64820790696625,3.));
#17111=CARTESIAN_POINT('',(-29.7342429423755,-10.4235512971248,0.));
#17112=CARTESIAN_POINT('',(-29.7342429423755,-10.4235512971248,3.));
#17113=CARTESIAN_POINT('',(-28.3076581679328,-9.9600258055624,0.));
#17114=CARTESIAN_POINT('Origin',(-29.9582802632973,-9.73403532281084,3.));
#17115=CARTESIAN_POINT('',(-29.9582802632973,-9.73403532281084,0.));
#17116=CARTESIAN_POINT('Origin',(0.,0.,3.));
#17117=CARTESIAN_POINT('Origin',(0.,0.,0.));
#17118=CARTESIAN_POINT('Origin',(-29.495163997857,-5.52819371400076,3.));
#17119=CARTESIAN_POINT('',(-28.5081505489863,-5.31839752898673,0.));
#17120=CARTESIAN_POINT('',(-28.5081505489863,-5.31839752898673,3.));
#17121=CARTESIAN_POINT('',(-30.9623853989578,-5.8400612502274,0.));
#17122=CARTESIAN_POINT('',(-29.495163997857,-5.52819371400076,0.));
#17123=CARTESIAN_POINT('',(-30.9623853989578,-5.8400612502274,3.));
#17124=CARTESIAN_POINT('Origin',(-29.1936920461713,-6.94650773506478,3.));
#17125=CARTESIAN_POINT('',(-28.2066785973005,-6.73671155005075,0.));
#17126=CARTESIAN_POINT('',(-28.2066785973005,-6.73671155005075,3.));
#17127=CARTESIAN_POINT('',(-30.660913447272,-7.25837527129142,0.));
#17128=CARTESIAN_POINT('',(-30.660913447272,-7.25837527129142,3.));
#17129=CARTESIAN_POINT('',(-29.1936920461713,-6.94650773506478,0.));
#17130=CARTESIAN_POINT('Origin',(-30.8116494231149,-6.54921826075941,3.));
#17131=CARTESIAN_POINT('',(-30.8116494231149,-6.54921826075941,0.));
#17132=CARTESIAN_POINT('Origin',(0.,0.,3.));
#17133=CARTESIAN_POINT('Origin',(0.,0.,0.));
#17134=CARTESIAN_POINT('Origin',(-29.9114399969173,-2.41482552388759,3.));
#17135=CARTESIAN_POINT('',(-28.9079038381734,-2.30934962336137,0.));
#17136=CARTESIAN_POINT('',(-28.9079038381734,-2.30934962336137,3.));
#17137=CARTESIAN_POINT('',(-31.4032228399697,-2.57161821878907,0.));
#17138=CARTESIAN_POINT('',(-29.9114399969173,-2.41482552388759,0.));
#17139=CARTESIAN_POINT('',(-31.4032228399697,-2.57161821878907,3.));
#17140=CARTESIAN_POINT('Origin',(-29.7598737251792,-3.85688227217159,3.));
#17141=CARTESIAN_POINT('',(-28.7563375664353,-3.75140637164536,0.));
#17142=CARTESIAN_POINT('',(-28.7563375664353,-3.75140637164536,3.));
#17143=CARTESIAN_POINT('',(-31.2516565682316,-4.01367496707307,0.));
#17144=CARTESIAN_POINT('',(-31.2516565682316,-4.01367496707307,3.));
#17145=CARTESIAN_POINT('',(-29.7598737251792,-3.85688227217159,0.));
#17146=CARTESIAN_POINT('Origin',(-31.3274397041006,-3.29264659293107,3.));
#17147=CARTESIAN_POINT('',(-31.3274397041006,-3.29264659293107,0.));
#17148=CARTESIAN_POINT('Origin',(0.,0.,3.));
#17149=CARTESIAN_POINT('Origin',(0.,0.,0.));
#17150=CARTESIAN_POINT('Origin',(-30.,0.725000000000017,3.));
#17151=CARTESIAN_POINT('',(-28.9909360835417,0.725000000000016,0.));
#17152=CARTESIAN_POINT('',(-28.9909360835417,0.725000000000016,3.));
#17153=CARTESIAN_POINT('',(-31.5,0.725000000000018,0.));
#17154=CARTESIAN_POINT('',(-30.,0.725000000000017,0.));
#17155=CARTESIAN_POINT('',(-31.5,0.725000000000018,3.));
#17156=CARTESIAN_POINT('Origin',(-30.,-0.724999999999983,3.));
#17157=CARTESIAN_POINT('',(-28.9909360835417,-0.724999999999984,0.));
#17158=CARTESIAN_POINT('',(-28.9909360835417,-0.724999999999984,3.));
#17159=CARTESIAN_POINT('',(-31.5,-0.724999999999982,0.));
#17160=CARTESIAN_POINT('',(-31.5,-0.724999999999982,3.));
#17161=CARTESIAN_POINT('',(-30.,-0.724999999999983,0.));
#17162=CARTESIAN_POINT('Origin',(-31.5,1.78464475275911E-14,3.));
#17163=CARTESIAN_POINT('',(-31.5,1.78464475275911E-14,0.));
#17164=CARTESIAN_POINT('Origin',(0.,0.,3.));
#17165=CARTESIAN_POINT('Origin',(0.,0.,0.));
#17166=CARTESIAN_POINT('Origin',(-29.7598737251792,3.8568822721716,3.));
#17167=CARTESIAN_POINT('',(-28.7563375664353,3.75140637164537,0.));
#17168=CARTESIAN_POINT('',(-28.7563375664353,3.75140637164537,3.));
#17169=CARTESIAN_POINT('',(-31.2516565682316,4.01367496707308,0.));
#17170=CARTESIAN_POINT('',(-29.7598737251792,3.8568822721716,0.));
#17171=CARTESIAN_POINT('',(-31.2516565682316,4.01367496707308,3.));
#17172=CARTESIAN_POINT('Origin',(-29.9114399969173,2.4148255238876,3.));
#17173=CARTESIAN_POINT('',(-28.9079038381734,2.30934962336137,0.));
#17174=CARTESIAN_POINT('',(-28.9079038381734,2.30934962336137,3.));
#17175=CARTESIAN_POINT('',(-31.4032228399697,2.57161821878908,0.));
#17176=CARTESIAN_POINT('',(-31.4032228399697,2.57161821878908,3.));
#17177=CARTESIAN_POINT('',(-29.9114399969173,2.4148255238876,0.));
#17178=CARTESIAN_POINT('Origin',(-31.3274397041006,3.29264659293108,3.));
#17179=CARTESIAN_POINT('',(-31.3274397041006,3.29264659293108,0.));
#17180=CARTESIAN_POINT('Origin',(0.,0.,3.));
#17181=CARTESIAN_POINT('Origin',(0.,0.,0.));
#17182=CARTESIAN_POINT('Origin',(-29.1936920461713,6.94650773506479,3.));
#17183=CARTESIAN_POINT('',(-28.2066785973005,6.73671155005075,-5.55111512312578E-16));
#17184=CARTESIAN_POINT('',(-28.2066785973005,6.73671155005075,3.));
#17185=CARTESIAN_POINT('',(-30.660913447272,7.25837527129143,-5.55111512312578E-16));
#17186=CARTESIAN_POINT('',(-29.1936920461713,6.94650773506479,-5.55111512312578E-16));
#17187=CARTESIAN_POINT('',(-30.660913447272,7.25837527129143,3.));
#17188=CARTESIAN_POINT('Origin',(-29.495163997857,5.52819371400077,3.));
#17189=CARTESIAN_POINT('',(-28.5081505489863,5.31839752898673,-5.55111512312578E-16));
#17190=CARTESIAN_POINT('',(-28.5081505489863,5.31839752898673,3.));
#17191=CARTESIAN_POINT('',(-30.9623853989578,5.84006125022741,-5.55111512312578E-16));
#17192=CARTESIAN_POINT('',(-30.9623853989578,5.84006125022741,3.));
#17193=CARTESIAN_POINT('',(-29.495163997857,5.52819371400077,-5.55111512312578E-16));
#17194=CARTESIAN_POINT('Origin',(-30.8116494231149,6.54921826075942,3.));
#17195=CARTESIAN_POINT('',(-30.8116494231149,6.54921826075942,-5.55111512312578E-16));
#17196=CARTESIAN_POINT('Origin',(0.,0.,3.));
#17197=CARTESIAN_POINT('Origin',(0.,0.,0.));
#17198=CARTESIAN_POINT('Origin',(-28.3076581679328,9.96002580556241,3.));
#17199=CARTESIAN_POINT('',(-27.3479813548268,9.64820790696626,0.));
#17200=CARTESIAN_POINT('',(-27.3479813548268,9.64820790696626,3.));
#17201=CARTESIAN_POINT('',(-29.7342429423755,10.4235512971248,0.));
#17202=CARTESIAN_POINT('',(-28.3076581679328,9.96002580556241,0.));
#17203=CARTESIAN_POINT('',(-29.7342429423755,10.4235512971248,3.));
#17204=CARTESIAN_POINT('Origin',(-28.7557328097764,8.58099385693444,3.));
#17205=CARTESIAN_POINT('',(-27.7960559966705,8.26917595833828,0.));
#17206=CARTESIAN_POINT('',(-27.7960559966705,8.26917595833828,3.));
#17207=CARTESIAN_POINT('',(-30.1823175842192,9.04451934849686,0.));
#17208=CARTESIAN_POINT('',(-30.1823175842192,9.04451934849686,3.));
#17209=CARTESIAN_POINT('',(-28.7557328097764,8.58099385693444,0.));
#17210=CARTESIAN_POINT('Origin',(-29.9582802632973,9.73403532281085,3.));
#17211=CARTESIAN_POINT('',(-29.9582802632973,9.73403532281085,0.));
#17212=CARTESIAN_POINT('Origin',(0.,0.,3.));
#17213=CARTESIAN_POINT('Origin',(0.,0.,0.));
#17214=CARTESIAN_POINT('Origin',(-27.1114796630481,12.8644197490649,3.));
#17215=CARTESIAN_POINT('',(-26.1896539056965,12.4539964790357,0.));
#17216=CARTESIAN_POINT('',(-26.1896539056965,12.4539964790357,3.));
#17217=CARTESIAN_POINT('',(-28.481797849512,13.4745247136786,0.));
#17218=CARTESIAN_POINT('',(-27.1114796630481,12.8644197490649,0.));
#17219=CARTESIAN_POINT('',(-28.481797849512,13.4745247136786,3.));
#17220=CARTESIAN_POINT('Origin',(-27.701247795508,11.5397788354831,3.));
#17221=CARTESIAN_POINT('',(-26.7794220381565,11.1293555654539,0.));
#17222=CARTESIAN_POINT('',(-26.7794220381565,11.1293555654539,3.));
#17223=CARTESIAN_POINT('',(-29.0715659819719,12.1498838000968,0.));
#17224=CARTESIAN_POINT('',(-29.0715659819719,12.1498838000968,3.));
#17225=CARTESIAN_POINT('',(-27.701247795508,11.5397788354831,0.));
#17226=CARTESIAN_POINT('Origin',(-28.7766819157419,12.8122042568877,3.));
#17227=CARTESIAN_POINT('',(-28.7766819157419,12.8122042568877,0.));
#17228=CARTESIAN_POINT('Origin',(0.,0.,3.));
#17229=CARTESIAN_POINT('Origin',(0.,0.,0.));
#17230=CARTESIAN_POINT('Origin',(-25.6182621135332,15.6278684177437,3.));
#17231=CARTESIAN_POINT('',(-24.7443871278381,15.1233364595146,0.));
#17232=CARTESIAN_POINT('',(-24.7443871278381,15.1233364595146,3.));
#17233=CARTESIAN_POINT('',(-26.9173002192098,16.3778684177437,0.));
#17234=CARTESIAN_POINT('',(-25.6182621135332,15.6278684177437,0.));
#17235=CARTESIAN_POINT('',(-26.9173002192098,16.3778684177437,3.));
#17236=CARTESIAN_POINT('Origin',(-26.3432621135332,14.3721315822563,3.));
#17237=CARTESIAN_POINT('',(-25.4693871278381,13.8675996240271,0.));
#17238=CARTESIAN_POINT('',(-25.4693871278381,13.8675996240271,3.));
#17239=CARTESIAN_POINT('',(-27.6423002192098,15.1221315822563,0.));
#17240=CARTESIAN_POINT('',(-27.6423002192098,15.1221315822563,3.));
#17241=CARTESIAN_POINT('',(-26.3432621135332,14.3721315822563,0.));
#17242=CARTESIAN_POINT('Origin',(-27.2798002192098,15.75,3.));
#17243=CARTESIAN_POINT('',(-27.2798002192098,15.75,0.));
#17244=CARTESIAN_POINT('Origin',(0.,0.,3.));
#17245=CARTESIAN_POINT('Origin',(0.,0.,0.));
#17246=CARTESIAN_POINT('Origin',(-23.8443655233364,18.220094889696,3.));
#17247=CARTESIAN_POINT('',(-23.0280156665111,17.6269820009814,0.));
#17248=CARTESIAN_POINT('',(-23.0280156665111,17.6269820009814,3.));
#17249=CARTESIAN_POINT('',(-25.0578910148988,19.1017727681347,0.));
#17250=CARTESIAN_POINT('',(-23.8443655233364,18.220094889696,0.));
#17251=CARTESIAN_POINT('',(-25.0578910148988,19.1017727681347,3.));
#17252=CARTESIAN_POINT('Origin',(-24.6966541391605,17.0470202478524,3.));
#17253=CARTESIAN_POINT('',(-23.8803042823352,16.4539073591377,0.));
#17254=CARTESIAN_POINT('',(-23.8803042823352,16.4539073591377,3.));
#17255=CARTESIAN_POINT('',(-25.9101796307229,17.9286981262911,0.));
#17256=CARTESIAN_POINT('',(-25.9101796307229,17.9286981262911,3.));
#17257=CARTESIAN_POINT('',(-24.6966541391605,17.0470202478524,0.));
#17258=CARTESIAN_POINT('Origin',(-25.4840353228108,18.5152354472129,3.));
#17259=CARTESIAN_POINT('',(-25.4840353228108,18.5152354472129,0.));
#17260=CARTESIAN_POINT('Origin',(0.,0.,3.));
#17261=CARTESIAN_POINT('Origin',(0.,0.,0.));
#17262=CARTESIAN_POINT('Origin',(-21.8092250747116,20.6126981892369,3.));
#17263=CARTESIAN_POINT('',(-21.0593444466197,19.9375026389623,0.));
#17264=CARTESIAN_POINT('',(-21.0593444466197,19.9375026389623,3.));
#17265=CARTESIAN_POINT('',(-22.9239423129277,21.6163940987752,0.));
#17266=CARTESIAN_POINT('',(-21.8092250747116,20.6126981892369,0.));
#17267=CARTESIAN_POINT('',(-22.9239423129277,21.6163940987752,3.));
#17268=CARTESIAN_POINT('Origin',(-22.779464453932,19.5351381922946,3.));
#17269=CARTESIAN_POINT('',(-22.02958382584,18.8599426420201,0.));
#17270=CARTESIAN_POINT('',(-22.02958382584,18.8599426420201,3.));
#17271=CARTESIAN_POINT('',(-23.8941816921481,20.5388341018329,0.));
#17272=CARTESIAN_POINT('',(-23.8941816921481,20.5388341018329,3.));
#17273=CARTESIAN_POINT('',(-22.779464453932,19.5351381922946,0.));
#17274=CARTESIAN_POINT('Origin',(-23.4090620025379,21.077614100304,3.));
#17275=CARTESIAN_POINT('',(-23.4090620025379,21.077614100304,0.));
#17276=CARTESIAN_POINT('Origin',(0.,0.,3.));
#17277=CARTESIAN_POINT('Origin',(0.,0.,0.));
#17278=CARTESIAN_POINT('Origin',(-19.5351381922946,22.779464453932,3.));
#17279=CARTESIAN_POINT('',(-18.85994264202,22.0295838258401,0.));
#17280=CARTESIAN_POINT('',(-18.85994264202,22.0295838258401,3.));
#17281=CARTESIAN_POINT('',(-20.5388341018329,23.8941816921481,0.));
#17282=CARTESIAN_POINT('',(-19.5351381922946,22.779464453932,0.));
#17283=CARTESIAN_POINT('',(-20.5388341018329,23.8941816921481,3.));
#17284=CARTESIAN_POINT('Origin',(-20.6126981892369,21.8092250747117,3.));
#17285=CARTESIAN_POINT('',(-19.9375026389623,21.0593444466197,0.));
#17286=CARTESIAN_POINT('',(-19.9375026389623,21.0593444466197,3.));
#17287=CARTESIAN_POINT('',(-21.6163940987751,22.9239423129278,0.));
#17288=CARTESIAN_POINT('',(-21.6163940987751,22.9239423129278,3.));
#17289=CARTESIAN_POINT('',(-20.6126981892369,21.8092250747117,0.));
#17290=CARTESIAN_POINT('Origin',(-21.077614100304,23.4090620025379,3.));
#17291=CARTESIAN_POINT('',(-21.077614100304,23.4090620025379,0.));
#17292=CARTESIAN_POINT('Origin',(0.,0.,3.));
#17293=CARTESIAN_POINT('Origin',(0.,0.,0.));
#17294=CARTESIAN_POINT('Origin',(-17.0470202478524,24.6966541391605,3.));
#17295=CARTESIAN_POINT('',(-16.4539073591377,23.8803042823352,0.));
#17296=CARTESIAN_POINT('',(-16.4539073591377,23.8803042823352,3.));
#17297=CARTESIAN_POINT('',(-17.9286981262911,25.9101796307229,0.));
#17298=CARTESIAN_POINT('',(-17.0470202478524,24.6966541391605,0.));
#17299=CARTESIAN_POINT('',(-17.9286981262911,25.9101796307229,3.));
#17300=CARTESIAN_POINT('Origin',(-18.220094889696,23.8443655233364,3.));
#17301=CARTESIAN_POINT('',(-17.6269820009814,23.0280156665111,0.));
#17302=CARTESIAN_POINT('',(-17.6269820009814,23.0280156665111,3.));
#17303=CARTESIAN_POINT('',(-19.1017727681347,25.0578910148988,0.));
#17304=CARTESIAN_POINT('',(-19.1017727681347,25.0578910148988,3.));
#17305=CARTESIAN_POINT('',(-18.220094889696,23.8443655233364,0.));
#17306=CARTESIAN_POINT('Origin',(-18.5152354472129,25.4840353228108,3.));
#17307=CARTESIAN_POINT('',(-18.5152354472129,25.4840353228108,0.));
#17308=CARTESIAN_POINT('Origin',(0.,0.,3.));
#17309=CARTESIAN_POINT('Origin',(0.,0.,0.));
#17310=CARTESIAN_POINT('Origin',(-14.3721315822563,26.3432621135332,3.));
#17311=CARTESIAN_POINT('',(-13.8675996240271,25.4693871278381,0.));
#17312=CARTESIAN_POINT('',(-13.8675996240271,25.4693871278381,3.));
#17313=CARTESIAN_POINT('',(-15.1221315822563,27.6423002192098,0.));
#17314=CARTESIAN_POINT('',(-14.3721315822563,26.3432621135332,0.));
#17315=CARTESIAN_POINT('',(-15.1221315822563,27.6423002192098,3.));
#17316=CARTESIAN_POINT('Origin',(-15.6278684177437,25.6182621135332,3.));
#17317=CARTESIAN_POINT('',(-15.1233364595146,24.7443871278381,0.));
#17318=CARTESIAN_POINT('',(-15.1233364595146,24.7443871278381,3.));
#17319=CARTESIAN_POINT('',(-16.3778684177437,26.9173002192098,0.));
#17320=CARTESIAN_POINT('',(-16.3778684177437,26.9173002192098,3.));
#17321=CARTESIAN_POINT('',(-15.6278684177437,25.6182621135332,0.));
#17322=CARTESIAN_POINT('Origin',(-15.75,27.2798002192098,3.));
#17323=CARTESIAN_POINT('',(-15.75,27.2798002192098,0.));
#17324=CARTESIAN_POINT('Origin',(0.,0.,3.));
#17325=CARTESIAN_POINT('Origin',(0.,0.,0.));
#17326=CARTESIAN_POINT('Origin',(-11.5397788354831,27.701247795508,3.));
#17327=CARTESIAN_POINT('',(-11.1293555654539,26.7794220381565,0.));
#17328=CARTESIAN_POINT('',(-11.1293555654539,26.7794220381565,3.));
#17329=CARTESIAN_POINT('',(-12.1498838000968,29.0715659819719,0.));
#17330=CARTESIAN_POINT('',(-11.5397788354831,27.701247795508,0.));
#17331=CARTESIAN_POINT('',(-12.1498838000968,29.0715659819719,3.));
#17332=CARTESIAN_POINT('Origin',(-12.8644197490649,27.1114796630481,3.));
#17333=CARTESIAN_POINT('',(-12.4539964790357,26.1896539056965,0.));
#17334=CARTESIAN_POINT('',(-12.4539964790357,26.1896539056965,3.));
#17335=CARTESIAN_POINT('',(-13.4745247136786,28.481797849512,0.));
#17336=CARTESIAN_POINT('',(-13.4745247136786,28.481797849512,3.));
#17337=CARTESIAN_POINT('',(-12.8644197490649,27.1114796630481,0.));
#17338=CARTESIAN_POINT('Origin',(-12.8122042568877,28.7766819157419,3.));
#17339=CARTESIAN_POINT('',(-12.8122042568877,28.7766819157419,0.));
#17340=CARTESIAN_POINT('Origin',(0.,0.,3.));
#17341=CARTESIAN_POINT('Origin',(0.,0.,0.));
#17342=CARTESIAN_POINT('Origin',(-8.58099385693443,28.7557328097764,3.));
#17343=CARTESIAN_POINT('',(-8.26917595833828,27.7960559966705,0.));
#17344=CARTESIAN_POINT('',(-8.26917595833828,27.7960559966705,3.));
#17345=CARTESIAN_POINT('',(-9.04451934849685,30.1823175842192,0.));
#17346=CARTESIAN_POINT('',(-8.58099385693443,28.7557328097764,0.));
#17347=CARTESIAN_POINT('',(-9.04451934849685,30.1823175842192,3.));
#17348=CARTESIAN_POINT('Origin',(-9.96002580556241,28.3076581679328,3.));
#17349=CARTESIAN_POINT('',(-9.64820790696625,27.3479813548268,0.));
#17350=CARTESIAN_POINT('',(-9.64820790696625,27.3479813548268,3.));
#17351=CARTESIAN_POINT('',(-10.4235512971248,29.7342429423755,0.));
#17352=CARTESIAN_POINT('',(-10.4235512971248,29.7342429423755,3.));
#17353=CARTESIAN_POINT('',(-9.96002580556241,28.3076581679328,0.));
#17354=CARTESIAN_POINT('Origin',(-9.73403532281084,29.9582802632973,3.));
#17355=CARTESIAN_POINT('',(-9.73403532281084,29.9582802632973,0.));
#17356=CARTESIAN_POINT('Origin',(0.,0.,3.));
#17357=CARTESIAN_POINT('Origin',(0.,0.,0.));
#17358=CARTESIAN_POINT('Origin',(-5.52819371400077,29.495163997857,3.));
#17359=CARTESIAN_POINT('',(-5.31839752898674,28.5081505489863,-5.55111512312578E-16));
#17360=CARTESIAN_POINT('',(-5.31839752898674,28.5081505489863,3.));
#17361=CARTESIAN_POINT('',(-5.84006125022741,30.9623853989578,-5.55111512312578E-16));
#17362=CARTESIAN_POINT('',(-5.52819371400077,29.495163997857,-5.55111512312578E-16));
#17363=CARTESIAN_POINT('',(-5.84006125022741,30.9623853989578,3.));
#17364=CARTESIAN_POINT('Origin',(-6.94650773506479,29.1936920461713,3.));
#17365=CARTESIAN_POINT('',(-6.73671155005075,28.2066785973005,-5.55111512312578E-16));
#17366=CARTESIAN_POINT('',(-6.73671155005075,28.2066785973005,3.));
#17367=CARTESIAN_POINT('',(-7.25837527129143,30.660913447272,-5.55111512312578E-16));
#17368=CARTESIAN_POINT('',(-7.25837527129143,30.660913447272,3.));
#17369=CARTESIAN_POINT('',(-6.94650773506479,29.1936920461713,-5.55111512312578E-16));
#17370=CARTESIAN_POINT('Origin',(-6.54921826075942,30.8116494231149,3.));
#17371=CARTESIAN_POINT('',(-6.54921826075942,30.8116494231149,-5.55111512312578E-16));
#17372=CARTESIAN_POINT('Origin',(0.,0.,3.));
#17373=CARTESIAN_POINT('Origin',(0.,0.,0.));
#17374=CARTESIAN_POINT('Origin',(-2.4148255238876,29.9114399969173,3.));
#17375=CARTESIAN_POINT('',(-2.30934962336138,28.9079038381734,0.));
#17376=CARTESIAN_POINT('',(-2.30934962336138,28.9079038381734,3.));
#17377=CARTESIAN_POINT('',(-2.57161821878908,31.4032228399697,0.));
#17378=CARTESIAN_POINT('',(-2.4148255238876,29.9114399969173,0.));
#17379=CARTESIAN_POINT('',(-2.57161821878908,31.4032228399697,3.));
#17380=CARTESIAN_POINT('Origin',(-3.8568822721716,29.7598737251792,3.));
#17381=CARTESIAN_POINT('',(-3.75140637164537,28.7563375664353,0.));
#17382=CARTESIAN_POINT('',(-3.75140637164537,28.7563375664353,3.));
#17383=CARTESIAN_POINT('',(-4.01367496707308,31.2516565682316,0.));
#17384=CARTESIAN_POINT('',(-4.01367496707308,31.2516565682316,3.));
#17385=CARTESIAN_POINT('',(-3.8568822721716,29.7598737251792,0.));
#17386=CARTESIAN_POINT('Origin',(-3.29264659293108,31.3274397041006,3.));
#17387=CARTESIAN_POINT('',(-3.29264659293108,31.3274397041006,0.));
#17388=CARTESIAN_POINT('Origin',(0.,0.,3.));
#17389=CARTESIAN_POINT('Origin',(0.,0.,0.));
#17390=CARTESIAN_POINT('Origin',(0.725000000000008,30.,3.));
#17391=CARTESIAN_POINT('',(0.725000000000008,28.9909360835417,0.));
#17392=CARTESIAN_POINT('',(0.725000000000008,28.9909360835417,3.));
#17393=CARTESIAN_POINT('',(0.725000000000009,31.5,0.));
#17394=CARTESIAN_POINT('',(0.725000000000008,30.,0.));
#17395=CARTESIAN_POINT('',(0.725000000000009,31.5,3.));
#17396=CARTESIAN_POINT('Origin',(-0.724999999999991,30.,3.));
#17397=CARTESIAN_POINT('',(-0.724999999999992,28.9909360835417,0.));
#17398=CARTESIAN_POINT('',(-0.724999999999992,28.9909360835417,3.));
#17399=CARTESIAN_POINT('',(-0.724999999999991,31.5,0.));
#17400=CARTESIAN_POINT('',(-0.724999999999991,31.5,3.));
#17401=CARTESIAN_POINT('',(-0.724999999999991,30.,0.));
#17402=CARTESIAN_POINT('Origin',(8.92322376379557E-15,31.5,3.));
#17403=CARTESIAN_POINT('',(8.92322376379557E-15,31.5,0.));
#17404=CARTESIAN_POINT('Origin',(0.,0.,3.));
#17405=CARTESIAN_POINT('Origin',(0.,0.,0.));
#17406=CARTESIAN_POINT('Origin',(3.8568822721716,29.7598737251792,3.));
#17407=CARTESIAN_POINT('',(3.75140637164538,28.7563375664353,0.));
#17408=CARTESIAN_POINT('',(3.75140637164538,28.7563375664353,3.));
#17409=CARTESIAN_POINT('',(4.01367496707308,31.2516565682316,0.));
#17410=CARTESIAN_POINT('',(3.8568822721716,29.7598737251792,0.));
#17411=CARTESIAN_POINT('',(4.01367496707308,31.2516565682316,3.));
#17412=CARTESIAN_POINT('Origin',(2.41482552388761,29.9114399969173,3.));
#17413=CARTESIAN_POINT('',(2.30934962336138,28.9079038381734,0.));
#17414=CARTESIAN_POINT('',(2.30934962336138,28.9079038381734,3.));
#17415=CARTESIAN_POINT('',(2.57161821878909,31.4032228399697,0.));
#17416=CARTESIAN_POINT('',(2.57161821878909,31.4032228399697,3.));
#17417=CARTESIAN_POINT('',(2.41482552388761,29.9114399969173,0.));
#17418=CARTESIAN_POINT('Origin',(3.29264659293108,31.3274397041006,3.));
#17419=CARTESIAN_POINT('',(3.29264659293108,31.3274397041006,0.));
#17420=CARTESIAN_POINT('Origin',(0.,0.,3.));
#17421=CARTESIAN_POINT('Origin',(0.,0.,0.));
#17422=CARTESIAN_POINT('Origin',(6.94650773506479,29.1936920461713,3.));
#17423=CARTESIAN_POINT('',(6.73671155005075,28.2066785973005,0.));
#17424=CARTESIAN_POINT('',(6.73671155005075,28.2066785973005,3.));
#17425=CARTESIAN_POINT('',(7.25837527129142,30.660913447272,0.));
#17426=CARTESIAN_POINT('',(6.94650773506479,29.1936920461713,0.));
#17427=CARTESIAN_POINT('',(7.25837527129142,30.660913447272,3.));
#17428=CARTESIAN_POINT('Origin',(5.52819371400077,29.495163997857,3.));
#17429=CARTESIAN_POINT('',(5.31839752898673,28.5081505489863,0.));
#17430=CARTESIAN_POINT('',(5.31839752898673,28.5081505489863,3.));
#17431=CARTESIAN_POINT('',(5.84006125022741,30.9623853989578,0.));
#17432=CARTESIAN_POINT('',(5.84006125022741,30.9623853989578,3.));
#17433=CARTESIAN_POINT('',(5.52819371400077,29.495163997857,0.));
#17434=CARTESIAN_POINT('Origin',(6.54921826075942,30.8116494231149,3.));
#17435=CARTESIAN_POINT('',(6.54921826075942,30.8116494231149,0.));
#17436=CARTESIAN_POINT('Origin',(0.,0.,3.));
#17437=CARTESIAN_POINT('Origin',(0.,0.,0.));
#17438=CARTESIAN_POINT('Origin',(9.96002580556241,28.3076581679328,3.));
#17439=CARTESIAN_POINT('',(9.64820790696625,27.3479813548268,0.));
#17440=CARTESIAN_POINT('',(9.64820790696625,27.3479813548268,3.));
#17441=CARTESIAN_POINT('',(10.4235512971248,29.7342429423755,0.));
#17442=CARTESIAN_POINT('',(9.96002580556241,28.3076581679328,0.));
#17443=CARTESIAN_POINT('',(10.4235512971248,29.7342429423755,3.));
#17444=CARTESIAN_POINT('Origin',(8.58099385693444,28.7557328097764,3.));
#17445=CARTESIAN_POINT('',(8.26917595833828,27.7960559966705,0.));
#17446=CARTESIAN_POINT('',(8.26917595833828,27.7960559966705,3.));
#17447=CARTESIAN_POINT('',(9.04451934849686,30.1823175842192,0.));
#17448=CARTESIAN_POINT('',(9.04451934849686,30.1823175842192,3.));
#17449=CARTESIAN_POINT('',(8.58099385693444,28.7557328097764,0.));
#17450=CARTESIAN_POINT('Origin',(9.73403532281085,29.9582802632973,3.));
#17451=CARTESIAN_POINT('',(9.73403532281085,29.9582802632973,0.));
#17452=CARTESIAN_POINT('Origin',(0.,0.,3.));
#17453=CARTESIAN_POINT('Origin',(0.,0.,0.));
#17454=CARTESIAN_POINT('Origin',(12.8644197490649,27.1114796630481,3.));
#17455=CARTESIAN_POINT('',(12.4539964790357,26.1896539056965,5.55111512312578E-16));
#17456=CARTESIAN_POINT('',(12.4539964790357,26.1896539056965,3.));
#17457=CARTESIAN_POINT('',(13.4745247136786,28.481797849512,5.55111512312578E-16));
#17458=CARTESIAN_POINT('',(12.8644197490649,27.1114796630481,5.55111512312578E-16));
#17459=CARTESIAN_POINT('',(13.4745247136786,28.481797849512,3.));
#17460=CARTESIAN_POINT('Origin',(11.5397788354831,27.701247795508,3.));
#17461=CARTESIAN_POINT('',(11.129355565454,26.7794220381564,5.55111512312578E-16));
#17462=CARTESIAN_POINT('',(11.129355565454,26.7794220381564,3.));
#17463=CARTESIAN_POINT('',(12.1498838000968,29.0715659819719,5.55111512312578E-16));
#17464=CARTESIAN_POINT('',(12.1498838000968,29.0715659819719,3.));
#17465=CARTESIAN_POINT('',(11.5397788354831,27.701247795508,5.55111512312578E-16));
#17466=CARTESIAN_POINT('Origin',(12.8122042568877,28.7766819157419,3.));
#17467=CARTESIAN_POINT('',(12.8122042568877,28.7766819157419,5.55111512312578E-16));
#17468=CARTESIAN_POINT('Origin',(0.,0.,3.));
#17469=CARTESIAN_POINT('Origin',(0.,0.,0.));
#17470=CARTESIAN_POINT('Origin',(15.6278684177437,25.6182621135332,3.));
#17471=CARTESIAN_POINT('',(15.1233364595146,24.744387127838,0.));
#17472=CARTESIAN_POINT('',(15.1233364595146,24.744387127838,3.));
#17473=CARTESIAN_POINT('',(16.3778684177437,26.9173002192098,0.));
#17474=CARTESIAN_POINT('',(15.6278684177437,25.6182621135332,0.));
#17475=CARTESIAN_POINT('',(16.3778684177437,26.9173002192098,3.));
#17476=CARTESIAN_POINT('Origin',(14.3721315822563,26.3432621135332,3.));
#17477=CARTESIAN_POINT('',(13.8675996240271,25.469387127838,0.));
#17478=CARTESIAN_POINT('',(13.8675996240271,25.469387127838,3.));
#17479=CARTESIAN_POINT('',(15.1221315822563,27.6423002192098,0.));
#17480=CARTESIAN_POINT('',(15.1221315822563,27.6423002192098,3.));
#17481=CARTESIAN_POINT('',(14.3721315822563,26.3432621135332,0.));
#17482=CARTESIAN_POINT('Origin',(15.75,27.2798002192098,3.));
#17483=CARTESIAN_POINT('',(15.75,27.2798002192098,0.));
#17484=CARTESIAN_POINT('Origin',(0.,0.,3.));
#17485=CARTESIAN_POINT('Origin',(0.,0.,0.));
#17486=CARTESIAN_POINT('Origin',(18.220094889696,23.8443655233364,3.));
#17487=CARTESIAN_POINT('',(17.6269820009814,23.0280156665111,0.));
#17488=CARTESIAN_POINT('',(17.6269820009814,23.0280156665111,3.));
#17489=CARTESIAN_POINT('',(19.1017727681347,25.0578910148988,0.));
#17490=CARTESIAN_POINT('',(18.220094889696,23.8443655233364,0.));
#17491=CARTESIAN_POINT('',(19.1017727681347,25.0578910148988,3.));
#17492=CARTESIAN_POINT('Origin',(17.0470202478524,24.6966541391605,3.));
#17493=CARTESIAN_POINT('',(16.4539073591377,23.8803042823352,0.));
#17494=CARTESIAN_POINT('',(16.4539073591377,23.8803042823352,3.));
#17495=CARTESIAN_POINT('',(17.9286981262911,25.9101796307229,0.));
#17496=CARTESIAN_POINT('',(17.9286981262911,25.9101796307229,3.));
#17497=CARTESIAN_POINT('',(17.0470202478524,24.6966541391605,0.));
#17498=CARTESIAN_POINT('Origin',(18.5152354472129,25.4840353228108,3.));
#17499=CARTESIAN_POINT('',(18.5152354472129,25.4840353228108,0.));
#17500=CARTESIAN_POINT('Origin',(0.,0.,3.));
#17501=CARTESIAN_POINT('Origin',(0.,0.,0.));
#17502=CARTESIAN_POINT('Origin',(20.6126981892369,21.8092250747117,3.));
#17503=CARTESIAN_POINT('',(19.9375026389623,21.0593444466197,0.));
#17504=CARTESIAN_POINT('',(19.9375026389623,21.0593444466197,3.));
#17505=CARTESIAN_POINT('',(21.6163940987751,22.9239423129277,0.));
#17506=CARTESIAN_POINT('',(20.6126981892369,21.8092250747117,0.));
#17507=CARTESIAN_POINT('',(21.6163940987751,22.9239423129277,3.));
#17508=CARTESIAN_POINT('Origin',(19.5351381922946,22.779464453932,3.));
#17509=CARTESIAN_POINT('',(18.85994264202,22.0295838258401,0.));
#17510=CARTESIAN_POINT('',(18.85994264202,22.0295838258401,3.));
#17511=CARTESIAN_POINT('',(20.5388341018329,23.8941816921481,0.));
#17512=CARTESIAN_POINT('',(20.5388341018329,23.8941816921481,3.));
#17513=CARTESIAN_POINT('',(19.5351381922946,22.779464453932,0.));
#17514=CARTESIAN_POINT('Origin',(21.077614100304,23.4090620025379,3.));
#17515=CARTESIAN_POINT('',(21.077614100304,23.4090620025379,0.));
#17516=CARTESIAN_POINT('Origin',(0.,0.,3.));
#17517=CARTESIAN_POINT('Origin',(0.,0.,0.));
#17518=CARTESIAN_POINT('Origin',(22.779464453932,19.5351381922946,3.));
#17519=CARTESIAN_POINT('',(22.0295838258401,18.85994264202,0.));
#17520=CARTESIAN_POINT('',(22.0295838258401,18.85994264202,3.));
#17521=CARTESIAN_POINT('',(23.8941816921481,20.5388341018329,0.));
#17522=CARTESIAN_POINT('',(22.779464453932,19.5351381922946,0.));
#17523=CARTESIAN_POINT('',(23.8941816921481,20.5388341018329,3.));
#17524=CARTESIAN_POINT('Origin',(21.8092250747117,20.6126981892369,3.));
#17525=CARTESIAN_POINT('',(21.0593444466197,19.9375026389623,0.));
#17526=CARTESIAN_POINT('',(21.0593444466197,19.9375026389623,3.));
#17527=CARTESIAN_POINT('',(22.9239423129277,21.6163940987751,0.));
#17528=CARTESIAN_POINT('',(22.9239423129277,21.6163940987751,3.));
#17529=CARTESIAN_POINT('',(21.8092250747117,20.6126981892369,0.));
#17530=CARTESIAN_POINT('Origin',(23.4090620025379,21.077614100304,3.));
#17531=CARTESIAN_POINT('',(23.4090620025379,21.077614100304,0.));
#17532=CARTESIAN_POINT('Origin',(0.,0.,3.));
#17533=CARTESIAN_POINT('Origin',(0.,0.,0.));
#17534=CARTESIAN_POINT('Origin',(24.6966541391605,17.0470202478524,3.));
#17535=CARTESIAN_POINT('',(23.8803042823352,16.4539073591377,0.));
#17536=CARTESIAN_POINT('',(23.8803042823352,16.4539073591377,3.));
#17537=CARTESIAN_POINT('',(25.9101796307229,17.9286981262911,0.));
#17538=CARTESIAN_POINT('',(24.6966541391605,17.0470202478524,0.));
#17539=CARTESIAN_POINT('',(25.9101796307229,17.9286981262911,3.));
#17540=CARTESIAN_POINT('Origin',(23.8443655233364,18.220094889696,3.));
#17541=CARTESIAN_POINT('',(23.0280156665111,17.6269820009814,0.));
#17542=CARTESIAN_POINT('',(23.0280156665111,17.6269820009814,3.));
#17543=CARTESIAN_POINT('',(25.0578910148988,19.1017727681347,0.));
#17544=CARTESIAN_POINT('',(25.0578910148988,19.1017727681347,3.));
#17545=CARTESIAN_POINT('',(23.8443655233364,18.220094889696,0.));
#17546=CARTESIAN_POINT('Origin',(25.4840353228108,18.5152354472129,3.));
#17547=CARTESIAN_POINT('',(25.4840353228108,18.5152354472129,0.));
#17548=CARTESIAN_POINT('Origin',(0.,0.,3.));
#17549=CARTESIAN_POINT('Origin',(0.,0.,0.));
#17550=CARTESIAN_POINT('Origin',(26.3432621135332,14.3721315822563,3.));
#17551=CARTESIAN_POINT('',(25.4693871278381,13.8675996240271,0.));
#17552=CARTESIAN_POINT('',(25.4693871278381,13.8675996240271,3.));
#17553=CARTESIAN_POINT('',(27.6423002192098,15.1221315822563,0.));
#17554=CARTESIAN_POINT('',(26.3432621135332,14.3721315822563,0.));
#17555=CARTESIAN_POINT('',(27.6423002192098,15.1221315822563,3.));
#17556=CARTESIAN_POINT('Origin',(25.6182621135332,15.6278684177437,3.));
#17557=CARTESIAN_POINT('',(24.7443871278381,15.1233364595146,0.));
#17558=CARTESIAN_POINT('',(24.7443871278381,15.1233364595146,3.));
#17559=CARTESIAN_POINT('',(26.9173002192098,16.3778684177437,0.));
#17560=CARTESIAN_POINT('',(26.9173002192098,16.3778684177437,3.));
#17561=CARTESIAN_POINT('',(25.6182621135332,15.6278684177437,0.));
#17562=CARTESIAN_POINT('Origin',(27.2798002192098,15.75,3.));
#17563=CARTESIAN_POINT('',(27.2798002192098,15.75,0.));
#17564=CARTESIAN_POINT('Origin',(0.,0.,3.));
#17565=CARTESIAN_POINT('Origin',(0.,0.,0.));
#17566=CARTESIAN_POINT('Origin',(27.701247795508,11.5397788354831,3.));
#17567=CARTESIAN_POINT('',(26.7794220381565,11.129355565454,5.55111512312578E-16));
#17568=CARTESIAN_POINT('',(26.7794220381565,11.1293555654539,3.));
#17569=CARTESIAN_POINT('',(29.0715659819719,12.1498838000968,5.55111512312578E-16));
#17570=CARTESIAN_POINT('',(27.701247795508,11.5397788354831,5.55111512312578E-16));
#17571=CARTESIAN_POINT('',(29.0715659819719,12.1498838000968,3.));
#17572=CARTESIAN_POINT('Origin',(27.1114796630481,12.8644197490649,3.));
#17573=CARTESIAN_POINT('',(26.1896539056965,12.4539964790357,5.55111512312578E-16));
#17574=CARTESIAN_POINT('',(26.1896539056965,12.4539964790357,3.));
#17575=CARTESIAN_POINT('',(28.481797849512,13.4745247136786,5.55111512312578E-16));
#17576=CARTESIAN_POINT('',(28.481797849512,13.4745247136786,3.));
#17577=CARTESIAN_POINT('',(27.1114796630481,12.8644197490649,5.55111512312578E-16));
#17578=CARTESIAN_POINT('Origin',(28.7766819157419,12.8122042568877,3.));
#17579=CARTESIAN_POINT('',(28.7766819157419,12.8122042568877,5.55111512312578E-16));
#17580=CARTESIAN_POINT('Origin',(0.,0.,3.));
#17581=CARTESIAN_POINT('Origin',(0.,0.,0.));
#17582=CARTESIAN_POINT('Origin',(28.7557328097764,8.58099385693444,3.));
#17583=CARTESIAN_POINT('',(27.7960559966705,8.26917595833828,0.));
#17584=CARTESIAN_POINT('',(27.7960559966705,8.26917595833828,3.));
#17585=CARTESIAN_POINT('',(30.1823175842192,9.04451934849686,0.));
#17586=CARTESIAN_POINT('',(28.7557328097764,8.58099385693444,0.));
#17587=CARTESIAN_POINT('',(30.1823175842192,9.04451934849686,3.));
#17588=CARTESIAN_POINT('Origin',(28.3076581679328,9.96002580556241,3.));
#17589=CARTESIAN_POINT('',(27.3479813548268,9.64820790696625,0.));
#17590=CARTESIAN_POINT('',(27.3479813548268,9.64820790696625,3.));
#17591=CARTESIAN_POINT('',(29.7342429423755,10.4235512971248,0.));
#17592=CARTESIAN_POINT('',(29.7342429423755,10.4235512971248,3.));
#17593=CARTESIAN_POINT('',(28.3076581679328,9.96002580556241,0.));
#17594=CARTESIAN_POINT('Origin',(29.9582802632973,9.73403532281084,3.));
#17595=CARTESIAN_POINT('',(29.9582802632973,9.73403532281084,0.));
#17596=CARTESIAN_POINT('Origin',(0.,0.,3.));
#17597=CARTESIAN_POINT('Origin',(0.,0.,0.));
#17598=CARTESIAN_POINT('Origin',(29.495163997857,5.52819371400077,3.));
#17599=CARTESIAN_POINT('',(28.5081505489863,5.31839752898673,-5.55111512312578E-16));
#17600=CARTESIAN_POINT('',(28.5081505489863,5.31839752898673,3.));
#17601=CARTESIAN_POINT('',(30.9623853989578,5.84006125022741,-5.55111512312578E-16));
#17602=CARTESIAN_POINT('',(29.495163997857,5.52819371400077,-5.55111512312578E-16));
#17603=CARTESIAN_POINT('',(30.9623853989578,5.84006125022741,3.));
#17604=CARTESIAN_POINT('Origin',(29.1936920461713,6.94650773506479,3.));
#17605=CARTESIAN_POINT('',(28.2066785973005,6.73671155005075,-5.55111512312578E-16));
#17606=CARTESIAN_POINT('',(28.2066785973005,6.73671155005075,3.));
#17607=CARTESIAN_POINT('',(30.660913447272,7.25837527129143,-5.55111512312578E-16));
#17608=CARTESIAN_POINT('',(30.660913447272,7.25837527129143,3.));
#17609=CARTESIAN_POINT('',(29.1936920461713,6.94650773506479,-5.55111512312578E-16));
#17610=CARTESIAN_POINT('Origin',(30.8116494231149,6.54921826075942,3.));
#17611=CARTESIAN_POINT('',(30.8116494231149,6.54921826075942,-5.55111512312578E-16));
#17612=CARTESIAN_POINT('Origin',(0.,0.,3.));
#17613=CARTESIAN_POINT('Origin',(0.,0.,0.));
#17614=CARTESIAN_POINT('Origin',(29.9114399969173,2.41482552388761,3.));
#17615=CARTESIAN_POINT('',(28.9079038381734,2.30934962336138,0.));
#17616=CARTESIAN_POINT('',(28.9079038381734,2.30934962336138,3.));
#17617=CARTESIAN_POINT('',(31.4032228399697,2.57161821878909,0.));
#17618=CARTESIAN_POINT('',(29.9114399969173,2.41482552388761,0.));
#17619=CARTESIAN_POINT('',(31.4032228399697,2.57161821878909,3.));
#17620=CARTESIAN_POINT('Origin',(29.7598737251792,3.8568822721716,3.));
#17621=CARTESIAN_POINT('',(28.7563375664353,3.75140637164538,0.));
#17622=CARTESIAN_POINT('',(28.7563375664353,3.75140637164538,3.));
#17623=CARTESIAN_POINT('',(31.2516565682316,4.01367496707308,0.));
#17624=CARTESIAN_POINT('',(31.2516565682316,4.01367496707308,3.));
#17625=CARTESIAN_POINT('',(29.7598737251792,3.8568822721716,0.));
#17626=CARTESIAN_POINT('Origin',(31.3274397041006,3.29264659293108,3.));
#17627=CARTESIAN_POINT('',(31.3274397041006,3.29264659293108,0.));
#17628=CARTESIAN_POINT('Origin',(0.,0.,3.));
#17629=CARTESIAN_POINT('Origin',(0.,0.,0.));
#17630=CARTESIAN_POINT('Origin',(30.,-0.725,3.));
#17631=CARTESIAN_POINT('',(31.5,-0.725,0.));
#17632=CARTESIAN_POINT('',(30.,-0.725,0.));
#17633=CARTESIAN_POINT('',(31.5,-0.725,3.));
#17634=CARTESIAN_POINT('Origin',(30.,0.725,3.));
#17635=CARTESIAN_POINT('',(28.9909360835417,0.725,0.));
#17636=CARTESIAN_POINT('',(28.9909360835417,0.725,3.));
#17637=CARTESIAN_POINT('',(31.5,0.725,0.));
#17638=CARTESIAN_POINT('',(31.5,0.725,3.));
#17639=CARTESIAN_POINT('',(30.,0.725,0.));
#17640=CARTESIAN_POINT('Origin',(31.5,0.,3.));
#17641=CARTESIAN_POINT('',(31.5,0.,0.));
#17642=CARTESIAN_POINT('Origin',(0.,0.,3.));
#17643=CARTESIAN_POINT('Origin',(0.,0.,0.));
#17644=CARTESIAN_POINT('Origin',(0.,0.,0.));
#17645=CARTESIAN_POINT('Origin',(36.,0.,3.));
#17646=CARTESIAN_POINT('',(34.35,-2.02066721859313E-16,0.));
#17647=CARTESIAN_POINT('Origin',(36.,0.,0.));
#17648=CARTESIAN_POINT('',(34.35,2.02066721859313E-16,6.));
#17649=CARTESIAN_POINT('',(34.35,-2.02066721859313E-16,3.));
#17650=CARTESIAN_POINT('Origin',(36.,0.,6.));
#17651=CARTESIAN_POINT('Origin',(40.8086524227066,-3.67116968793294,3.));
#17652=CARTESIAN_POINT('',(39.8902951388537,-3.14095586288818,0.));
#17653=CARTESIAN_POINT('',(39.8902951388537,-3.14095586288818,6.));
#17654=CARTESIAN_POINT('',(39.8902951388537,-3.14095586288818,3.));
#17655=CARTESIAN_POINT('',(42.1076905283833,-4.42116968793294,0.));
#17656=CARTESIAN_POINT('',(40.8086524227066,-3.67116968793294,0.));
#17657=CARTESIAN_POINT('',(42.1076905283833,-4.42116968793294,6.));
#17658=CARTESIAN_POINT('',(42.1076905283833,-4.42116968793294,3.));
#17659=CARTESIAN_POINT('',(40.8086524227066,-3.67116968793294,6.));
#17660=CARTESIAN_POINT('Origin',(41.5836524227066,-2.32883031206706,3.));
#17661=CARTESIAN_POINT('',(40.6652951388537,-1.79861648702229,6.));
#17662=CARTESIAN_POINT('',(40.6652951388537,-1.79861648702229,0.));
#17663=CARTESIAN_POINT('',(40.6652951388537,-1.79861648702229,3.));
#17664=CARTESIAN_POINT('',(42.8826905283833,-3.07883031206706,6.));
#17665=CARTESIAN_POINT('',(41.5836524227066,-2.32883031206706,6.));
#17666=CARTESIAN_POINT('',(42.8826905283833,-3.07883031206706,0.));
#17667=CARTESIAN_POINT('',(42.8826905283833,-3.07883031206706,3.));
#17668=CARTESIAN_POINT('',(41.5836524227066,-2.32883031206706,0.));
#17669=CARTESIAN_POINT('Origin',(42.4951905283833,-3.75,3.));
#17670=CARTESIAN_POINT('',(42.4951905283833,-3.75,0.));
#17671=CARTESIAN_POINT('',(42.4951905283833,-3.75,6.));
#17672=CARTESIAN_POINT('Origin',(36.,0.,6.));
#17673=CARTESIAN_POINT('',(40.9395723499105,-0.775,6.));
#17674=CARTESIAN_POINT('Origin',(36.,0.,6.));
#17675=CARTESIAN_POINT('',(43.5,-0.775,6.));
#17676=CARTESIAN_POINT('',(42.,-0.775,6.));
#17677=CARTESIAN_POINT('',(43.5,0.775,6.));
#17678=CARTESIAN_POINT('',(43.5,0.,6.));
#17679=CARTESIAN_POINT('',(40.9395723499105,0.775,6.));
#17680=CARTESIAN_POINT('',(42.,0.775,6.));
#17681=CARTESIAN_POINT('',(40.6652951388537,1.79861648702229,6.));
#17682=CARTESIAN_POINT('Origin',(36.,0.,6.));
#17683=CARTESIAN_POINT('',(42.8826905283833,3.07883031206706,6.));
#17684=CARTESIAN_POINT('',(41.5836524227066,2.32883031206706,6.));
#17685=CARTESIAN_POINT('',(42.1076905283833,4.42116968793294,6.));
#17686=CARTESIAN_POINT('',(42.4951905283833,3.75,6.));
#17687=CARTESIAN_POINT('',(39.8902951388537,3.14095586288817,6.));
#17688=CARTESIAN_POINT('',(40.8086524227066,3.67116968793294,6.));
#17689=CARTESIAN_POINT('',(39.1409558628882,3.89029513885366,6.));
#17690=CARTESIAN_POINT('Origin',(36.,0.,6.));
#17691=CARTESIAN_POINT('',(40.4211696879329,6.10769052838329,6.));
#17692=CARTESIAN_POINT('',(39.6711696879329,4.80865242270663,6.));
#17693=CARTESIAN_POINT('',(39.0788303120671,6.88269052838329,6.));
#17694=CARTESIAN_POINT('',(39.75,6.49519052838329,6.));
#17695=CARTESIAN_POINT('',(37.7986164870223,4.66529513885366,6.));
#17696=CARTESIAN_POINT('',(38.3288303120671,5.58365242270663,6.));
#17697=CARTESIAN_POINT('',(36.775,4.93957234991047,6.));
#17698=CARTESIAN_POINT('Origin',(36.,0.,6.));
#17699=CARTESIAN_POINT('',(36.775,7.5,6.));
#17700=CARTESIAN_POINT('',(36.775,6.,6.));
#17701=CARTESIAN_POINT('',(35.225,7.5,6.));
#17702=CARTESIAN_POINT('',(36.,7.5,6.));
#17703=CARTESIAN_POINT('',(35.225,4.93957234991047,6.));
#17704=CARTESIAN_POINT('',(35.225,6.,6.));
#17705=CARTESIAN_POINT('',(34.2013835129777,4.66529513885366,6.));
#17706=CARTESIAN_POINT('Origin',(36.,0.,6.));
#17707=CARTESIAN_POINT('',(32.9211696879329,6.88269052838329,6.));
#17708=CARTESIAN_POINT('',(33.6711696879329,5.58365242270663,6.));
#17709=CARTESIAN_POINT('',(31.5788303120671,6.10769052838329,6.));
#17710=CARTESIAN_POINT('',(32.25,6.49519052838329,6.));
#17711=CARTESIAN_POINT('',(32.8590441371118,3.89029513885366,6.));
#17712=CARTESIAN_POINT('',(32.3288303120671,4.80865242270663,6.));
#17713=CARTESIAN_POINT('',(32.1097048611463,3.14095586288817,6.));
#17714=CARTESIAN_POINT('Origin',(36.,0.,6.));
#17715=CARTESIAN_POINT('',(29.8923094716167,4.42116968793294,6.));
#17716=CARTESIAN_POINT('',(31.1913475772934,3.67116968793294,6.));
#17717=CARTESIAN_POINT('',(29.1173094716167,3.07883031206706,6.));
#17718=CARTESIAN_POINT('',(29.5048094716167,3.75,6.));
#17719=CARTESIAN_POINT('',(31.3347048611463,1.79861648702229,6.));
#17720=CARTESIAN_POINT('',(30.4163475772934,2.32883031206706,6.));
#17721=CARTESIAN_POINT('',(31.0604276500895,0.775000000000001,6.));
#17722=CARTESIAN_POINT('Origin',(36.,0.,6.));
#17723=CARTESIAN_POINT('',(28.5,0.775000000000001,6.));
#17724=CARTESIAN_POINT('',(30.,0.775000000000001,6.));
#17725=CARTESIAN_POINT('',(28.5,-0.774999999999999,6.));
#17726=CARTESIAN_POINT('',(28.5,9.18485099360515E-16,6.));
#17727=CARTESIAN_POINT('',(31.0604276500895,-0.774999999999999,6.));
#17728=CARTESIAN_POINT('',(30.,-0.774999999999999,6.));
#17729=CARTESIAN_POINT('',(31.3347048611463,-1.79861648702229,6.));
#17730=CARTESIAN_POINT('Origin',(36.,0.,6.));
#17731=CARTESIAN_POINT('',(29.1173094716167,-3.07883031206706,6.));
#17732=CARTESIAN_POINT('',(30.4163475772934,-2.32883031206706,6.));
#17733=CARTESIAN_POINT('',(29.8923094716167,-4.42116968793294,6.));
#17734=CARTESIAN_POINT('',(29.5048094716167,-3.75,6.));
#17735=CARTESIAN_POINT('',(32.1097048611463,-3.14095586288817,6.));
#17736=CARTESIAN_POINT('',(31.1913475772934,-3.67116968793294,6.));
#17737=CARTESIAN_POINT('',(32.8590441371118,-3.89029513885366,6.));
#17738=CARTESIAN_POINT('Origin',(36.,0.,6.));
#17739=CARTESIAN_POINT('',(31.5788303120671,-6.10769052838329,6.));
#17740=CARTESIAN_POINT('',(32.3288303120671,-4.80865242270663,6.));
#17741=CARTESIAN_POINT('',(32.9211696879329,-6.88269052838329,6.));
#17742=CARTESIAN_POINT('',(32.25,-6.49519052838329,6.));
#17743=CARTESIAN_POINT('',(34.2013835129777,-4.66529513885366,6.));
#17744=CARTESIAN_POINT('',(33.6711696879329,-5.58365242270663,6.));
#17745=CARTESIAN_POINT('',(35.225,-4.93957234991047,6.));
#17746=CARTESIAN_POINT('Origin',(36.,0.,6.));
#17747=CARTESIAN_POINT('',(35.225,-7.5,6.));
#17748=CARTESIAN_POINT('',(35.225,-6.,6.));
#17749=CARTESIAN_POINT('',(36.775,-7.5,6.));
#17750=CARTESIAN_POINT('',(36.,-7.5,6.));
#17751=CARTESIAN_POINT('',(36.775,-4.93957234991047,6.));
#17752=CARTESIAN_POINT('',(36.775,-6.,6.));
#17753=CARTESIAN_POINT('',(37.7986164870223,-4.66529513885366,6.));
#17754=CARTESIAN_POINT('Origin',(36.,0.,6.));
#17755=CARTESIAN_POINT('',(39.0788303120671,-6.88269052838329,6.));
#17756=CARTESIAN_POINT('',(38.3288303120671,-5.58365242270663,6.));
#17757=CARTESIAN_POINT('',(40.4211696879329,-6.10769052838329,6.));
#17758=CARTESIAN_POINT('',(39.75,-6.49519052838329,6.));
#17759=CARTESIAN_POINT('',(39.1409558628882,-3.89029513885366,6.));
#17760=CARTESIAN_POINT('',(39.6711696879329,-4.80865242270663,6.));
#17761=CARTESIAN_POINT('Origin',(36.,0.,6.));
#17762=CARTESIAN_POINT('Origin',(36.,0.,3.));
#17763=CARTESIAN_POINT('',(40.9395723499105,-0.775,0.));
#17764=CARTESIAN_POINT('Origin',(36.,0.,0.));
#17765=CARTESIAN_POINT('',(40.9395723499105,-0.775,3.));
#17766=CARTESIAN_POINT('Origin',(38.3288303120671,-5.58365242270663,3.));
#17767=CARTESIAN_POINT('',(37.7986164870223,-4.66529513885366,0.));
#17768=CARTESIAN_POINT('',(37.7986164870223,-4.66529513885366,3.));
#17769=CARTESIAN_POINT('',(39.0788303120671,-6.88269052838329,0.));
#17770=CARTESIAN_POINT('',(38.3288303120671,-5.58365242270663,0.));
#17771=CARTESIAN_POINT('',(39.0788303120671,-6.88269052838329,3.));
#17772=CARTESIAN_POINT('Origin',(39.6711696879329,-4.80865242270663,3.));
#17773=CARTESIAN_POINT('',(39.1409558628882,-3.89029513885366,0.));
#17774=CARTESIAN_POINT('',(39.1409558628882,-3.89029513885366,3.));
#17775=CARTESIAN_POINT('',(40.4211696879329,-6.10769052838329,0.));
#17776=CARTESIAN_POINT('',(40.4211696879329,-6.10769052838329,3.));
#17777=CARTESIAN_POINT('',(39.6711696879329,-4.80865242270663,0.));
#17778=CARTESIAN_POINT('Origin',(39.75,-6.49519052838329,3.));
#17779=CARTESIAN_POINT('',(39.75,-6.49519052838329,0.));
#17780=CARTESIAN_POINT('Origin',(36.,0.,3.));
#17781=CARTESIAN_POINT('Origin',(36.,0.,0.));
#17782=CARTESIAN_POINT('Origin',(35.225,-6.,3.));
#17783=CARTESIAN_POINT('',(35.225,-4.93957234991047,0.));
#17784=CARTESIAN_POINT('',(35.225,-4.93957234991047,3.));
#17785=CARTESIAN_POINT('',(35.225,-7.5,0.));
#17786=CARTESIAN_POINT('',(35.225,-6.,0.));
#17787=CARTESIAN_POINT('',(35.225,-7.5,3.));
#17788=CARTESIAN_POINT('Origin',(36.775,-6.,3.));
#17789=CARTESIAN_POINT('',(36.775,-4.93957234991047,0.));
#17790=CARTESIAN_POINT('',(36.775,-4.93957234991047,3.));
#17791=CARTESIAN_POINT('',(36.775,-7.5,0.));
#17792=CARTESIAN_POINT('',(36.775,-7.5,3.));
#17793=CARTESIAN_POINT('',(36.775,-6.,0.));
#17794=CARTESIAN_POINT('Origin',(36.,-7.5,3.));
#17795=CARTESIAN_POINT('',(36.,-7.5,0.));
#17796=CARTESIAN_POINT('Origin',(36.,0.,3.));
#17797=CARTESIAN_POINT('Origin',(36.,0.,0.));
#17798=CARTESIAN_POINT('Origin',(32.3288303120671,-4.80865242270663,3.));
#17799=CARTESIAN_POINT('',(32.8590441371118,-3.89029513885366,0.));
#17800=CARTESIAN_POINT('',(32.8590441371118,-3.89029513885366,3.));
#17801=CARTESIAN_POINT('',(31.5788303120671,-6.10769052838329,0.));
#17802=CARTESIAN_POINT('',(32.3288303120671,-4.80865242270663,0.));
#17803=CARTESIAN_POINT('',(31.5788303120671,-6.10769052838329,3.));
#17804=CARTESIAN_POINT('Origin',(33.6711696879329,-5.58365242270663,3.));
#17805=CARTESIAN_POINT('',(34.2013835129777,-4.66529513885366,0.));
#17806=CARTESIAN_POINT('',(34.2013835129777,-4.66529513885366,3.));
#17807=CARTESIAN_POINT('',(32.9211696879329,-6.88269052838329,0.));
#17808=CARTESIAN_POINT('',(32.9211696879329,-6.88269052838329,3.));
#17809=CARTESIAN_POINT('',(33.6711696879329,-5.58365242270663,0.));
#17810=CARTESIAN_POINT('Origin',(32.25,-6.49519052838329,3.));
#17811=CARTESIAN_POINT('',(32.25,-6.49519052838329,0.));
#17812=CARTESIAN_POINT('Origin',(36.,0.,3.));
#17813=CARTESIAN_POINT('Origin',(36.,0.,0.));
#17814=CARTESIAN_POINT('Origin',(30.4163475772934,-2.32883031206706,3.));
#17815=CARTESIAN_POINT('',(31.3347048611463,-1.79861648702229,0.));
#17816=CARTESIAN_POINT('',(31.3347048611463,-1.79861648702229,3.));
#17817=CARTESIAN_POINT('',(29.1173094716167,-3.07883031206706,0.));
#17818=CARTESIAN_POINT('',(30.4163475772934,-2.32883031206706,0.));
#17819=CARTESIAN_POINT('',(29.1173094716167,-3.07883031206706,3.));
#17820=CARTESIAN_POINT('Origin',(31.1913475772934,-3.67116968793294,3.));
#17821=CARTESIAN_POINT('',(32.1097048611463,-3.14095586288817,0.));
#17822=CARTESIAN_POINT('',(32.1097048611463,-3.14095586288817,3.));
#17823=CARTESIAN_POINT('',(29.8923094716167,-4.42116968793294,0.));
#17824=CARTESIAN_POINT('',(29.8923094716167,-4.42116968793294,3.));
#17825=CARTESIAN_POINT('',(31.1913475772934,-3.67116968793294,0.));
#17826=CARTESIAN_POINT('Origin',(29.5048094716167,-3.75,3.));
#17827=CARTESIAN_POINT('',(29.5048094716167,-3.75,0.));
#17828=CARTESIAN_POINT('Origin',(36.,0.,3.));
#17829=CARTESIAN_POINT('Origin',(36.,0.,0.));
#17830=CARTESIAN_POINT('Origin',(30.,0.775000000000001,3.));
#17831=CARTESIAN_POINT('',(31.0604276500895,0.775000000000001,0.));
#17832=CARTESIAN_POINT('',(31.0604276500895,0.775000000000001,3.));
#17833=CARTESIAN_POINT('',(28.5,0.775000000000001,0.));
#17834=CARTESIAN_POINT('',(30.,0.775000000000001,0.));
#17835=CARTESIAN_POINT('',(28.5,0.775000000000001,3.));
#17836=CARTESIAN_POINT('Origin',(30.,-0.774999999999999,3.));
#17837=CARTESIAN_POINT('',(31.0604276500895,-0.774999999999999,0.));
#17838=CARTESIAN_POINT('',(31.0604276500895,-0.774999999999999,3.));
#17839=CARTESIAN_POINT('',(28.5,-0.774999999999999,0.));
#17840=CARTESIAN_POINT('',(28.5,-0.774999999999999,3.));
#17841=CARTESIAN_POINT('',(30.,-0.774999999999999,0.));
#17842=CARTESIAN_POINT('Origin',(28.5,9.18485099360515E-16,3.));
#17843=CARTESIAN_POINT('',(28.5,9.18485099360515E-16,0.));
#17844=CARTESIAN_POINT('Origin',(36.,0.,3.));
#17845=CARTESIAN_POINT('Origin',(36.,0.,0.));
#17846=CARTESIAN_POINT('Origin',(31.1913475772934,3.67116968793294,3.));
#17847=CARTESIAN_POINT('',(32.1097048611463,3.14095586288817,0.));
#17848=CARTESIAN_POINT('',(32.1097048611463,3.14095586288817,3.));
#17849=CARTESIAN_POINT('',(29.8923094716167,4.42116968793294,0.));
#17850=CARTESIAN_POINT('',(31.1913475772934,3.67116968793294,0.));
#17851=CARTESIAN_POINT('',(29.8923094716167,4.42116968793294,3.));
#17852=CARTESIAN_POINT('Origin',(30.4163475772934,2.32883031206706,3.));
#17853=CARTESIAN_POINT('',(31.3347048611463,1.79861648702229,0.));
#17854=CARTESIAN_POINT('',(31.3347048611463,1.79861648702229,3.));
#17855=CARTESIAN_POINT('',(29.1173094716167,3.07883031206706,0.));
#17856=CARTESIAN_POINT('',(29.1173094716167,3.07883031206706,3.));
#17857=CARTESIAN_POINT('',(30.4163475772934,2.32883031206706,0.));
#17858=CARTESIAN_POINT('Origin',(29.5048094716167,3.75,3.));
#17859=CARTESIAN_POINT('',(29.5048094716167,3.75,0.));
#17860=CARTESIAN_POINT('Origin',(36.,0.,3.));
#17861=CARTESIAN_POINT('Origin',(36.,0.,0.));
#17862=CARTESIAN_POINT('Origin',(33.6711696879329,5.58365242270663,3.));
#17863=CARTESIAN_POINT('',(34.2013835129777,4.66529513885366,0.));
#17864=CARTESIAN_POINT('',(34.2013835129777,4.66529513885366,3.));
#17865=CARTESIAN_POINT('',(32.9211696879329,6.88269052838329,0.));
#17866=CARTESIAN_POINT('',(33.6711696879329,5.58365242270663,0.));
#17867=CARTESIAN_POINT('',(32.9211696879329,6.88269052838329,3.));
#17868=CARTESIAN_POINT('Origin',(32.3288303120671,4.80865242270663,3.));
#17869=CARTESIAN_POINT('',(32.8590441371118,3.89029513885366,0.));
#17870=CARTESIAN_POINT('',(32.8590441371118,3.89029513885366,3.));
#17871=CARTESIAN_POINT('',(31.5788303120671,6.10769052838329,0.));
#17872=CARTESIAN_POINT('',(31.5788303120671,6.10769052838329,3.));
#17873=CARTESIAN_POINT('',(32.3288303120671,4.80865242270663,0.));
#17874=CARTESIAN_POINT('Origin',(32.25,6.49519052838329,3.));
#17875=CARTESIAN_POINT('',(32.25,6.49519052838329,0.));
#17876=CARTESIAN_POINT('Origin',(36.,0.,3.));
#17877=CARTESIAN_POINT('Origin',(36.,0.,0.));
#17878=CARTESIAN_POINT('Origin',(36.775,6.,3.));
#17879=CARTESIAN_POINT('',(36.775,4.93957234991047,0.));
#17880=CARTESIAN_POINT('',(36.775,4.93957234991047,3.));
#17881=CARTESIAN_POINT('',(36.775,7.5,0.));
#17882=CARTESIAN_POINT('',(36.775,6.,0.));
#17883=CARTESIAN_POINT('',(36.775,7.5,3.));
#17884=CARTESIAN_POINT('Origin',(35.225,6.,3.));
#17885=CARTESIAN_POINT('',(35.225,4.93957234991047,0.));
#17886=CARTESIAN_POINT('',(35.225,4.93957234991047,3.));
#17887=CARTESIAN_POINT('',(35.225,7.5,0.));
#17888=CARTESIAN_POINT('',(35.225,7.5,3.));
#17889=CARTESIAN_POINT('',(35.225,6.,0.));
#17890=CARTESIAN_POINT('Origin',(36.,7.5,3.));
#17891=CARTESIAN_POINT('',(36.,7.5,0.));
#17892=CARTESIAN_POINT('Origin',(36.,0.,3.));
#17893=CARTESIAN_POINT('Origin',(36.,0.,0.));
#17894=CARTESIAN_POINT('Origin',(39.6711696879329,4.80865242270663,3.));
#17895=CARTESIAN_POINT('',(39.1409558628882,3.89029513885366,0.));
#17896=CARTESIAN_POINT('',(39.1409558628882,3.89029513885366,3.));
#17897=CARTESIAN_POINT('',(40.4211696879329,6.10769052838329,0.));
#17898=CARTESIAN_POINT('',(39.6711696879329,4.80865242270663,0.));
#17899=CARTESIAN_POINT('',(40.4211696879329,6.10769052838329,3.));
#17900=CARTESIAN_POINT('Origin',(38.3288303120671,5.58365242270663,3.));
#17901=CARTESIAN_POINT('',(37.7986164870223,4.66529513885366,0.));
#17902=CARTESIAN_POINT('',(37.7986164870223,4.66529513885366,3.));
#17903=CARTESIAN_POINT('',(39.0788303120671,6.88269052838329,0.));
#17904=CARTESIAN_POINT('',(39.0788303120671,6.88269052838329,3.));
#17905=CARTESIAN_POINT('',(38.3288303120671,5.58365242270663,0.));
#17906=CARTESIAN_POINT('Origin',(39.75,6.49519052838329,3.));
#17907=CARTESIAN_POINT('',(39.75,6.49519052838329,0.));
#17908=CARTESIAN_POINT('Origin',(36.,0.,3.));
#17909=CARTESIAN_POINT('Origin',(36.,0.,0.));
#17910=CARTESIAN_POINT('Origin',(41.5836524227066,2.32883031206706,3.));
#17911=CARTESIAN_POINT('',(40.6652951388537,1.79861648702229,0.));
#17912=CARTESIAN_POINT('',(40.6652951388537,1.79861648702229,3.));
#17913=CARTESIAN_POINT('',(42.8826905283833,3.07883031206706,0.));
#17914=CARTESIAN_POINT('',(41.5836524227066,2.32883031206706,0.));
#17915=CARTESIAN_POINT('',(42.8826905283833,3.07883031206706,3.));
#17916=CARTESIAN_POINT('Origin',(40.8086524227066,3.67116968793294,3.));
#17917=CARTESIAN_POINT('',(39.8902951388537,3.14095586288817,0.));
#17918=CARTESIAN_POINT('',(39.8902951388537,3.14095586288817,3.));
#17919=CARTESIAN_POINT('',(42.1076905283833,4.42116968793294,0.));
#17920=CARTESIAN_POINT('',(42.1076905283833,4.42116968793294,3.));
#17921=CARTESIAN_POINT('',(40.8086524227066,3.67116968793294,0.));
#17922=CARTESIAN_POINT('Origin',(42.4951905283833,3.75,3.));
#17923=CARTESIAN_POINT('',(42.4951905283833,3.75,0.));
#17924=CARTESIAN_POINT('Origin',(36.,0.,3.));
#17925=CARTESIAN_POINT('Origin',(36.,0.,0.));
#17926=CARTESIAN_POINT('Origin',(42.,-0.775,3.));
#17927=CARTESIAN_POINT('',(43.5,-0.775,0.));
#17928=CARTESIAN_POINT('',(42.,-0.775,0.));
#17929=CARTESIAN_POINT('',(43.5,-0.775,3.));
#17930=CARTESIAN_POINT('Origin',(42.,0.775,3.));
#17931=CARTESIAN_POINT('',(40.9395723499105,0.775,0.));
#17932=CARTESIAN_POINT('',(40.9395723499105,0.775,3.));
#17933=CARTESIAN_POINT('',(43.5,0.775,0.));
#17934=CARTESIAN_POINT('',(43.5,0.775,3.));
#17935=CARTESIAN_POINT('',(42.,0.775,0.));
#17936=CARTESIAN_POINT('Origin',(43.5,0.,3.));
#17937=CARTESIAN_POINT('',(43.5,0.,0.));
#17938=CARTESIAN_POINT('Origin',(36.,0.,3.));
#17939=CARTESIAN_POINT('Origin',(36.,0.,0.));
#17940=CARTESIAN_POINT('Origin',(36.,0.,0.));
#17941=CARTESIAN_POINT('',(0.,0.,0.));
#17942=CARTESIAN_POINT('',(0.,0.,128.));
#17943=CARTESIAN_POINT('',(0.,0.,140.));
#17944=CARTESIAN_POINT('',(0.,0.,140.));
#17945=CARTESIAN_POINT('',(0.,0.,140.));
#17946=CARTESIAN_POINT('',(0.,0.,140.));
#17947=CARTESIAN_POINT('',(86.,0.,172.));
#17948=CARTESIAN_POINT('',(0.,86.,172.));
#17949=CARTESIAN_POINT('',(-86.,1.05319624726672E-14,172.));
#17950=CARTESIAN_POINT('',(-1.77635683940025E-14,-86.,172.));
#17951=CARTESIAN_POINT('',(0.,0.,0.));
#17952=CARTESIAN_POINT('',(-150.,-150.,0.));
#17953=CARTESIAN_POINT('',(150.,-150.,0.));
#17954=UNCERTAINTY_MEASURE_WITH_UNIT(LENGTH_MEASURE(0.01),#17972,
'DISTANCE_ACCURACY_VALUE',
'Maximum model space distance between geometric entities at asserted c
onnectivities');
#17955=UNCERTAINTY_MEASURE_WITH_UNIT(LENGTH_MEASURE(0.01),#17972,
'DISTANCE_ACCURACY_VALUE',
'Maximum model space distance between geometric entities at asserted c
onnectivities');
#17956=UNCERTAINTY_MEASURE_WITH_UNIT(LENGTH_MEASURE(0.01),#17972,
'DISTANCE_ACCURACY_VALUE',
'Maximum model space distance between geometric entities at asserted c
onnectivities');
#17957=UNCERTAINTY_MEASURE_WITH_UNIT(LENGTH_MEASURE(0.01),#17972,
'DISTANCE_ACCURACY_VALUE',
'Maximum model space distance between geometric entities at asserted c
onnectivities');
#17958=UNCERTAINTY_MEASURE_WITH_UNIT(LENGTH_MEASURE(0.01),#17972,
'DISTANCE_ACCURACY_VALUE',
'Maximum model space distance between geometric entities at asserted c
onnectivities');
#17959=UNCERTAINTY_MEASURE_WITH_UNIT(LENGTH_MEASURE(0.01),#17972,
'DISTANCE_ACCURACY_VALUE',
'Maximum model space distance between geometric entities at asserted c
onnectivities');
#17960=UNCERTAINTY_MEASURE_WITH_UNIT(LENGTH_MEASURE(0.01),#17972,
'DISTANCE_ACCURACY_VALUE',
'Maximum model space distance between geometric entities at asserted c
onnectivities');
#17961=UNCERTAINTY_MEASURE_WITH_UNIT(LENGTH_MEASURE(0.01),#17972,
'DISTANCE_ACCURACY_VALUE',
'Maximum model space distance between geometric entities at asserted c
onnectivities');
#17962=UNCERTAINTY_MEASURE_WITH_UNIT(LENGTH_MEASURE(0.01),#17972,
'DISTANCE_ACCURACY_VALUE',
'Maximum model space distance between geometric entities at asserted c
onnectivities');
#17963=(
GEOMETRIC_REPRESENTATION_CONTEXT(3)
GLOBAL_UNCERTAINTY_ASSIGNED_CONTEXT((#17954))
GLOBAL_UNIT_ASSIGNED_CONTEXT((#17972,#17974,#17975))
REPRESENTATION_CONTEXT('','3D')
);
#17964=(
GEOMETRIC_REPRESENTATION_CONTEXT(3)
GLOBAL_UNCERTAINTY_ASSIGNED_CONTEXT((#17955))
GLOBAL_UNIT_ASSIGNED_CONTEXT((#17972,#17974,#17975))
REPRESENTATION_CONTEXT('','3D')
);
#17965=(
GEOMETRIC_REPRESENTATION_CONTEXT(3)
GLOBAL_UNCERTAINTY_ASSIGNED_CONTEXT((#17956))
GLOBAL_UNIT_ASSIGNED_CONTEXT((#17972,#17974,#17975))
REPRESENTATION_CONTEXT('','3D')
);
#17966=(
GEOMETRIC_REPRESENTATION_CONTEXT(3)
GLOBAL_UNCERTAINTY_ASSIGNED_CONTEXT((#17957))
GLOBAL_UNIT_ASSIGNED_CONTEXT((#17972,#17974,#17975))
REPRESENTATION_CONTEXT('','3D')
);
#17967=(
GEOMETRIC_REPRESENTATION_CONTEXT(3)
GLOBAL_UNCERTAINTY_ASSIGNED_CONTEXT((#17958))
GLOBAL_UNIT_ASSIGNED_CONTEXT((#17972,#17974,#17975))
REPRESENTATION_CONTEXT('','3D')
);
#17968=(
GEOMETRIC_REPRESENTATION_CONTEXT(3)
GLOBAL_UNCERTAINTY_ASSIGNED_CONTEXT((#17959))
GLOBAL_UNIT_ASSIGNED_CONTEXT((#17972,#17974,#17975))
REPRESENTATION_CONTEXT('','3D')
);
#17969=(
GEOMETRIC_REPRESENTATION_CONTEXT(3)
GLOBAL_UNCERTAINTY_ASSIGNED_CONTEXT((#17960))
GLOBAL_UNIT_ASSIGNED_CONTEXT((#17972,#17974,#17975))
REPRESENTATION_CONTEXT('','3D')
);
#17970=(
GEOMETRIC_REPRESENTATION_CONTEXT(3)
GLOBAL_UNCERTAINTY_ASSIGNED_CONTEXT((#17961))
GLOBAL_UNIT_ASSIGNED_CONTEXT((#17972,#17974,#17975))
REPRESENTATION_CONTEXT('','3D')
);
#17971=(
GEOMETRIC_REPRESENTATION_CONTEXT(3)
GLOBAL_UNCERTAINTY_ASSIGNED_CONTEXT((#17962))
GLOBAL_UNIT_ASSIGNED_CONTEXT((#17972,#17974,#17975))
REPRESENTATION_CONTEXT('','3D')
);
#17972=(
LENGTH_UNIT()
NAMED_UNIT(*)
SI_UNIT(.MILLI.,.METRE.)
);
#17973=(
LENGTH_UNIT()
NAMED_UNIT(*)
SI_UNIT($,.METRE.)
);
#17974=(
NAMED_UNIT(*)
PLANE_ANGLE_UNIT()
SI_UNIT($,.RADIAN.)
);
#17975=(
NAMED_UNIT(*)
SI_UNIT($,.STERADIAN.)
SOLID_ANGLE_UNIT()
);
#17976=SHAPE_DEFINITION_REPRESENTATION(#17984,#18005);
#17977=SHAPE_DEFINITION_REPRESENTATION(#17985,#18006);
#17978=SHAPE_DEFINITION_REPRESENTATION(#17986,#18007);
#17979=SHAPE_DEFINITION_REPRESENTATION(#17987,#18008);
#17980=SHAPE_DEFINITION_REPRESENTATION(#17988,#18009);
#17981=SHAPE_DEFINITION_REPRESENTATION(#17989,#18010);
#17982=SHAPE_DEFINITION_REPRESENTATION(#17990,#18011);
#17983=SHAPE_DEFINITION_REPRESENTATION(#17991,#18012);
#17984=PRODUCT_DEFINITION_SHAPE('',$,#18014);
#17985=PRODUCT_DEFINITION_SHAPE('',$,#18015);
#17986=PRODUCT_DEFINITION_SHAPE('',$,#18016);
#17987=PRODUCT_DEFINITION_SHAPE('',$,#18017);
#17988=PRODUCT_DEFINITION_SHAPE('',$,#18018);
#17989=PRODUCT_DEFINITION_SHAPE('',$,#18019);
#17990=PRODUCT_DEFINITION_SHAPE('',$,#18020);
#17991=PRODUCT_DEFINITION_SHAPE('',$,#18021);
#17992=PRODUCT_DEFINITION_SHAPE($,$,#50);
#17993=PRODUCT_DEFINITION_SHAPE($,$,#51);
#17994=PRODUCT_DEFINITION_SHAPE($,$,#52);
#17995=PRODUCT_DEFINITION_SHAPE($,$,#53);
#17996=PRODUCT_DEFINITION_SHAPE($,$,#54);
#17997=PRODUCT_DEFINITION_SHAPE($,$,#55);
#17998=PRODUCT_DEFINITION_SHAPE($,$,#56);
#17999=PRODUCT_DEFINITION_SHAPE($,$,#57);
#18000=PRODUCT_DEFINITION_SHAPE($,$,#58);
#18001=PRODUCT_DEFINITION_SHAPE($,$,#59);
#18002=PRODUCT_DEFINITION_SHAPE($,$,#60);
#18003=PRODUCT_DEFINITION_SHAPE($,$,#61);
#18004=PRODUCT_DEFINITION_SHAPE($,$,#62);
#18005=SHAPE_REPRESENTATION('',(#10732,#11636,#11637,#11638,#11639,#11640,
#11641,#11642,#11643,#11644,#11645,#11646,#11647,#11648),#17963);
#18006=SHAPE_REPRESENTATION('',(#10733),#17964);
#18007=SHAPE_REPRESENTATION('',(#10919),#17965);
#18008=SHAPE_REPRESENTATION('',(#10992),#17966);
#18009=SHAPE_REPRESENTATION('',(#11027),#17967);
#18010=SHAPE_REPRESENTATION('',(#11059),#17968);
#18011=SHAPE_REPRESENTATION('',(#11101),#17969);
#18012=SHAPE_REPRESENTATION('',(#11151),#17970);
#18013=PRODUCT_DEFINITION_CONTEXT('part definition',#18039,'design');
#18014=PRODUCT_DEFINITION('2026-08-08-02-44-11-361','(Unsaved)',#18022,
#18013);
#18015=PRODUCT_DEFINITION('2026-08-08-02-44-11-649','01_CHASSIS',#18023,
#18013);
#18016=PRODUCT_DEFINITION('2026-08-08-02-44-11-710','02_ROTOR_HUB',#18024,
#18013);
#18017=PRODUCT_DEFINITION('2026-08-08-02-44-11-744',
'03_ROTOR_ARM_MASTER_x4',#18025,#18013);
#18018=PRODUCT_DEFINITION('2026-08-08-02-44-11-782',
'04_SWING_BUCKET_MASTER_x4',#18026,#18013);
#18019=PRODUCT_DEFINITION('2026-08-08-02-44-11-817',
'05_REFERENCE_HARDWARE_NOT_PRINTED',#18027,#18013);
#18020=PRODUCT_DEFINITION('2026-08-08-02-44-11-961',
'06A_DIRECT_DRIVE_OPTION',#18028,#18013);
#18021=PRODUCT_DEFINITION('2026-08-08-02-44-12-014',
'06B_5TO1_GEAR_OPTION',#18029,#18013);
#18022=PRODUCT_DEFINITION_FORMATION('',$,#18041);
#18023=PRODUCT_DEFINITION_FORMATION('',$,#18042);
#18024=PRODUCT_DEFINITION_FORMATION('',$,#18043);
#18025=PRODUCT_DEFINITION_FORMATION('',$,#18044);
#18026=PRODUCT_DEFINITION_FORMATION('',$,#18045);
#18027=PRODUCT_DEFINITION_FORMATION('',$,#18046);
#18028=PRODUCT_DEFINITION_FORMATION('',$,#18047);
#18029=PRODUCT_DEFINITION_FORMATION('',$,#18048);
#18030=PRODUCT_RELATED_PRODUCT_CATEGORY('(Unsaved)','(Unsaved)',(#18041));
#18031=PRODUCT_RELATED_PRODUCT_CATEGORY('01_CHASSIS','01_CHASSIS',(#18042));
#18032=PRODUCT_RELATED_PRODUCT_CATEGORY('02_ROTOR_HUB','02_ROTOR_HUB',(#18043));
#18033=PRODUCT_RELATED_PRODUCT_CATEGORY('03_ROTOR_ARM_MASTER_x4',
'03_ROTOR_ARM_MASTER_x4',(#18044));
#18034=PRODUCT_RELATED_PRODUCT_CATEGORY('04_SWING_BUCKET_MASTER_x4',
'04_SWING_BUCKET_MASTER_x4',(#18045));
#18035=PRODUCT_RELATED_PRODUCT_CATEGORY(
'05_REFERENCE_HARDWARE_NOT_PRINTED','05_REFERENCE_HARDWARE_NOT_PRINTED',
(#18046));
#18036=PRODUCT_RELATED_PRODUCT_CATEGORY('06A_DIRECT_DRIVE_OPTION',
'06A_DIRECT_DRIVE_OPTION',(#18047));
#18037=PRODUCT_RELATED_PRODUCT_CATEGORY('06B_5TO1_GEAR_OPTION',
'06B_5TO1_GEAR_OPTION',(#18048));
#18038=APPLICATION_PROTOCOL_DEFINITION('international standard',
'automotive_design',2009,#18039);
#18039=APPLICATION_CONTEXT(
'Core Data for Automotive Mechanical Design Process');
#18040=PRODUCT_CONTEXT('part definition',#18039,'mechanical');
#18041=PRODUCT('2026-08-08-02-44-11-361','(Unsaved)',$,(#18040));
#18042=PRODUCT('2026-08-08-02-44-11-649','01_CHASSIS',$,(#18040));
#18043=PRODUCT('2026-08-08-02-44-11-710','02_ROTOR_HUB',$,(#18040));
#18044=PRODUCT('2026-08-08-02-44-11-744','03_ROTOR_ARM_MASTER_x4',$,(#18040));
#18045=PRODUCT('2026-08-08-02-44-11-782','04_SWING_BUCKET_MASTER_x4',$,
(#18040));
#18046=PRODUCT('2026-08-08-02-44-11-817',
'05_REFERENCE_HARDWARE_NOT_PRINTED',$,(#18040));
#18047=PRODUCT('2026-08-08-02-44-11-961','06A_DIRECT_DRIVE_OPTION',$,(#18040));
#18048=PRODUCT('2026-08-08-02-44-12-014','06B_5TO1_GEAR_OPTION',$,(#18040));
#18049=PRESENTATION_STYLE_ASSIGNMENT((#18050));
#18050=SURFACE_STYLE_USAGE(.BOTH.,#18051);
#18051=SURFACE_SIDE_STYLE('',(#18052));
#18052=SURFACE_STYLE_FILL_AREA(#18053);
#18053=FILL_AREA_STYLE('Steel - Satin',(#18054));
#18054=FILL_AREA_STYLE_COLOUR('Steel - Satin',#18055);
#18055=COLOUR_RGB('Steel - Satin',0.627450980392157,0.627450980392157,0.627450980392157);
ENDSEC;
END-ISO-10303-21;
